ident,name,type,municipality,iso_country,country_name,iata_code,gps_code,latitude_deg,longitude_deg,scheduled_service
5A8,Aleknagik / New Airport,medium_airport,Aleknagik,US,United States,WKK,5A8,59.2826004028,-158.617996216,yes
AG-0001,Burton-Nibbs International Airport,medium_airport,Codrington,AG,Antigua and Barbuda,BBQ,TAPB,17.621194,-61.798347,yes
AGGH,Honiara International Airport,large_airport,Honiara,SB,Solomon Islands,HIR,AGGH,-9.428,160.054993,yes
AGGM,Munda Airport,medium_airport,Munda,SB,Solomon Islands,MUA,AGGM,-8.32797,157.263,yes
ANYN,Nauru International Airport,medium_airport,Yaren,NR,Nauru,INU,ANYN,-0.547893,166.919525,yes
AU-0539,Western Sydney International (Nancy-Bird Walton) Airport,large_airport,Sydney,AU,Australia,WSI,YSWS,-33.883461,150.712981,no
AXF,Alxa Left Banner Bayanhot Airport,medium_airport,Bayanhot,CN,China,AXF,ZBAL,38.748317,105.58416,yes
AYBA,Baimuru Airport,medium_airport,Baimuru,PG,Papua New Guinea,VMU,AYBA,-7.496955,144.821756,yes
AYBK,Buka Airport,medium_airport,Buka Island,PG,Papua New Guinea,BUA,AYBK,-5.422299,154.672698,yes
AYBM,Balimo Airport,medium_airport,Balimo,PG,Papua New Guinea,OPU,AYBM,-8.05000019073,142.932998657,yes
AYCH,Chimbu Airport,medium_airport,Kundiawa,PG,Papua New Guinea,CMU,AYCH,-6.024290084838867,144.9709930419922,yes
AYDU,Daru Airport,medium_airport,Daru,PG,Papua New Guinea,DAU,AYDU,-9.08676,143.207993,yes
AYGA,Goroka Airport,medium_airport,Goronka,PG,Papua New Guinea,GKA,AYGA,-6.081689834590001,145.391998291,yes
AYGN,Gurney Airport,medium_airport,Gurney,PG,Papua New Guinea,GUR,AYGN,-10.3114995956,150.333999634,yes
AYGR,Girua Airport,medium_airport,Popondetta,PG,Papua New Guinea,PNP,AYGR,-8.80453968048,148.309005737,yes
AYHK,Hoskins Airport,medium_airport,Kimbe,PG,Papua New Guinea,HKN,AYHK,-5.463846,150.407327,yes
AYKM,Kerema Airport,medium_airport,Kerema,PG,Papua New Guinea,KMA,AYKM,-7.96361017227,145.770996094,yes
AYKV,Kavieng Airport,medium_airport,Kavieng,PG,Papua New Guinea,KVG,AYKV,-2.57940006256,150.807998657,yes
AYMD,Madang Airport,medium_airport,Madang,PG,Papua New Guinea,MAG,AYMD,-5.20707988739,145.789001465,yes
AYMH,Mount Hagen Kagamuga Airport,medium_airport,Mount Hagen,PG,Papua New Guinea,HGU,AYMH,-5.828212,144.299412,yes
AYMN,Mendi Airport,medium_airport,Mendi,PG,Papua New Guinea,MDU,AYMN,-6.14774,143.656998,yes
AYMO,Momote Airport,medium_airport,Manus Island,PG,Papua New Guinea,MAS,AYMO,-2.06189,147.423996,yes
AYNZ,Nadzab Tomodachi International Airport,large_airport,Lae,PG,Papua New Guinea,LAE,AYNZ,-6.567995,146.726544,yes
AYPY,Port Moresby Jacksons International Airport,large_airport,Port Moresby,PG,Papua New Guinea,POM,AYPY,-9.443380355834961,147.22000122070312,yes
AYTK,Tokua Airport,medium_airport,Kokopo,PG,Papua New Guinea,RAB,AYTK,-4.34046,152.380005,yes
AYVN,Vanimo Airport,medium_airport,Vanimo,PG,Papua New Guinea,VAI,AYVN,-2.6926,141.3028,yes
AYWD,Wapenamanda Airport,medium_airport,Wapenamanda,PG,Papua New Guinea,WBM,AYWD,-5.635293,143.892231,yes
AYWK,Wewak International Airport,medium_airport,Wewak,PG,Papua New Guinea,WWK,AYWK,-3.58383011818,143.669006348,yes
BGAA,Aasiaat Airport,medium_airport,Aasiaat,GL,Greenland,JEG,BGAA,68.721802,-52.784698,yes
BGCO,Neerlerit Inaat Airport,medium_airport,Neerlerit Inaat,GL,Greenland,CNP,BGCO,70.743103,-22.650499,yes
BGGH,Nuuk International Airport,large_airport,Nuuk,GL,Greenland,GOH,BGGH,64.191066,-51.67914,yes
BGJN,Ilulissat Airport,medium_airport,Ilulissat,GL,Greenland,JAV,BGJN,69.243202,-51.057098,yes
BGKK,Kulusuk Airport,medium_airport,Kulusuk,GL,Greenland,KUS,BGKK,65.573601,-37.1236,yes
BGQQ,Qaanaaq Airport,medium_airport,Qaanaaq,GL,Greenland,NAQ,BGQQ,77.488602,-69.388702,yes
BGSF,Kangerlussuaq International Airport,medium_airport,Kangerlussuaq,GL,Greenland,SFJ,BGSF,67.010446,-50.715294,yes
BGSS,Sisimiut Airport,medium_airport,Sisimiut,GL,Greenland,JHS,BGSS,66.951302,-53.729301,yes
BGTL,Pituffik Space Base,medium_airport,Pituffik,GL,Greenland,THU,BGTL,76.53063,-68.700541,yes
BIAR,Akureyri International Airport,large_airport,Akureyri,IS,Iceland,AEY,BIAR,65.656573,-18.072018,yes
BIEG,Egilsstaðir Airport,medium_airport,Egilsstaðir,IS,Iceland,EGS,BIEG,65.2833023071289,-14.401399612426758,yes
BIGR,Grímsey Airport,medium_airport,Grímsey/Sandvík,IS,Iceland,GRY,BIGR,66.5458,-18.0173,yes
BIHN,Hornafjörður Airport,medium_airport,Höfn,IS,Iceland,HFN,BIHN,64.295601,-15.2272,yes
BIIS,Ísafjörður Airport,medium_airport,Ísafjörður,IS,Iceland,IFJ,BIIS,66.058098,-23.1353,yes
BIKF,Keflavik International Airport,large_airport,Reykjavík,IS,Iceland,KEF,BIKF,63.985001,-22.6056,yes
BIRK,Reykjavík Domestic Airport,medium_airport,Reykjavík,IS,Iceland,RKV,BIRK,64.128732,-21.93759,yes
BIVO,Vopnafjörður Airport,medium_airport,Vopnafjörður,IS,Iceland,VPN,BIVO,65.720596,-14.8506,yes
BKPR,Priština Adem Jashari International Airport,large_airport,Prishtina,XK,Kosovo,PRN,BKPR,42.5728,21.035801,yes
BR-0569,Glauber de Andrade Rocha Airport,medium_airport,Vitória da Conquista,BR,Brazil,VDC,SBVC,-14.907885,-40.914804,yes
BZ-CUK,Caye Caulker Airport,medium_airport,Caye Caulker,BZ,Belize,CUK,MZCK,17.735015,-88.032862,yes
BZ-CYC,Caye Chapel Airport,medium_airport,Caye Chapel,BZ,Belize,CYC,MZCP,17.683792,-88.044985,yes
BZ-CZH,Corozal Airport,medium_airport,Corozal,BZ,Belize,CZH,MZCZ,18.3822,-88.411903,yes
BZ-DGA,Dangriga Airport,medium_airport,Dangriga,BZ,Belize,DGA,MZPB,16.98251,-88.230988,yes
BZ-SPR,John Greif II Airport,medium_airport,San Pedro,BZ,Belize,SPR,MZSP,17.9139,-87.9711,yes
BZ-TZA,Sir Barry Bowen Municipal Airport,medium_airport,Belize City,BZ,Belize,TZA,MZBE,17.517239,-88.195775,yes
CAJ4,Anahim Lake Airport,medium_airport,Anahim Lake,CA,Canada,YAA,CAJ4,52.451501,-125.303776,yes
CAT4,Qualicum Beach Airport,medium_airport,Qualicum Beach,CA,Canada,XQU,CAT4,49.337456,-124.393086,yes
CBBC,Bella Bella (Campbell Island) Airport,medium_airport,Bella Bella,CA,Canada,ZEL,CBBC,52.185001,-128.156994,yes
CN-0062,Bazhong Enyang Airport,medium_airport,Bazhong,CN,China,BZX,ZUBZ,31.73842,106.644872,yes
CN-0079,Shaoguan Danxia Airport,medium_airport,Shaoguan,CN,China,HSC,ZGSG,24.9786,113.420998,yes
CN-0081,Jinggangshan Airport,medium_airport,Ji'an,CN,China,JGS,ZSGS,26.856899,114.737,yes
CN-0154,Jiaxing Nanhu Airport,medium_airport,"Xiuzhou, Hangzhou",CN,China,JNH,ZSJX,30.698056,120.663056,yes
CN-0236,Shigatse Tingri Airport,medium_airport,Xigazê (Dingri),CN,China,DDR,ZUDR,28.604567,86.798,yes
CN-0237,Tashikuergan Hongqilafu Airport,medium_airport,Tashikuergan,CN,China,HQL,ZWTK,37.661333,75.288877,yes
CN-0249,Leshan Airport,medium_airport,Leshan (Wutongqiao),CN,China,LSG,,29.438627,103.749218,yes
CN-0421,Zhaotong Zhaoyang Airport,medium_airport,Zhaotong,CN,China,ZAT,,27.205843,103.691511,yes
CN-0476,Bengbu Tenghu Airport,medium_airport,Bengbu,CN,China,BFY,ZSBA,33.166292,117.058344,yes
CYAG,Fort Frances Municipal Airport,medium_airport,Fort Frances,CA,Canada,YAG,CYAG,48.655749,-93.44349,yes
CYAM,Sault Ste Marie Airport,medium_airport,Sault Ste Marie,CA,Canada,YAM,CYAM,46.483216,-84.508467,yes
CYAQ,Kasabonika Airport,medium_airport,Kasabonika,CA,Canada,XKS,CYAQ,53.52470016479492,-88.6427993774414,yes
CYAY,St. Anthony Airport,medium_airport,St. Anthony,CA,Canada,YAY,CYAY,51.391909,-56.08321,yes
CYAZ,Tofino / Long Beach Airport,medium_airport,Tofino,CA,Canada,YAZ,CYAZ,49.079833,-125.775583,yes
CYBC,Baie-Comeau Airport,medium_airport,Baie-Comeau,CA,Canada,YBC,CYBC,49.1325,-68.204399,yes
CYBD,Bella Coola Airport,medium_airport,Bella Coola,CA,Canada,QBC,CYBD,52.387501,-126.596001,yes
CYBF,Bonnyville Airport,medium_airport,Bonnyville,CA,Canada,YBY,CYBF,54.304199,-110.744003,yes
CYBG,Saguenay-Bagotville Airport,medium_airport,Saguenay,CA,Canada,YBG,CYBG,48.330123,-70.992012,yes
CYBK,Baker Lake Airport,medium_airport,Baker Lake,CA,Canada,YBK,CYBK,64.29889678960001,-96.077796936,yes
CYBL,Campbell River Airport,medium_airport,Campbell River,CA,Canada,YBL,CYBL,49.950802,-125.271004,yes
CYBR,Brandon Municipal Airport,medium_airport,Brandon,CA,Canada,YBR,CYBR,49.91,-99.951897,yes
CYBX,Lourdes-de-Blanc-Sablon Airport,medium_airport,Blanc-Sablon,CA,Canada,YBX,CYBX,51.4436,-57.185299,yes
CYCB,Cambridge Bay Airport,medium_airport,Cambridge Bay,CA,Canada,YCB,CYCB,69.1081008911,-105.138000488,yes
CYCD,Nanaimo Airport,medium_airport,Nanaimo,CA,Canada,YCD,CYCD,49.05497,-123.869863,yes
CYCG,Castlegar/West Kootenay Regional Airport,medium_airport,Castlegar,CA,Canada,YCG,CYCG,49.296398,-117.632004,yes
CYCL,Charlo Airport,medium_airport,Charlo,CA,Canada,YCL,CYCL,47.990799,-66.330299,yes
CYDA,Dawson City Airport,medium_airport,Dawson City,CA,Canada,YDA,CYDA,64.04309844970703,-139.1280059814453,yes
CYDF,Deer Lake Airport,medium_airport,Deer Lake,CA,Canada,YDF,CYDF,49.208159,-57.396147,yes
CYDN,Dauphin Barker Airport,medium_airport,Dauphin,CA,Canada,YDN,CYDN,51.1008,-100.052002,yes
CYEG,Edmonton International Airport,large_airport,Edmonton,CA,Canada,YEG,CYEG,53.3097,-113.580002,yes
CYEV,Inuvik Mike Zubko Airport,medium_airport,Inuvik,CA,Canada,YEV,CYEV,68.30419921880001,-133.483001709,yes
CYFB,Iqaluit Airport,medium_airport,Iqaluit,CA,Canada,YFB,CYFB,63.756402,-68.555801,yes
CYFC,Fredericton International Airport,medium_airport,Fredericton,CA,Canada,YFC,CYFC,45.868697,-66.529891,yes
CYFS,Fort Simpson Airport,medium_airport,Fort Simpson,CA,Canada,YFS,CYFS,61.76020050048828,-121.23699951171875,yes
CYGL,La Grande Rivière Airport,medium_airport,La Grande Rivière,CA,Canada,YGL,CYGL,53.625301361083984,-77.7042007446289,yes
CYGP,Michel-Pouliot Gaspé Airport,medium_airport,Gaspé,CA,Canada,YGP,CYGP,48.774915,-64.481893,yes
CYGR,Îles-de-la-Madeleine Airport,medium_airport,Les Îles-de-la-Madeleine,CA,Canada,YGR,CYGR,47.425242,-61.778612,yes
CYGV,Havre-Saint-Pierre Airport,medium_airport,Havre-Saint-Pierre,CA,Canada,YGV,CYGV,50.281898,-63.611401,yes
CYGW,Kuujjuarapik Airport,medium_airport,Kuujjuarapik,CA,Canada,YGW,CYGW,55.281898498535156,-77.76529693603516,yes
CYHM,John C. Munro Hamilton International Airport,medium_airport,Hamilton,CA,Canada,YHM,CYHM,43.17348,-79.931185,yes
CYHU,Montréal / Saint-Hubert Metropolitan Airport,medium_airport,Montréal,CA,Canada,YHU,CYHU,45.517502,-73.416901,yes
CYHY,Hay River / Merlyn Carter Airport,medium_airport,Hay River,CA,Canada,YHY,CYHY,60.8396987915,-115.782997131,yes
CYHZ,Halifax / Stanfield International Airport,large_airport,Halifax,CA,Canada,YHZ,CYHZ,44.8807983398,-63.5085983276,yes
CYIF,St Augustin Airport,medium_airport,St-Augustin,CA,Canada,YIF,CYIF,51.2117,-58.658298,yes
CYIV,Island Lake Airport,medium_airport,Island Lake,CA,Canada,YIV,CYIV,53.857200622558594,-94.65360260009766,yes
CYJT,Stephenville Dymond International Airport,medium_airport,Stephenville,CA,Canada,YJT,CYJT,48.54339,-58.552892,yes
CYKA,Kamloops John Moose Fulton Field Regional Airport,medium_airport,Kamloops,CA,Canada,YKA,CYKA,50.703038,-120.448641,yes
CYKF,Region of Waterloo International Airport,medium_airport,Breslau,CA,Canada,YKF,CYKF,43.4608,-80.378601,yes
CYKL,Schefferville Airport,medium_airport,Schefferville,CA,Canada,YKL,CYKL,54.805301666259766,-66.8052978515625,yes
CYLL,Lloydminster Airport,medium_airport,Lloydminster,CA,Canada,YLL,CYLL,53.3092,-110.072998,yes
CYLS,Barrie-Lake Simcoe Regional Airport,medium_airport,Barrie,CA,Canada,YLK,CYLS,44.485056,-79.554663,yes
CYLW,Kelowna International Airport,large_airport,Kelowna,CA,Canada,YLW,CYLW,49.9561,-119.377998,yes
CYMM,Fort McMurray International Airport,medium_airport,Fort McMurray,CA,Canada,YMM,CYMM,56.653301,-111.222,yes
CYMO,Moosonee Airport,medium_airport,Moosonee,CA,Canada,YMO,CYMO,51.291099548339844,-80.60780334472656,yes
CYMT,Chapais Airport,medium_airport,Chibougamau,CA,Canada,YMT,CYMT,49.77190017700195,-74.5280990600586,yes
CYMX,Montreal Mirabel International Airport,medium_airport,Montréal,CA,Canada,YMX,CYMX,45.679501,-74.038696,yes
CYNA,Natashquan Airport,medium_airport,Natashquan,CA,Canada,YNA,CYNA,50.190114,-61.78898,yes
CYND,Ottawa / Gatineau Airport,medium_airport,Gatineau,CA,Canada,YND,CYND,45.521702,-75.563599,yes
CYNL,Points North Landing Airport,medium_airport,Points North Landing,CA,Canada,YNL,CYNL,58.27669906616211,-104.08200073242188,yes
CYOJ,High Level Airport,medium_airport,High Level,CA,Canada,YOJ,CYOJ,58.62139892578125,-117.16500091552734,yes
CYOW,Ottawa Macdonald-Cartier International Airport,large_airport,Ottawa,CA,Canada,YOW,CYOW,45.322498,-75.669197,yes
CYPA,Prince Albert Glass Field,medium_airport,Prince Albert,CA,Canada,YPA,CYPA,53.214199066199996,-105.672996521,yes
CYPE,Peace River Airport,medium_airport,Peace River,CA,Canada,YPE,CYPE,56.226898,-117.446999,yes
CYPL,Pickle Lake Airport,medium_airport,Pickle Lake,CA,Canada,YPL,CYPL,51.4463996887207,-90.21420288085938,yes
CYPN,Port-Menier Airport,medium_airport,Port-Menier,CA,Canada,YPN,CYPN,49.836399,-64.288597,yes
CYPQ,Peterborough Regional Airport,medium_airport,Peterborough,CA,Canada,YPQ,CYPQ,44.232251,-78.362053,yes
CYPR,Prince Rupert Airport,medium_airport,Prince Rupert,CA,Canada,YPR,CYPR,54.286098480199996,-130.445007324,yes
CYPW,Powell River Airport,medium_airport,Powell River,CA,Canada,YPW,CYPW,49.83420181274414,-124.5,yes
CYPX,Puvirnituq Airport,medium_airport,Puvirnituq,CA,Canada,YPX,CYPX,60.050598,-77.286903,yes
CYPY,Fort Chipewyan Airport,medium_airport,Fort Chipewyan,CA,Canada,YPY,CYPY,58.7672004699707,-111.11699676513672,yes
CYPZ,Burns Lake Airport,medium_airport,Burns Lake,CA,Canada,YPZ,CYPZ,54.3764,-125.950996,yes
CYQA,Muskoka Airport,medium_airport,Gravenhurst,CA,Canada,YQA,CYQA,44.975376,-79.306546,yes
CYQB,Quebec Jean Lesage International Airport,large_airport,Quebec,CA,Canada,YQB,CYQB,46.7911,-71.393303,yes
CYQD,The Pas Airport,medium_airport,The Pas,CA,Canada,YQD,CYQD,53.97140121459961,-101.09100341796875,yes
CYQG,Windsor International Airport,medium_airport,Windsor,CA,Canada,YQG,CYQG,42.2756,-82.955597,yes
CYQH,Watson Lake Airport,medium_airport,Watson Lake,CA,Canada,YQH,CYQH,60.116839,-128.821993,yes
CYQK,Kenora Airport,medium_airport,Kenora,CA,Canada,YQK,CYQK,49.788299560546875,-94.36309814453125,yes
CYQL,Lethbridge County Airport,medium_airport,Lethbridge,CA,Canada,YQL,CYQL,49.6302986145,-112.800003052,yes
CYQM,Greater Moncton Roméo LeBlanc International Airport,medium_airport,Moncton,CA,Canada,YQM,CYQM,46.113189,-64.67719,yes
CYQN,Nakina Airport,medium_airport,Nakina,CA,Canada,YQN,CYQN,50.18280029296875,-86.69640350341797,yes
CYQQ,Comox Valley International Airport / CFB Comox,medium_airport,Comox,CA,Canada,YQQ,CYQQ,49.7108,-124.887001,yes
CYQR,Regina International Airport,medium_airport,Regina,CA,Canada,YQR,CYQR,50.431938,-104.660906,yes
CYQT,Thunder Bay International Airport,medium_airport,Thunder Bay,CA,Canada,YQT,CYQT,48.371899,-89.323898,yes
CYQU,Grande Prairie Airport,medium_airport,Grande Prairie,CA,Canada,YQU,CYQU,55.1796989441,-118.885002136,yes
CYQX,Gander International Airport,medium_airport,Gander,CA,Canada,YQX,CYQX,48.936258,-54.567719,yes
CYQY,Sydney / J.A. Douglas McCurdy Airport,medium_airport,Sydney,CA,Canada,YQY,CYQY,46.161072,-60.049759,yes
CYQZ,Quesnel Airport,medium_airport,Quesnel,CA,Canada,YQZ,CYQZ,53.026100158691406,-122.51000213623047,yes
CYRB,Resolute Bay Airport,medium_airport,Resolute Bay,CA,Canada,YRB,CYRB,74.7169036865,-94.9693984985,yes
CYRJ,Roberval Airport,medium_airport,Roberval,CA,Canada,YRJ,CYRJ,48.519665,-72.265735,yes
CYRL,Red Lake Airport,medium_airport,Red Lake,CA,Canada,YRL,CYRL,51.066898345947266,-93.79309844970703,yes
CYRO,Ottawa / Rockcliffe Airport,medium_airport,Ottawa,CA,Canada,YRO,CYRO,45.460496,-75.644001,yes
CYRT,Rankin Inlet Airport,medium_airport,Rankin Inlet,CA,Canada,YRT,CYRT,62.8114013672,-92.1157989502,yes
CYSB,Sudbury Airport,medium_airport,Sudbury,CA,Canada,YSB,CYSB,46.625,-80.79889678955078,yes
CYSF,Stony Rapids Airport,medium_airport,Stony Rapids,CA,Canada,YSF,CYSF,59.250301361083984,-105.84100341796875,yes
CYSJ,Saint John Airport,medium_airport,Saint John,CA,Canada,YSJ,CYSJ,45.31610107421875,-65.89029693603516,yes
CYSL,Saint-Léonard Airport,medium_airport,Saint-Léonard,CA,Canada,YSL,CYSL,47.157097,-67.836242,yes
CYSM,Fort Smith Airport,medium_airport,Fort Smith,CA,Canada,YSM,CYSM,60.020302,-111.961998,yes
CYSN,Niagara District Airport,medium_airport,Niagara-on-the-Lake,CA,Canada,YCM,CYSN,43.191598,-79.171686,yes
CYTH,Thompson Airport,medium_airport,Thompson,CA,Canada,YTH,CYTH,55.80110168457031,-97.86419677734375,yes
CYTS,Timmins/Victor M. Power,medium_airport,Timmins,CA,Canada,YTS,CYTS,48.569698333699996,-81.376701355,yes
CYTZ,Billy Bishop Toronto City Airport,medium_airport,Toronto,CA,Canada,YTZ,CYTZ,43.627852,-79.39553,yes
CYUL,Montreal / Pierre Elliott Trudeau International Airport,large_airport,Montréal,CA,Canada,YUL,CYUL,45.467837,-73.742294,yes
CYUX,Hall Beach Airport,medium_airport,Sanirajak,CA,Canada,YUX,CYUX,68.7761,-81.2425,yes
CYUY,Rouyn Noranda Airport,medium_airport,Rouyn-Noranda,CA,Canada,YUY,CYUY,48.20610046386719,-78.83560180664062,yes
CYVB,Bonaventure Airport,medium_airport,Bonaventure,CA,Canada,YVB,CYVB,48.071098,-65.460297,yes
CYVC,La Ronge Airport,medium_airport,La Ronge,CA,Canada,YVC,CYVC,55.151401519800004,-105.262001038,yes
CYVO,Val-d'Or Airport,medium_airport,Val-d'Or,CA,Canada,YVO,CYVO,48.0532989502,-77.7827987671,yes
CYVP,Kuujjuaq Airport,medium_airport,Kuujjuaq,CA,Canada,YVP,CYVP,58.096099853515625,-68.4269027709961,yes
CYVQ,Norman Wells Airport,medium_airport,Norman Wells,CA,Canada,YVQ,CYVQ,65.28160095214844,-126.7979965209961,yes
CYVR,Vancouver International Airport,large_airport,Vancouver,CA,Canada,YVR,CYVR,49.193901,-123.183998,yes
CYVV,Wiarton Airport,medium_airport,Wiarton,CA,Canada,YVV,CYVV,44.7458,-81.107201,yes
CYWG,Winnipeg / James Armstrong Richardson International Airport,large_airport,Winnipeg,CA,Canada,YWG,CYWG,49.909999847399995,-97.2398986816,yes
CYWK,Wabush Airport,medium_airport,Wabush,CA,Canada,YWK,CYWK,52.92190170288086,-66.8644027709961,yes
CYWL,Williams Lake Airport,medium_airport,Williams Lake,CA,Canada,YWL,CYWL,52.1831016541,-122.054000854,yes
CYXC,Cranbrook/Canadian Rockies International Airport,medium_airport,Cranbrook,CA,Canada,YXC,CYXC,49.610802,-115.781998,yes
CYXE,Saskatoon John G. Diefenbaker International Airport,large_airport,Saskatoon,CA,Canada,YXE,CYXE,52.170723,-106.700793,yes
CYXH,Medicine Hat Regional Airport,medium_airport,Medicine Hat,CA,Canada,YXH,CYXH,50.018902,-110.721001,yes
CYXJ,Fort St John / North Peace Regional Airport,medium_airport,Fort Saint John,CA,Canada,YXJ,CYXJ,56.238098,-120.739998,yes
CYXK,Rimouski Airport,medium_airport,Rimouski,CA,Canada,YXK,CYXK,48.477644,-68.496323,yes
CYXL,Sioux Lookout Airport,medium_airport,Sioux Lookout,CA,Canada,YXL,CYXL,50.11389923095703,-91.9052963256836,yes
CYXS,Prince George (International) Airport,medium_airport,Prince George,CA,Canada,YXS,CYXS,53.884311,-122.666554,yes
CYXT,Northwest Regional Airport Terrace-Kitimat,medium_airport,Terrace,CA,Canada,YXT,CYXT,54.468498,-128.576009,yes
CYXU,London International Airport,medium_airport,London,CA,Canada,YXU,CYXU,43.032845,-81.149003,yes
CYXX,Abbotsford International Airport,medium_airport,Abbotsford,CA,Canada,YXX,CYXX,49.025299,-122.361,yes
CYXY,Whitehorse / Erik Nielsen International Airport,medium_airport,Whitehorse,CA,Canada,YXY,CYXY,60.708533,-135.065705,yes
CYYB,North Bay Jack Garland Airport,medium_airport,North Bay,CA,Canada,YYB,CYYB,46.363602,-79.422798,yes
CYYC,Calgary International Airport,large_airport,Calgary,CA,Canada,YYC,CYYC,51.118822,-114.009933,yes
CYYD,Smithers Airport,medium_airport,Smithers,CA,Canada,YYD,CYYD,54.82469940185547,-127.18299865722656,yes
CYYE,Fort Nelson Airport,medium_airport,Fort Nelson,CA,Canada,YYE,CYYE,58.8363990784,-122.597000122,yes
CYYF,Penticton Airport,medium_airport,Penticton,CA,Canada,YYF,CYYF,49.46310043334961,-119.60199737548828,yes
CYYG,Charlottetown Airport,medium_airport,Charlottetown,CA,Canada,YYG,CYYG,46.288911,-63.125174,yes
CYYJ,Victoria International Airport,large_airport,Victoria,CA,Canada,YYJ,CYYJ,48.647201,-123.427792,yes
CYYL,Lynn Lake Airport,medium_airport,Lynn Lake,CA,Canada,YYL,CYYL,56.86389923095703,-101.07599639892578,yes
CYYQ,Churchill Airport,medium_airport,Churchill,CA,Canada,YYQ,CYYQ,58.739200592041016,-94.06500244140625,yes
CYYR,Goose Bay Airport,medium_airport,Goose Bay,CA,Canada,YYR,CYYR,53.3191986084,-60.4258003235,yes
CYYT,St. John's International Airport,large_airport,St. John's,CA,Canada,YYT,CYYT,47.618599,-52.7519,yes
CYYY,Mont Joli Airport,medium_airport,Mont-Joli,CA,Canada,YYY,CYYY,48.60860061645508,-68.20809936523438,yes
CYYZ,Toronto Pearson International Airport,large_airport,Toronto,CA,Canada,YYZ,CYYZ,43.675935,-79.629421,yes
CYZF,Yellowknife International Airport,medium_airport,Yellowknife,CA,Canada,YZF,CYZF,62.462799,-114.440002,yes
CYZP,Sandspit Airport,medium_airport,Sandspit,CA,Canada,YZP,CYZP,53.25429916379999,-131.813995361,yes
CYZS,Coral Harbour Airport,medium_airport,Coral Harbour,CA,Canada,YZS,CYZS,64.1932983398,-83.3593978882,yes
CYZT,Port Hardy Airport,medium_airport,Port Hardy,CA,Canada,YZT,CYZT,50.680599212646484,-127.36699676513672,yes
CYZU,Whitecourt Airport,medium_airport,Whitecourt,CA,Canada,YZU,CYZU,54.143902,-115.787003,yes
CYZV,Sept-Îles Airport,medium_airport,Sept-Îles,CA,Canada,YZV,CYZV,50.22330093383789,-66.2656021118164,yes
CZBF,Bathurst Airport,medium_airport,South Tetagouche,CA,Canada,ZBF,CZBF,47.6297,-65.738899,yes
CZMT,Masset Airport,medium_airport,Masset,CA,Canada,ZMT,CZMT,54.0275,-132.125,yes
CZSJ,Sandy Lake Airport,medium_airport,Sandy Lake,CA,Canada,ZSJ,CZSJ,53.06420135498047,-93.34439849853516,yes
DAAE,Soummam–Abane Ramdane Airport,large_airport,Béjaïa,DZ,Algeria,BJA,DAAE,36.712547,5.069909,yes
DAAG,Houari Boumediene Airport,large_airport,Algiers,DZ,Algeria,ALG,DAAG,36.693886,3.214531,yes
DAAJ,Tiska Djanet Airport,large_airport,Djanet,DZ,Algeria,DJG,DAAJ,24.285448,9.463652,yes
DAAP,Illizi Takhamalt Airport,medium_airport,Illizi,DZ,Algeria,VVZ,DAAP,26.723499,8.62265,yes
DAAS,Ain Arnat Airport,medium_airport,Sétif,DZ,Algeria,QSF,DAAS,36.178488,5.329909,yes
DAAT,Aguenar – Hadj Bey Akhamok Airport,large_airport,Tamanrasset,DZ,Algeria,TMR,DAAT,22.810992,5.450832,yes
DAAV,Jijel Ferhat Abbas Airport,large_airport,Tahir,DZ,Algeria,GJL,DAAV,36.794125,5.873652,yes
DAAY,Mecheria Airport,medium_airport,Mecheria,DZ,Algeria,MZW,DAAY,33.5359,-0.242353,yes
DABB,Annaba Rabah Bitat Airport,large_airport,Annaba,DZ,Algeria,AAE,DABB,36.826781,7.81334,yes
DABC,Mohamed Boudiaf International Airport,large_airport,Constantine,DZ,Algeria,CZL,DABC,36.276001,6.62039,yes
DABS,Cheikh Larbi Tébessi Airport,medium_airport,Tébessi,DZ,Algeria,TEE,DABS,35.4315986633,8.12071990967,yes
DABT,Batna Mostefa Ben Boulaid Airport,large_airport,Batna,DZ,Algeria,BLJ,DABT,35.752102,6.30859,yes
DAOF,Tindouf Airport,medium_airport,Tindouf,DZ,Algeria,TIN,DAOF,27.7003993988,-8.167099952700001,yes
DAOI,Chlef Aboubakr Belkaid International Airport,large_airport,Chlef,DZ,Algeria,CFK,DAOI,36.216614,1.341114,yes
DAON,Zenata – Messali El Hadj Airport,large_airport,Zenata,DZ,Algeria,TLM,DAON,35.012732,-1.457117,yes
DAOO,Oran Es-Sénia (Ahmed Ben Bella) International Airport,large_airport,Es-Sénia,DZ,Algeria,ORN,DAOO,35.620648,-0.622486,yes
DAOR,Béchar Boudghene Ben Ali Lotfi Airport,medium_airport,Béchar,DZ,Algeria,CBH,DAOR,31.645700454711914,-2.269860029220581,yes
DATM,Bordj Badji Mokhtar Airport,medium_airport,Bordj Badji Mokhtar,DZ,Algeria,BMW,DATM,21.3778,0.92698,yes
DAUA,Touat-Cheikh Sidi Mohamed Belkebir Airport,medium_airport,Adrar,DZ,Algeria,AZR,DAUA,27.837601,-0.186414,yes
DAUB,Biskra - Mohamed Khider Airport,large_airport,Biskra,DZ,Algeria,BSK,DAUB,34.79318,5.738899,yes
DAUE,El Golea Airport,medium_airport,El Menia,DZ,Algeria,ELG,DAUE,30.580732,2.861595,yes
DAUG,Noumérat - Moufdi Zakaria Airport,medium_airport,El Atteuf,DZ,Algeria,GHA,DAUG,32.384102,3.79411,yes
DAUH,Hassi Messaoud-Oued Irara Krim Belkacem Airport,medium_airport,Hassi Messaoud,DZ,Algeria,HME,DAUH,31.673,6.14044,yes
DAUI,In Salah Airport,medium_airport,In Salah,DZ,Algeria,INZ,DAUI,27.250999,2.51202,yes
DAUK,Touggourt Sidi Madhi Airport,medium_airport,Touggourt,DZ,Algeria,TGR,DAUK,33.067799,6.08867,yes
DAUL,Laghouat - Molay Ahmed Medeghri Airport,medium_airport,Laghouat,DZ,Algeria,LOO,DAUL,33.7644,2.92834,yes
DAUO,Guemar Airport - مطار قمار بالوادي,medium_airport,Guemar,DZ,Algeria,ELU,DAUO,33.511398,6.77679,yes
DAUT,Timimoun Airport,medium_airport,Timimoun,DZ,Algeria,TMX,DAUT,29.237101,0.276033,yes
DAUU,Ain Beida Airport,medium_airport,Ouargla,DZ,Algeria,OGX,DAUU,31.9172,5.41278,yes
DAUZ,Zarzaitine - In Aménas Airport,medium_airport,In Aménas,DZ,Algeria,IAM,DAUZ,28.0515,9.64291,yes
DBBB,Cotonou Cadjehoun International Airport,large_airport,Cotonou,BJ,Benin,COO,DBBB,6.35723,2.38435,yes
DFFD,Ouagadougou Thomas Sankara International Airport,large_airport,Ouagadougou,BF,Burkina Faso,OUA,DFFD,12.3532,-1.51242,yes
DFOO,Bobo Dioulasso Airport,large_airport,Bobo Dioulasso,BF,Burkina Faso,BOY,DFOO,11.1601,-4.33097,yes
DGAA,Kotoka International Airport,large_airport,Accra,GH,Ghana,ACC,DGAA,5.605189800262451,-0.16678600013256073,yes
DGLE,Yakubu Tali International Airport,large_airport,Tamale,GH,Ghana,TML,DGLE,9.553909,-0.86606,yes
DGSI,Prempeh I International Airport,large_airport,Kumasi,GH,Ghana,KMS,DGSI,6.71456,-1.59082,yes
DGSN,Sunyani Airport,medium_airport,Sunyani,GH,Ghana,NYI,DGSN,7.36183,-2.32876,yes
DGTK,Takoradi Airport,medium_airport,Sekondi-Takoradi,GH,Ghana,TKD,DGTK,4.896059989929199,-1.7747600078582764,yes
DIAP,Félix-Houphouët-Boigny International Airport,large_airport,Abidjan,CI,Côte d'Ivoire,ABJ,DIAP,5.26139,-3.92629,yes
DIBK,Bouaké Airport,medium_airport,Bouaké,CI,Côte d'Ivoire,BYK,DIBK,7.7388,-5.07367,yes
DIKO,Korhogo Airport,medium_airport,Korhogo,CI,Côte d'Ivoire,HGO,DIKO,9.38718,-5.55666,yes
DIYO,Yamoussoukro International Airport,large_airport,Yamoussoukro,CI,Côte d'Ivoire,ASK,DIYO,6.90317,-5.36558,no
DN57,Umaru Musa Yar'adua Airport,medium_airport,Katsina,NG,Nigeria,DKA,DNKT,13.0078,7.66045,yes
DNAA,Nnamdi Azikiwe International Airport,large_airport,Abuja,NG,Nigeria,ABV,DNAA,9.00679,7.26317,yes
DNAI,Akwa Ibom International Airport,medium_airport,Uyo,NG,Nigeria,QUO,DNAI,4.8725,8.093,yes
DNAK,Akure Airport,medium_airport,Akure,NG,Nigeria,AKR,DNAK,7.246739864349365,5.3010101318359375,yes
DNAS,Asaba International Airport,large_airport,Asaba,NG,Nigeria,ABB,DNAS,6.204167,6.665278,yes
DNBC,Sir Abubakar Tafawa Balewa Bauchi State International Airport,large_airport,Bauchi,NG,Nigeria,BCU,DNBC,10.482833,9.744,yes
DNBE,Benin Airport,medium_airport,Benin,NG,Nigeria,BNI,DNBE,6.316979885101318,5.5995001792907715,yes
DNBY,Bayelsa International Airport,medium_airport,Yenagoa,NG,Nigeria,,DNBY,4.95759,6.203327,yes
DNCA,Margaret Ekpo International Airport,medium_airport,Calabar,NG,Nigeria,CBQ,DNCA,4.976019859313965,8.347200393676758,yes
DNEN,Akanu Ibiam International Airport,large_airport,Enegu,NG,Nigeria,ENU,DNEN,6.473718,7.560463,yes
DNGO,Gombe Lawanti International Airport,medium_airport,Gombe,NG,Nigeria,GMO,DNGO,10.298889,10.9,yes
DNIB,Ibadan Airport,medium_airport,Ibadan,NG,Nigeria,IBA,DNIB,7.362460136413574,3.97832989692688,yes
DNIL,General Tunde Idiagbon International Airport,large_airport,Ilorin/Ogbomosho,NG,Nigeria,ILR,DNIL,8.44021,4.49392,yes
DNIM,Sam Mbakwe International Cargo Airport,medium_airport,Owerri,NG,Nigeria,QOW,DNIM,5.42706,7.20603,yes
DNJO,Yakubu Gowon Airport,medium_airport,Jos,NG,Nigeria,JOS,DNJO,9.639829635620117,8.869050025939941,yes
DNKA,Kaduna International Airport,large_airport,Kaduna,NG,Nigeria,KAD,DNKA,10.696,7.32011,yes
DNKN,Mallam Aminu Kano International Airport,large_airport,Kano,NG,Nigeria,KAN,DNKN,12.045613,8.523566,yes
DNMA,Maiduguri International Airport,large_airport,Maiduguri,NG,Nigeria,MIU,DNMA,11.854163,13.080702,yes
DNMK,Makurdi Airport,medium_airport,Makurdi,NG,Nigeria,MDI,DNMK,7.70388,8.61394,yes
DNMM,Murtala Muhammed International Airport,large_airport,Lagos,NG,Nigeria,LOS,DNMM,6.57737,3.32116,yes
DNPO,Port Harcourt International Airport,large_airport,Port Harcourt,NG,Nigeria,PHC,DNPO,5.01549,6.94959,yes
DNSO,Sadiq Abubakar III International Airport,large_airport,Sokoto,NG,Nigeria,SKO,DNSO,12.915729,5.207547,yes
DNSU,Warri Airport,medium_airport,Okpe,NG,Nigeria,QRW,DNSU,5.59821,5.8187,yes
DNYO,Yola Airport,medium_airport,Yola,NG,Nigeria,YOL,DNYO,9.257550239562988,12.430399894714355,yes
DRRN,Diori Hamani International Airport,large_airport,Niamey,NE,Niger,NIM,DRRN,13.4815,2.18361,yes
DRZR,Zinder Airport,medium_airport,Zinder,NE,Niger,ZND,DRZR,13.779000282287598,8.983759880065918,yes
DTKA,Tabarka-Aïn Draham International Airport,medium_airport,Tabarka,TN,Tunisia,TBJ,DTKA,36.98,8.87694,yes
DTMB,Monastir Habib Bourguiba International Airport,medium_airport,Monastir,TN,Tunisia,MIR,DTMB,35.75809860229492,10.75469970703125,yes
DTNH,Enfidha - Hammamet International Airport,medium_airport,Enfidha,TN,Tunisia,NBE,DTNH,36.075833,10.438611,yes
DTTA,Tunis Carthage International Airport,large_airport,Tunis,TN,Tunisia,TUN,DTTA,36.851002,10.2272,yes
DTTJ,Djerba Zarzis International Airport,large_airport,Mellita,TN,Tunisia,DJE,DTTJ,33.873719,10.7773,yes
DTTX,Sfax Thyna International Airport,medium_airport,Sfax,TN,Tunisia,SFA,DTTX,34.717999,10.691,yes
DTTZ,Tozeur Nefta International Airport,medium_airport,Tozeur,TN,Tunisia,TOE,DTTZ,33.939701080322266,8.110560417175293,yes
DXNG,Niamtougou International Airport,large_airport,Niamtougou,TG,Togo,LRL,DXNG,9.766675,1.090944,no
DXXX,Lomé–Tokoin International Airport,large_airport,Lomé,TG,Togo,LFW,DXXX,6.16561,1.25451,yes
EBAW,Antwerp International Airport (Deurne),medium_airport,Antwerp,BE,Belgium,ANR,EBAW,51.190667,4.463153,yes
EBBR,Brussels Airport,large_airport,Zaventem,BE,Belgium,BRU,EBBR,50.901402,4.48444,yes
EBCI,Brussels South Charleroi Airport,large_airport,Charleroi,BE,Belgium,CRL,EBCI,50.461963,4.459562,yes
EBLG,Liège Airport,medium_airport,Grâce-Hollogne,BE,Belgium,LGG,EBLG,50.638574,5.443897,yes
EBOS,Ostend-Bruges International Airport,large_airport,Oostende,BE,Belgium,OST,EBOS,51.1998,2.874673,yes
EDAH,Heringsdorf Airport,medium_airport,Zirchow,DE,Germany,HDF,EDAH,53.8787,14.1523,yes
EDDB,Berlin Brandenburg Airport,large_airport,Berlin,DE,Germany,BER,EDDB,52.361738,13.502341,yes
EDDC,Dresden Airport,large_airport,Dresden,DE,Germany,DRS,EDDC,51.134123,13.767831,yes
EDDE,Erfurt-Weimar Airport,large_airport,Erfurt,DE,Germany,ERF,EDDE,50.978281,10.960713,yes
EDDF,Frankfurt Main Airport,large_airport,Frankfurt am Main,DE,Germany,FRA,EDDF,50.026706,8.55835,yes
EDDG,Münster Osnabrück Airport,large_airport,Greven,DE,Germany,FMO,EDDG,52.133816,7.688482,yes
EDDH,Hamburg Helmut Schmidt Airport,large_airport,Hamburg,DE,Germany,HAM,EDDH,53.630402,9.98823,yes
EDDK,Cologne Bonn Airport,large_airport,Köln (Cologne),DE,Germany,CGN,EDDK,50.865898,7.14274,yes
EDDL,Düsseldorf Airport,large_airport,Düsseldorf,DE,Germany,DUS,EDDL,51.289501,6.76678,yes
EDDM,Munich Airport,large_airport,Munich,DE,Germany,MUC,EDDM,48.353802,11.7861,yes
EDDN,Nuremberg Airport,large_airport,Nuremberg,DE,Germany,NUE,EDDN,49.498699,11.078056,yes
EDDP,Leipzig/Halle Airport,large_airport,Schkeuditz,DE,Germany,LEJ,EDDP,51.420657,12.232705,yes
EDDR,Saarbrücken Airport,medium_airport,Saarbrücken,DE,Germany,SCN,EDDR,49.214545,7.109735,yes
EDDS,Stuttgart Airport,large_airport,Stuttgart,DE,Germany,STR,EDDS,48.689899,9.22196,yes
EDDV,Hannover Airport,large_airport,Hannover,DE,Germany,HAJ,EDDV,52.461102,9.68508,yes
EDDW,Bremen Airport,large_airport,Bremen,DE,Germany,BRE,EDDW,53.046786,8.78932,yes
EDFH,Frankfurt-Hahn Airport,large_airport,Frankfurt am Main (Lautzenhausen),DE,Germany,HHN,EDFH,49.946353,7.261734,yes
EDFM,Mannheim-City Airport,medium_airport,Mannheim,DE,Germany,MHG,EDFM,49.473057,8.514167,yes
EDHL,Lübeck Blankensee Airport,medium_airport,Lübeck,DE,Germany,LBC,EDHL,53.805401,10.7192,yes
EDJA,Memmingen Allgau Airport,large_airport,Memmingen,DE,Germany,FMM,EDJA,47.988092,10.238248,yes
EDLP,Paderborn Lippstadt Airport,large_airport,Büren,DE,Germany,PAD,EDLP,51.612527,8.617459,yes
EDLV,Weeze (Niederrhein) Airport,large_airport,Weeze,DE,Germany,NRN,EDLV,51.601362,6.141228,yes
EDLW,Dortmund Airport,large_airport,Dortmund,DE,Germany,DTM,EDLW,51.518299,7.61224,yes
EDNY,Bodensee Airport Friedrichshafen,large_airport,Friedrichshafen,DE,Germany,FDH,EDNY,47.671299,9.51149,yes
EDSB,Karlsruhe Baden-Baden Airport,large_airport,Rheinmünster,DE,Germany,FKB,EDSB,48.7794,8.0805,yes
EDVK,Kassel Airport,large_airport,Calden,DE,Germany,KSF,EDVK,51.418395,9.391638,yes
EDXW,Westerland Sylt Airport,medium_airport,Sylt,DE,Germany,GWT,EDXW,54.9132,8.34047,yes
EEKA,Kärdla Airport,medium_airport,Kärdla,EE,Estonia,KDL,EEKA,58.99079895019531,22.830699920654297,yes
EEKE,Kuressaare Airport,medium_airport,Kuressaare,EE,Estonia,URE,EEKE,58.22990036010742,22.50950050354004,yes
EEPU,Pärnu Airport,medium_airport,Pärnu,EE,Estonia,EPU,EEPU,58.41899871826172,24.47279930114746,yes
EES,Berenice International Airport / Banas Cape Air Base,large_airport,Berenice Troglodytica,EG,Egypt,EES,HEBR,23.980437,35.460277,no
EETN,Lennart Meri Tallinn Airport,large_airport,Tallinn,EE,Estonia,TLL,EETN,59.413246,24.83264,yes
EETU,Tartu Airport,medium_airport,Tartu,EE,Estonia,TAY,EETU,58.307438,26.686473,yes
EFET,Enontekio Airport,medium_airport,Enontekio,FI,Finland,ENF,EFET,68.362602233887,23.424299240112,yes
EFHK,Helsinki Vantaa Airport,large_airport,Helsinki (Vantaa),FI,Finland,HEL,EFHK,60.318363,24.963341,yes
EFIV,Ivalo Airport,large_airport,Ivalo,FI,Finland,IVL,EFIV,68.6073,27.4053,yes
EFJO,Joensuu Airport,medium_airport,Joensuu,FI,Finland,JOE,EFJO,62.658815,29.619398,yes
EFJY,Jyväskylä Airport,medium_airport,Jyväskylän Maalaiskunta,FI,Finland,JYV,EFJY,62.399502,25.678301,yes
EFKE,Kemi-Tornio Airport,medium_airport,Kemi / Tornio,FI,Finland,KEM,EFKE,65.778701782227,24.582099914551,yes
EFKI,Kajaani Airport,medium_airport,Kajaani,FI,Finland,KAJ,EFKI,64.2855,27.6924,yes
EFKK,Kokkola-Pietarsaari Airport,medium_airport,Kokkola / Kruunupyy,FI,Finland,KOK,EFKK,63.721199,23.143101,yes
EFKS,Kuusamo Airport,medium_airport,Kuusamo,FI,Finland,KAO,EFKS,65.987602,29.239401,yes
EFKT,Kittilä International Airport,large_airport,Kittilä,FI,Finland,KTT,EFKT,67.700996,24.8468,yes
EFKU,Kuopio Airport,large_airport,Kuopio / Siilinjärvi,FI,Finland,KUO,EFKU,63.007099,27.7978,yes
EFLP,Lappeenranta Airport,large_airport,Lappeenranta,FI,Finland,LPP,EFLP,61.044601,28.144743,yes
EFMA,Mariehamn Airport,medium_airport,Mariehamn,FI,Finland,MHQ,EFMA,60.1222,19.898199,yes
EFOU,Oulu Airport,large_airport,Oulu / Oulunsalo,FI,Finland,OUL,EFOU,64.930099,25.354601,yes
EFPO,Pori Airport,medium_airport,Pori,FI,Finland,POR,EFPO,61.4617,21.799999,yes
EFRO,Rovaniemi Airport,large_airport,Rovaniemi,FI,Finland,RVN,EFRO,66.563327,25.829751,yes
EFSA,Savonlinna Airport,medium_airport,Savonlinna,FI,Finland,SVL,EFSA,61.9431,28.945101,yes
EFTP,Tampere-Pirkkala Airport,large_airport,Tampere / Pirkkala,FI,Finland,TMP,EFTP,61.414101,23.604401,yes
EFTU,Turku Airport,large_airport,Turku,FI,Finland,TKU,EFTU,60.514099,22.2628,yes
EFVA,Vaasa Airport,large_airport,Vaasa,FI,Finland,VAA,EFVA,63.05023,21.762543,yes
EGAA,Belfast International Airport,large_airport,Belfast,GB,United Kingdom,BFS,EGAA,54.6575012207,-6.2158298492399995,yes
EGAC,George Best Belfast City Airport,medium_airport,Belfast,GB,United Kingdom,BHD,EGAC,54.618099,-5.8725,yes
EGAE,City of Derry Airport,medium_airport,"Derry, Derry and Strabane",GB,United Kingdom,LDY,EGAE,55.042801,-7.16111,yes
EGBB,Birmingham Airport,large_airport,"Birmingham, West Midlands",GB,United Kingdom,BHX,EGBB,52.453899,-1.74803,yes
EGCC,Manchester Airport,large_airport,"Manchester, Greater Manchester",GB,United Kingdom,MAN,EGCC,53.349375,-2.279521,yes
EGEC,Campbeltown Airport,medium_airport,Campbeltown,GB,United Kingdom,CAL,EGEC,55.437199,-5.68639,yes
EGED,Eday Airport,medium_airport,Eday,GB,United Kingdom,EOI,EGED,59.19060134887695,-2.7722198963165283,yes
EGFF,Cardiff International Airport,large_airport,Cardiff,GB,United Kingdom,CWL,EGFF,51.396702,-3.34333,yes
EGGD,Bristol Airport,large_airport,Bristol,GB,United Kingdom,BRS,EGGD,51.382326,-2.716453,yes
EGGP,Liverpool John Lennon Airport,large_airport,Liverpool,GB,United Kingdom,LPL,EGGP,53.334863,-2.849637,yes
EGGW,London Luton Airport,large_airport,"Luton, Luton",GB,United Kingdom,LTN,EGGW,51.874699,-0.368333,yes
EGHH,Bournemouth Airport,medium_airport,Bournemouth,GB,United Kingdom,BOH,EGHH,50.780483,-1.839576,yes
EGHI,Southampton Airport,medium_airport,Southampton,GB,United Kingdom,SOU,EGHI,50.950298,-1.3568,yes
EGHQ,Cornwall Airport Newquay,medium_airport,Newquay,GB,United Kingdom,NQY,EGHQ,50.440601,-4.99541,yes
EGJA,Alderney Airport,medium_airport,Saint Anne,GG,Guernsey,ACI,EGJA,49.706104,-2.21472,yes
EGJB,Guernsey Airport,medium_airport,Saint Peter Port,GG,Guernsey,GCI,EGJB,49.435001,-2.60197,yes
EGJJ,Jersey Airport,medium_airport,St. Peter,JE,Jersey,JER,EGJJ,49.207901,-2.19551,yes
EGKK,London Gatwick Airport,large_airport,London,GB,United Kingdom,LGW,EGKK,51.148744,-0.185739,yes
EGLC,London City Airport,medium_airport,London,GB,United Kingdom,LCY,EGLC,51.505299,0.055278,yes
EGLL,London Heathrow Airport,large_airport,London,GB,United Kingdom,LHR,EGLL,51.470748,-0.459909,yes
EGMC,London Southend Airport,medium_airport,"Southend-on-Sea, Essex",GB,United Kingdom,SEN,EGMC,51.570562,0.693627,yes
EGNJ,Humberside Airport,medium_airport,"Grimsby, Lincolnshire",GB,United Kingdom,HUY,EGNJ,53.576152,-0.34954,yes
EGNM,Leeds Bradford Airport,large_airport,"Leeds, West Yorkshire",GB,United Kingdom,LBA,EGNM,53.865898,-1.66057,yes
EGNS,Isle of Man Airport,large_airport,Castletown,IM,Isle of Man,IOM,EGNS,54.083081,-4.623871,yes
EGNT,Newcastle International Airport,large_airport,"Newcastle upon Tyne, Tyne and Wear",GB,United Kingdom,NCL,EGNT,55.037958,-1.689577,yes
EGNV,Teesside International Airport,medium_airport,"Darlington, Durham",GB,United Kingdom,MME,EGNV,54.509201,-1.42941,yes
EGNX,East Midlands Airport,large_airport,"Nottingham, Leicestershire",GB,United Kingdom,EMA,EGNX,52.8311,-1.32806,yes
EGPA,Kirkwall Airport,medium_airport,"Kirkwall, Orkney Islands",GB,United Kingdom,KOI,EGPA,58.957903,-2.905077,yes
EGPB,Sumburgh Airport,medium_airport,"Lerwick, Shetland",GB,United Kingdom,LSI,EGPB,59.878899,-1.29556,yes
EGPC,Wick John O'Groats Airport,medium_airport,Wick,GB,United Kingdom,WIC,EGPC,58.4589,-3.09306,yes
EGPD,Aberdeen International Airport,large_airport,Aberdeen,GB,United Kingdom,ABZ,EGPD,57.2019,-2.19778,yes
EGPE,Inverness Airport,medium_airport,Inverness,GB,United Kingdom,INV,EGPE,57.5425,-4.0475,yes
EGPF,Glasgow Airport,large_airport,Glasgow,GB,United Kingdom,GLA,EGPF,55.871899,-4.43306,yes
EGPH,Edinburgh Airport,large_airport,"Ingliston, Edinburgh",GB,United Kingdom,EDI,EGPH,55.950145,-3.372288,yes
EGPI,Islay Airport,medium_airport,"Isle of Islay, Argyll and Bute",GB,United Kingdom,ILY,EGPI,55.682708,-6.257525,yes
EGPK,Glasgow Prestwick Airport,large_airport,"Prestwick, South Ayrshire",GB,United Kingdom,PIK,EGPK,55.501499,-4.577182,yes
EGPL,Benbecula Airport,medium_airport,Balivanich,GB,United Kingdom,BEB,EGPL,57.481098,-7.36278,yes
EGPN,Dundee Airport,medium_airport,Dundee,GB,United Kingdom,DND,EGPN,56.452499,-3.02583,yes
EGPO,Stornoway Airport,medium_airport,"Stornoway, Western Isles",GB,United Kingdom,SYY,EGPO,58.215599,-6.33111,yes
EGPR,Barra Airport,medium_airport,Eoligarry,GB,United Kingdom,BRR,EGPR,57.0228,-7.44306,yes
EGPU,Tiree Airport,medium_airport,"Balemartine, Argyll and Bute",GB,United Kingdom,TRE,EGPU,56.499199,-6.86917,yes
EGSH,Norwich Airport,medium_airport,"Norwich, Norfolk",GB,United Kingdom,NWI,EGSH,52.6758,1.28278,yes
EGSS,London Stansted Airport,large_airport,"London, Essex",GB,United Kingdom,STN,EGSS,51.884998,0.235,yes
EGTE,Exeter International Airport,medium_airport,"Exeter, Devon",GB,United Kingdom,EXT,EGTE,50.734261,-3.413984,yes
EGYP,Mount Pleasant Airport / RAF Mount Pleasant,large_airport,Mount Pleasant,FK,Falkland Islands,MPN,EGYP,-51.822642,-58.445777,yes
EHAM,Amsterdam Airport Schiphol,large_airport,Amsterdam,NL,Netherlands,AMS,EHAM,52.308601,4.76389,yes
EHBK,Maastricht Aachen Airport,large_airport,Maastricht,NL,Netherlands,MST,EHBK,50.911087,5.769401,yes
EHEH,Eindhoven Airport,large_airport,Eindhoven,NL,Netherlands,EIN,EHEH,51.4500999451,5.37452983856,yes
EHGG,Groningen Airport Eelde,large_airport,Groningen,NL,Netherlands,GRQ,EHGG,53.119107,6.577652,yes
EHRD,Rotterdam The Hague Airport,large_airport,Rotterdam,NL,Netherlands,RTM,EHRD,51.956902,4.43722,yes
EICK,Cork International Airport,large_airport,Cork,IE,Ireland,ORK,EICK,51.841301,-8.49111,yes
EIDL,Donegal Airport,medium_airport,Donegal,IE,Ireland,CFN,EIDL,55.0442008972168,-8.340999603271484,yes
EIDW,Dublin Airport,large_airport,Dublin,IE,Ireland,DUB,EIDW,53.428713,-6.262121,yes
EIKN,Ireland West Airport Knock,large_airport,Charlestown,IE,Ireland,NOC,EIKN,53.910439,-8.817002,yes
EIKY,Kerry Airport,medium_airport,Farranfore,IE,Ireland,KIR,EIKY,52.180901,-9.52378,yes
EINN,Shannon Airport,large_airport,Shannon,IE,Ireland,SNN,EINN,52.702,-8.92482,yes
EKAH,Aarhus Airport,large_airport,Aarhus,DK,Denmark,AAR,EKAH,56.303331,10.618286,yes
EKBI,Billund Airport,large_airport,Billund,DK,Denmark,BLL,EKBI,55.740335,9.157019,yes
EKCH,Copenhagen Kastrup Airport,large_airport,Copenhagen,DK,Denmark,CPH,EKCH,55.617900848389,12.656000137329,yes
EKEB,Esbjerg Airport,medium_airport,Esbjerg,DK,Denmark,EBJ,EKEB,55.525902,8.5534,yes
EKKA,Midtjyllands Airport / Air Base Karup,medium_airport,Karup,DK,Denmark,KRP,EKKA,56.297139,9.104311,yes
EKOD,Odense Hans Christian Andersen Airport,large_airport,Odense,DK,Denmark,ODE,EKOD,55.475307,10.327206,yes
EKRK,Copenhagen Roskilde Airport,medium_airport,Roskilde,DK,Denmark,RKE,EKRK,55.585602,12.1314,yes
EKRN,Bornholm Airport,medium_airport,Rønne,DK,Denmark,RNN,EKRN,55.063301,14.7596,yes
EKSB,Sønderborg Airport,medium_airport,Sønderborg,DK,Denmark,SGD,EKSB,54.96440124511719,9.791729927062988,yes
EKVG,Vágar Airport,large_airport,Vágar,FO,Faroe Islands,FAE,EKVG,62.063256,-7.275782,yes
EKYT,Aalborg Airport,large_airport,Aalborg,DK,Denmark,AAL,EKYT,57.094763,9.84993,yes
ELLX,Luxembourg-Findel International Airport,large_airport,Luxembourg,LU,Luxembourg,LUX,ELLX,49.626845,6.212134,yes
ENAL,Ålesund Airport,large_airport,Ålesund,NO,Norway,AES,ENAL,62.560443,6.110845,yes
ENAN,"Andøya Airport, Andenes",medium_airport,Andenes,NO,Norway,ANX,ENAN,69.295193,16.139379,yes
ENAT,Alta Airport,medium_airport,Alta,NO,Norway,ALF,ENAT,69.976097,23.3717,yes
ENBN,"Brønnøysund Airport, Brønnøy",medium_airport,Brønnøy,NO,Norway,BNN,ENBN,65.461098,12.2175,yes
ENBO,Bodø Airport,large_airport,Bodø,NO,Norway,BOO,ENBO,67.269203,14.3653,yes
ENBR,"Bergen Airport, Flesland",large_airport,Bergen,NO,Norway,BGO,ENBR,60.2934,5.21814,yes
ENBS,Båtsfjord Airport,medium_airport,Båtsfjord,NO,Norway,BJF,ENBS,70.60025,29.692612,yes
ENBV,Berlevåg Airport,medium_airport,Berlevåg,NO,Norway,BVG,ENBV,70.871517,29.034097,yes
ENCN,Kristiansand Airport,large_airport,Kristiansand(Kjevik),NO,Norway,KRS,ENCN,58.204201,8.08537,yes
ENDU,Bardufoss Airport,medium_airport,Målselv,NO,Norway,BDU,ENDU,69.055801,18.5404,yes
ENEV,Harstad/Narvik Airport,large_airport,Evenes,NO,Norway,EVE,ENEV,68.491302,16.678101,yes
ENFL,Florø Airport,medium_airport,Florø,NO,Norway,FRO,ENFL,61.583599090576,5.0247201919556,yes
ENGM,Oslo-Gardermoen International Airport,large_airport,Oslo (Gardermoen),NO,Norway,OSL,ENGM,60.193901,11.1004,yes
ENHD,"Haugesund Airport, Karmøy",medium_airport,Karmøy,NO,Norway,HAU,ENHD,59.345299,5.20836,yes
ENHF,Hammerfest Airport,medium_airport,Hammerfest,NO,Norway,HFT,ENHF,70.679703,23.6686,yes
ENHV,"Honningsvåg Airport, Valan",medium_airport,Honningsvåg,NO,Norway,HVG,ENHV,71.009697,25.983601,yes
ENKB,"Kristiansund Airport, Kvernberget",medium_airport,Kvernberget,NO,Norway,KSU,ENKB,63.111801,7.82452,yes
ENKR,"Kirkenes Airport, Høybuktmoen",medium_airport,Kirkenes,NO,Norway,KKN,ENKR,69.7258,29.8913,yes
ENLK,Leknes Airport,medium_airport,Leknes,NO,Norway,LKN,ENLK,68.152496337891,13.609399795532,yes
ENMH,Mehamn Airport,medium_airport,Mehamn,NO,Norway,MEH,ENMH,71.029701,27.8267,yes
ENML,"Molde Airport, Årø",medium_airport,Årø,NO,Norway,MOL,ENML,62.744701,7.2625,yes
ENMS,"Mosjøen Airport, Kjærstad",medium_airport,Mosjøen,NO,Norway,MJF,ENMS,65.783997,13.2149,yes
ENNA,"Lakselv Airport, Banak",medium_airport,Lakselv,NO,Norway,LKL,ENNA,70.068802,24.973499,yes
ENOL,Ørland Airport,medium_airport,Ørland,NO,Norway,OLA,ENOL,63.69889831542969,9.604000091552734,yes
ENOV,"Ørsta-Volda Airport, Hovden",medium_airport,Ørsta,NO,Norway,HOV,ENOV,62.180000305176,6.0741000175476,yes
ENRA,"Mo i Rana Airport, Røssvoll",medium_airport,Mo i Rana,NO,Norway,MQN,ENRA,66.363899230957,14.301400184631,yes
ENRM,"Rørvik Airport, Ryum",medium_airport,Rørvik,NO,Norway,RVK,ENRM,64.838302612305,11.14610004425,yes
ENRO,Røros Airport,medium_airport,Røros,NO,Norway,RRS,ENRO,62.578399658203,11.342300415039,yes
ENSB,"Svalbard Airport, Longyear",medium_airport,Longyearbyen,NO,Norway,LYR,ENSB,78.246101,15.4656,yes
ENSH,"Svolvær Airport, Helle",medium_airport,Svolvær,NO,Norway,SVJ,ENSH,68.243301,14.6692,yes
ENSK,"Stokmarknes Airport, Skagen",medium_airport,Hadsel,NO,Norway,SKN,ENSK,68.578827,15.033417,yes
ENSO,"Stord Airport, Sørstokken",medium_airport,Leirvik,NO,Norway,SRP,ENSO,59.791901,5.34085,yes
ENSR,Sørkjosen Airport,medium_airport,Sørkjosen,NO,Norway,SOJ,ENSR,69.786797,20.9594,yes
ENSS,"Vardø Airport, Svartnes",medium_airport,Vardø,NO,Norway,VAW,ENSS,70.3554,31.044901,yes
ENST,"Sandnessjøen Airport, Stokka",medium_airport,Alstahaug,NO,Norway,SSJ,ENST,65.956802,12.4689,yes
ENTC,Tromsø Airport,large_airport,Tromsø,NO,Norway,TOS,ENTC,69.683296,18.9189,yes
ENTO,"Sandefjord Airport, Torp",large_airport,Sandefjord(Torp),NO,Norway,TRF,ENTO,59.186699,10.2586,yes
ENVA,"Trondheim Airport, Værnes",large_airport,Trondheim,NO,Norway,TRD,ENVA,63.457802,10.924,yes
ENVD,Vadsø Airport,medium_airport,Vadsø,NO,Norway,VDS,ENVD,70.0653,29.8447,yes
ENZV,"Stavanger Airport, Sola",large_airport,Stavanger,NO,Norway,SVG,ENZV,58.876701,5.63778,yes
EPBY,Ignacy Jan Paderewski Bydgoszcz Airport,medium_airport,Bydgoszcz,PL,Poland,BZG,EPBY,53.096802,17.977699,yes
EPGD,Gdańsk Lech Wałęsa Airport,large_airport,Gdańsk,PL,Poland,GDN,EPGD,54.377602,18.4662,yes
EPKK,Kraków John Paul II International Airport,large_airport,Balice,PL,Poland,KRK,EPKK,50.077702,19.7848,yes
EPKT,Katowice Wojciech Korfanty International Airport,large_airport,Katowice,PL,Poland,KTW,EPKT,50.476015,19.080705,yes
EPLB,Lublin Airport,large_airport,Lublin,PL,Poland,LUZ,EPLB,51.240157,22.713461,yes
EPLL,Łódź Władysław Reymont Airport,large_airport,Łódź,PL,Poland,LCJ,EPLL,51.721901,19.3981,yes
EPMO,Warsaw Modlin Airport,large_airport,Nowy Dwór Mazowiecki,PL,Poland,WMI,EPMO,52.451099,20.6518,yes
EPPO,Poznań-Ławica Airport,large_airport,Poznań,PL,Poland,POZ,EPPO,52.421598,16.823359,yes
EPRA,Warsaw Radom Airport,medium_airport,Radom,PL,Poland,RDO,EPRA,51.38937,21.214742,yes
EPRZ,Rzeszów-Jasionka Airport,large_airport,Jasionka,PL,Poland,RZE,EPRZ,50.109791,22.024155,yes
EPSC,Solidarity Szczecin–Goleniów Airport,large_airport,Szczecin(Glewice),PL,Poland,SZZ,EPSC,53.584702,14.9022,yes
EPSY,Olsztyn-Mazury Airport,medium_airport,Szymany,PL,Poland,SZY,EPSY,53.481899,20.9377,yes
EPWA,Warsaw Chopin Airport,large_airport,Warsaw,PL,Poland,WAW,EPWA,52.165699,20.9671,yes
EPWR,Copernicus Wrocław Airport,large_airport,Wrocław,PL,Poland,WRO,EPWR,51.103719,16.882096,yes
EPZG,Zielona Góra-Babimost Airport,medium_airport,Nowe Kramsko,PL,Poland,IEG,EPZG,52.1385,15.7986,yes
ESDF,Ronneby Airport,medium_airport,Ronneby,SE,Sweden,RNB,ESDF,56.266701,15.265,yes
ESGG,Göteborg Landvetter Airport,large_airport,Göteborg,SE,Sweden,GOT,ESGG,57.6628,12.2798,yes
ESGJ,Jönköping Airport,medium_airport,Jönköping,SE,Sweden,JKG,ESGJ,57.757598876953125,14.068699836730957,yes
ESGT,Trollhättan-Vänersborg Airport,medium_airport,Trollhättan,SE,Sweden,THN,ESGT,58.31809997558594,12.345000267028809,yes
ESKM,Mora Airport,medium_airport,Mora,SE,Sweden,MXX,ESKM,60.957901,14.5114,yes
ESKN,Stockholm Skavsta Airport,large_airport,Nyköping,SE,Sweden,NYO,ESKN,58.789656,16.911479,yes
ESKS,Scandinavian Mountains Airport,large_airport,Malung-Sälen,SE,Sweden,SCR,ESKS,61.16508,12.83352,yes
ESMQ,Kalmar Airport,medium_airport,Kalmar,SE,Sweden,KLR,ESMQ,56.685501,16.2876,yes
ESMS,Malmö Sturup Airport,large_airport,Malmö,SE,Sweden,MMX,ESMS,55.535564,13.376327,yes
ESMT,Halmstad Airport,medium_airport,Halmstad,SE,Sweden,HAD,ESMT,56.69110107421875,12.820199966430664,yes
ESMX,Växjö Kronoberg Airport,medium_airport,Växjö,SE,Sweden,VXO,ESMX,56.929100036621094,14.727999687194824,yes
ESNG,Gällivare Airport,medium_airport,Gällivare,SE,Sweden,GEV,ESNG,67.13240051269531,20.814599990844727,yes
ESNK,Kramfors-Sollefteå Höga Kusten Airport,medium_airport,Nyland,SE,Sweden,KRF,ESNK,63.048599,17.7689,yes
ESNL,Lycksele Airport,medium_airport,Lycksele,SE,Sweden,LYC,ESNL,64.548302,18.7162,yes
ESNN,Sundsvall-Härnösand Airport,medium_airport,Sundsvall/ Härnösand,SE,Sweden,SDL,ESNN,62.528099060058594,17.443899154663086,yes
ESNO,Örnsköldsvik Airport,medium_airport,Örnsköldsvik,SE,Sweden,OER,ESNO,63.40829849243164,18.989999771118164,yes
ESNQ,Kiruna Airport,large_airport,Kiruna,SE,Sweden,KRN,ESNQ,67.821999,20.3368,yes
ESNS,Skellefteå Airport,medium_airport,Skellefteå,SE,Sweden,SFT,ESNS,64.62480163574219,21.076900482177734,yes
ESNU,Umeå Airport,large_airport,Umeå,SE,Sweden,UME,ESNU,63.791801,20.282801,yes
ESNV,Vilhelmina South Lapland Airport,medium_airport,Vilhelmina,SE,Sweden,VHM,ESNV,64.579102,16.833599,yes
ESNX,Arvidsjaur Airport,medium_airport,Arvidsjaur,SE,Sweden,AJR,ESNX,65.59030151367188,19.28190040588379,yes
ESNZ,Åre Östersund Airport,medium_airport,Östersund,SE,Sweden,OSD,ESNZ,63.193546,14.504168,yes
ESOE,Örebro Airport,medium_airport,Örebro,SE,Sweden,ORB,ESOE,59.22370147705078,15.038000106811523,yes
ESOK,Karlstad Airport,medium_airport,Karlstad,SE,Sweden,KSD,ESOK,59.444698,13.3374,yes
ESOW,Stockholm Västerås Airport,large_airport,Stockholm / Västerås,SE,Sweden,VST,ESOW,59.589401,16.6336,yes
ESPA,Luleå Airport,large_airport,Luleå,SE,Sweden,LLA,ESPA,65.5438,22.122,yes
ESSA,Stockholm-Arlanda Airport,large_airport,Stockholm,SE,Sweden,ARN,ESSA,59.64849,17.928829,yes
ESSB,Stockholm-Bromma Airport,medium_airport,Stockholm,SE,Sweden,BMA,ESSB,59.354401,17.9417,yes
ESSD,Dala Airport,medium_airport,Borlange,SE,Sweden,BLE,ESSD,60.422001,15.5152,yes
ESSL,Linköping City Airport,large_airport,Linköping,SE,Sweden,LPI,ESSL,58.404909,15.684499,yes
ESSP,Norrköping Airport,medium_airport,Norrköping,SE,Sweden,NRK,ESSP,58.586299896240234,16.250600814819336,yes
ESST,Torsby Airport,medium_airport,Torsby,SE,Sweden,TYF,ESST,60.1576,12.9913,yes
ESSV,Visby Airport,large_airport,Visby,SE,Sweden,VBY,ESSV,57.6628,18.346201,yes
ESTA,Ängelholm-Helsingborg Airport,medium_airport,Ängelholm,SE,Sweden,AGH,ESTA,56.29610061645508,12.847100257873535,yes
ETMN,Sea-Airport Cuxhaven/Nordholz / Nordholz Naval Airbase,medium_airport,Wurster Nordseeküste,DE,Germany,FCN,ETMN,53.767689,8.659201,yes
ETNL,Rostock-Laage Airport,medium_airport,Laage,DE,Germany,RLG,ETNL,53.918201,12.2783,yes
EVLA,Liepāja International Airport,large_airport,Liepāja,LV,Latvia,LPX,EVLA,56.517502,21.096901,no
EVRA,Riga International Airport,large_airport,Riga,LV,Latvia,RIX,EVRA,56.920752,23.970711,yes
EYKA,Kaunas International Airport,large_airport,Kaunas,LT,Lithuania,KUN,EYKA,54.963965,24.08582,yes
EYPA,Palanga International Airport,large_airport,Palanga,LT,Lithuania,PLQ,EYPA,55.973202,21.093901,yes
EYVI,Vilnius International Airport,large_airport,Vilnius,LT,Lithuania,VNO,EYVI,54.634102,25.285801,yes
FABL,Bram Fischer International Airport,large_airport,Bloemfontein,ZA,South Africa,BFN,FABL,-29.092699,26.302401,yes
FACT,Cape Town International Airport,large_airport,Cape Town,ZA,South Africa,CPT,FACT,-33.97403,18.604333,yes
FAEL,King Phalo Airport,large_airport,East London,ZA,South Africa,ELS,FAEL,-33.035599,27.825899,yes
FAGG,George Airport,large_airport,George,ZA,South Africa,GRJ,FAGG,-34.0056,22.378902,yes
FAHT,Eastgate Airport / Air Force Base Hoedspruit,medium_airport,Hoedspruit,ZA,South Africa,HDS,,-24.361864,31.052921,yes
FAKM,Kimberley Airport,large_airport,Kimberley,ZA,South Africa,KIM,FAKM,-28.805401,24.764872,yes
FAKN,Kruger Mpumalanga International Airport,large_airport,Mbombela,ZA,South Africa,MQP,FAKN,-25.383327,31.105325,yes
FALA,Lanseria International Airport,large_airport,Johannesburg,ZA,South Africa,HLA,FALA,-25.938964,27.926642,yes
FALE,King Shaka International Airport,large_airport,Durban,ZA,South Africa,DUR,FALE,-29.6144444444,31.1197222222,yes
FAMG,Margate Airport,medium_airport,Margate,ZA,South Africa,MGH,FAMG,-30.8574008942,30.343000412,yes
FAMM,Mmabatho International Airport,medium_airport,Mafeking,ZA,South Africa,MBD,FAMM,-25.798400878900004,25.548000335699996,yes
FAMU,Mkuze Airport,medium_airport,Mkuze,ZA,South Africa,MZQ,FAMU,-27.626101,32.0443,yes
FAOR,O.R. Tambo International Airport,large_airport,Johannesburg,ZA,South Africa,JNB,FAOR,-26.140081,28.246801,yes
FAPE,Chief Dawid Stuurman International Airport,large_airport,Gqeberha (Port Elizabeth),ZA,South Africa,PLZ,FAPE,-33.989715,25.617353,yes
FAPH,Hendrik Van Eck Airport,medium_airport,Phalaborwa,ZA,South Africa,PHW,FAPH,-23.937200546299998,31.1553993225,yes
FAPM,Pietermaritzburg Airport,medium_airport,Pietermaritzburg,ZA,South Africa,PZB,FAPM,-29.649000167799997,30.3987007141,yes
FAPP,Polokwane International Airport,large_airport,Polokwane,ZA,South Africa,PTG,FAPP,-23.845269,29.458615,yes
FARB,Richards Bay Airport,medium_airport,Richards Bay,ZA,South Africa,RCB,FARB,-28.740999221800003,32.0920982361,yes
FASS,Sishen Airport,medium_airport,Sishen,ZA,South Africa,SIS,FASS,-27.6486,22.9993,yes
FASZ,Skukuza Airport,medium_airport,Skukuza,ZA,South Africa,SZK,FASZ,-24.96085,31.588587,yes
FAUP,Upington Airport,medium_airport,Upington,ZA,South Africa,UTN,FAUP,-28.400246,21.263592,yes
FAUT,K. D. Matanzima Airport,medium_airport,Mthatha,ZA,South Africa,UTT,FAUT,-31.546363184900002,28.6733551025,yes
FBFT,Phillip Gaonwe Matante International Airport,large_airport,Francistown,BW,Botswana,FRW,FBPM,-21.159183,27.468826,yes
FBKE,Kasane International Airport,large_airport,Kasane,BW,Botswana,BBK,FBKE,-17.831653,25.166195,yes
FBMN,Maun International Airport,large_airport,Maun,BW,Botswana,MUB,FBMN,-19.970491,23.431409,yes
FBSK,Sir Seretse Khama International Airport,large_airport,Gaborone,BW,Botswana,GBE,FBSK,-24.555201,25.9182,yes
FCBB,Maya-Maya International Airport,large_airport,Brazzaville,CG,Republic of the Congo,BZV,FCBB,-4.2517,15.253,yes
FCPP,Antonio Agostinho-Neto International Airport,large_airport,Pointe Noire,CG,Republic of the Congo,PNR,FCPP,-4.81603,11.8866,yes
FDSK,King Mswati III International Airport,large_airport,Mpaka,SZ,Eswatini,SHO,FDSK,-26.358611,31.716944,yes
FEFF,Bangui M'Poko International Airport,large_airport,Bangui,CF,Central African Republic,BGF,FEFF,4.39848,18.518801,yes
FGBT,Bata International Airport,large_airport,Bata,GQ,Equatorial Guinea,BSG,FGBT,1.90547,9.80568,yes
FGMY,President Obiang Nguema International Airport,medium_airport,Mengomeyén,GQ,Equatorial Guinea,GEM,FGMY,1.676437,11.024904,yes
FGSL,Malabo International Airport,large_airport,Malabo,GQ,Equatorial Guinea,SSG,FGSL,3.75527,8.70872,yes
FHAW,RAF Ascension Island,medium_airport,Cat Hill,SH,"Saint Helena, Ascension and Tristan da Cunha",ASI,FHAW,-7.970179,-14.392744,yes
FHSH,Saint Helena International Airport,medium_airport,Jamestown,SH,"Saint Helena, Ascension and Tristan da Cunha",HLE,FHSH,-15.958898,-5.646066,yes
FIMP,Sir Seewoosagur Ramgoolam International Airport,large_airport,Plaine Magnien,MU,Mauritius,MRU,FIMP,-20.430201,57.683601,yes
FIMR,Sir Charles Gaetan Duval Airport,medium_airport,Port Mathurin,MU,Mauritius,RRG,FIMR,-19.756696,63.359326,yes
FKKD,Douala International Airport,large_airport,Douala,CM,Cameroon,DLA,FKKD,4.00608,9.71948,yes
FKKL,Salak Airport,medium_airport,Maroua,CM,Cameroon,MVR,FKKL,10.451399803161621,14.257399559020996,yes
FKKN,N'Gaoundéré Airport,medium_airport,N'Gaoundéré,CM,Cameroon,NGE,FKKN,7.3570098876953125,13.559200286865234,yes
FKKR,Garoua International Airport,large_airport,Garoua,CM,Cameroon,GOU,FKKR,9.334785,13.372129,yes
FKYS,Yaoundé Nsimalen International Airport,large_airport,Yaoundé,CM,Cameroon,NSI,FKYS,3.72256,11.5533,yes
FLLI,Harry Mwanga Nkumbula International Airport,large_airport,Livingstone,ZM,Zambia,LVI,FLHN,-17.821524,25.819642,yes
FLLS,Kenneth Kaunda International Airport,large_airport,Lusaka,ZM,Zambia,LUN,FLKK,-15.330833,28.452722,yes
FLMF,Mfuwe International Airport,large_airport,Mfuwe,ZM,Zambia,MFU,FLMF,-13.2589,31.9366,yes
FLSK,Simon Mwansa Kapwepwe International Airport,large_airport,Ndola,ZM,Zambia,NLA,FLSK,-12.96513,28.515624,yes
FMCH,Prince Said Ibrahim International Airport,large_airport,Moroni,KM,Comoros,HAH,FMCH,-11.5337,43.2719,yes
FMCV,Ouani Airport,medium_airport,Ouani,KM,Comoros,AJN,FMCV,-12.131047,44.430044,yes
FMCZ,Dzaoudzi Pamandzi International Airport,large_airport,Dzaoudzi,YT,Mayotte,DZA,FMCZ,-12.809319,45.281815,yes
FMEE,Roland Garros Airport,large_airport,Sainte-Marie,RE,Réunion,RUN,FMEE,-20.890087,55.518894,yes
FMEP,Saint-Pierre Pierrefonds Airport,large_airport,Saint-Pierre,RE,Réunion,ZSE,FMEP,-21.319362,55.422506,yes
FMMI,Ivato International Airport,large_airport,Antananarivo,MG,Madagascar,TNR,FMMI,-18.7969,47.478802,yes
FMMS,Sainte Marie Airport,medium_airport,Vohilava,MG,Madagascar,SMS,FMMS,-17.093901,49.8158,yes
FMMT,Toamasina Ambalamanasy Airport,large_airport,Toamasina,MG,Madagascar,TMM,FMMT,-18.113537,49.392262,yes
FMMV,Morondava Airport,medium_airport,Morondava,MG,Madagascar,MOQ,FMMV,-20.2847,44.3176,yes
FMNA,Arrachart Airport,medium_airport,Antisiranana,MG,Madagascar,DIE,FMNA,-12.3494,49.291698,yes
FMNM,Amborovy Airport,large_airport,Mahajanga,MG,Madagascar,MJN,FMNM,-15.666842,46.351233,yes
FMNN,Nosy Be International Airport,large_airport,Nosy Be,MG,Madagascar,NOS,FMNN,-13.3121,48.3148,yes
FMNQ,Besalampy Airport,medium_airport,Besalampy,MG,Madagascar,BPY,FMNQ,-16.74453,44.482484,yes
FMNR,Maroantsetra Airport,medium_airport,Maroantsetra,MG,Madagascar,WMN,FMNR,-15.437742,49.689081,yes
FMNS,Sambava Airport,medium_airport,Sambava,MG,Madagascar,SVB,FMNS,-14.2786,50.174702,yes
FMSD,Tôlanaro Airport,medium_airport,Tôlanaro,MG,Madagascar,FTU,FMSD,-25.038099,46.9561,yes
FMSM,Mananjary Airport,medium_airport,Mananjary,MG,Madagascar,MNJ,FMSM,-21.201799,48.358299,yes
FMST,Toliara Airport,medium_airport,Toliara,MG,Madagascar,TLE,FMST,-23.3834,43.7285,yes
FNBC,Mbanza Congo Airport,medium_airport,Mbanza Congo,AO,Angola,SSY,FNBC,-6.269899845123291,14.246999740600586,yes
FNBJ,Dr. Antonio Agostinho Neto International Airport,large_airport,Luanda (Ícolo e Bengo),AO,Angola,NBJ,FNBJ,-9.050734,13.499078,yes
FNCA,Cabinda Airport,medium_airport,Cabinda,AO,Angola,CAB,FNCA,-5.59839,12.188145,yes
FNCT,Catumbela Airport,medium_airport,Catumbela,AO,Angola,CBT,FNCT,-12.4792,13.4869,yes
FNDU,Dundo Airport,medium_airport,Chitato,AO,Angola,DUE,FNDU,-7.400889873504639,20.818500518798828,yes
FNGI,Ngjiva Pereira Airport,medium_airport,Ngiva,AO,Angola,VPE,FNGI,-17.0435009003,15.683799743700002,yes
FNHU,Albano Machado Airport,medium_airport,Huambo,AO,Angola,NOV,FNHU,-12.8089,15.7605,yes
FNLU,Quatro de Fevereiro International Airport,large_airport,Luanda,AO,Angola,LAD,FNLU,-8.85837,13.2312,yes
FNMA,Malanje Airport,medium_airport,Malanje,AO,Angola,MEG,FNMA,-9.525090217590332,16.312400817871094,yes
FNME,Menongue Airport,medium_airport,Menongue,AO,Angola,SPP,FNME,-14.657600402832031,17.71980094909668,yes
FNMO,Welwitschia Mirabilis International Airport,medium_airport,Moçâmedes,AO,Angola,MSZ,FNMO,-15.2612,12.1468,yes
FNNG,Negage Airport,medium_airport,Negage,AO,Angola,GXG,FNNG,-7.754509925842285,15.287699699401855,yes
FNSO,Soyo Airport,medium_airport,Soyo,AO,Angola,SZA,FNSO,-6.141089916229248,12.371800422668457,yes
FNUB,Lubango Mukanka International Airport,medium_airport,Lubango,AO,Angola,SDD,FNUB,-14.924839,13.576653,yes
FOGO,Oyem Airport,medium_airport,Oyem,GA,Gabon,OYE,FOGO,1.5431100130081177,11.581399917602539,yes
FOOG,Port Gentil International Airport,large_airport,Port Gentil,GA,Gabon,POG,FOOG,-0.711739,8.75438,yes
FOOK,Makokou Airport,medium_airport,Makokou,GA,Gabon,MKU,FOOK,0.5792109966278076,12.890899658203125,yes
FOOL,Libreville Leon M'ba International Airport,large_airport,Libreville,GA,Gabon,LBV,FOOL,0.458951,9.41214,yes
FOON,M'Vengue El Hadj Omar Bongo Ondimba International Airport,medium_airport,Franceville,GA,Gabon,MVB,FOON,-1.65616,13.438,yes
FPPR,Principe Airport,medium_airport,São Tomé & Príncipe,ST,São Tomé and Principe,PCP,FPPR,1.661155,7.411081,yes
FPST,São Tomé International Airport,large_airport,São Tomé,ST,São Tomé and Principe,TMS,FPST,0.378175,6.71215,yes
FQBR,Beira International Airport,large_airport,Beira,MZ,Mozambique,BEW,FQBR,-19.7964,34.9076,yes
FQCH,Chimoio Airport,medium_airport,Chimoio,MZ,Mozambique,VPY,FQCH,-19.15130043029785,33.42900085449219,yes
FQIN,Inhambane Airport,medium_airport,Inhambane,MZ,Mozambique,INH,FQIN,-23.8764,35.408501,yes
FQLC,Lichinga Airport,medium_airport,Lichinga,MZ,Mozambique,VXC,FQLC,-13.274,35.2663,yes
FQMA,Maputo Airport,large_airport,Maputo,MZ,Mozambique,MPM,FQMA,-25.920799,32.572601,yes
FQNC,Nacala International Airport,medium_airport,Nacala,MZ,Mozambique,MNC,FQNC,-14.4882,40.7122,yes
FQNP,Nampula Airport,large_airport,Nampula,MZ,Mozambique,APL,FQNP,-15.1056,39.281799,yes
FQPB,Pemba Airport,medium_airport,Pemba,MZ,Mozambique,POL,FQPB,-12.993302,40.524867,yes
FQQL,Quelimane Airport,medium_airport,Quelimane,MZ,Mozambique,UEL,FQQL,-17.855499267578125,36.86909866333008,yes
FQTT,Tete Airport,large_airport,Tete,MZ,Mozambique,TET,FQTT,-16.104799,33.640202,yes
FQVL,Vilankulo Airport,medium_airport,Vilanculo,MZ,Mozambique,VNX,FQVL,-22.018400192260742,35.31330108642578,yes
FSIA,Seychelles International Airport,large_airport,Victoria,SC,Seychelles,SEZ,FSIA,-4.67434,55.521801,yes
FSPP,Praslin Island Airport,medium_airport,Praslin Island,SC,Seychelles,PRI,FSPP,-4.319256,55.691561,yes
FTTJ,N'Djamena International Airport,large_airport,N'Djamena,TD,Chad,NDJ,FTTJ,12.1337,15.034,yes
FVBU,Joshua Mqabuko Nkomo International Airport,large_airport,Bulawayo,ZW,Zimbabwe,BUQ,FVJN,-20.016284,28.622897,yes
FVFA,Victoria Falls International Airport,large_airport,Victoria Falls,ZW,Zimbabwe,VFA,FVFA,-18.097437,25.836867,yes
FVHA,Robert Gabriel Mugabe International Airport,large_airport,Harare,ZW,Zimbabwe,HRE,FVRG,-17.931801,31.0928,yes
FVKB,Kariba Airport,medium_airport,Kariba,ZW,Zimbabwe,KAB,FVKB,-16.5198,28.885,yes
FWCL,Chileka International Airport,large_airport,Blantyre,MW,Malawi,BLZ,FWCL,-15.677189,34.972319,yes
FWKI,Kamuzu International Airport,large_airport,Lumbadzi,MW,Malawi,LLW,FWKI,-13.7894,33.780998,yes
FXMM,Moshoeshoe I International Airport,large_airport,Maseru(Mazenod),LS,Lesotho,MSU,FXMM,-29.456277,27.554456,yes
FYKM,Katima Mulilo Airport,medium_airport,Mpacha,NA,Namibia,MPA,FYKM,-17.634258,24.176688,yes
FYLZ,Luderitz Airport,medium_airport,Luderitz,NA,Namibia,LUD,FYLZ,-26.687400817871094,15.242899894714355,yes
FYOA,Ondangwa Airport,medium_airport,Ondangwa,NA,Namibia,OND,FYOA,-17.878201,15.9526,yes
FYOG,Oranjemund Airport,medium_airport,Oranjemund,NA,Namibia,OMD,FYOG,-28.585318,16.44638,yes
FYRU,Rundu Airport,medium_airport,Rundu,NA,Namibia,NDU,FYRU,-17.956499,19.7194,yes
FYWB,Walvis Bay International Airport,large_airport,Walvis Bay(Rooikop),NA,Namibia,WVB,FYWB,-22.979332,14.647102,yes
FYWE,Eros Airport,medium_airport,Windhoek,NA,Namibia,ERS,FYWE,-22.60492,17.079002,yes
FYWH,Hosea Kutako International Airport,large_airport,Windhoek,NA,Namibia,WDH,FYWH,-22.4799,17.4709,yes
FZAA,Ndjili International Airport,large_airport,Kinshasa,CD,Democratic Republic of the Congo,FIH,FZAA,-4.38575,15.4446,yes
FZBO,Bandundu Airport,medium_airport,Bandundu,CD,Democratic Republic of the Congo,FDU,FZBO,-3.31132,17.381701,yes
FZCA,Kikwit Airport,medium_airport,Kikwit,CD,Democratic Republic of the Congo,KKW,FZCA,-5.03577,18.785601,yes
FZEA,Mbandaka Airport,medium_airport,Mbandaka,CD,Democratic Republic of the Congo,MDK,FZEA,0.0226000007242,18.2887001038,yes
FZFD,Gbadolite Airport,medium_airport,Gbadolite,CD,Democratic Republic of the Congo,BDT,FZFD,4.252745,20.975271,yes
FZFK,Gemena Airport,medium_airport,Gemena,CD,Democratic Republic of the Congo,GMA,FZFK,3.23537,19.771299,yes
FZIC,Bangoka International Airport,large_airport,Kisangani,CD,Democratic Republic of the Congo,FKI,FZIC,0.481639,25.337999,yes
FZJH,Matari Airport,medium_airport,Isiro,CD,Democratic Republic of the Congo,IRP,FZJH,2.82761,27.588301,yes
FZKA,Bunia Airport,medium_airport,Bunia,CD,Democratic Republic of the Congo,BUX,FZKA,1.565743,30.220685,yes
FZNA,Goma International Airport,large_airport,Goma,CD,Democratic Republic of the Congo,GOM,FZNA,-1.666758,29.238037,yes
FZOA,Kindu Airport,medium_airport,Kindu,CD,Democratic Republic of the Congo,KND,FZOA,-2.91917991638,25.915399551399997,yes
FZQA,Lubumbashi International Airport,large_airport,Lubumbashi,CD,Democratic Republic of the Congo,FBM,FZQA,-11.591494,27.530753,yes
FZQM,Kolwezi Airport,medium_airport,Kolwezi,CD,Democratic Republic of the Congo,KWZ,FZQM,-10.7659,25.505699,yes
FZRF,Kalemie Airport,medium_airport,Kalemie,CD,Democratic Republic of the Congo,FMI,FZRF,-5.87556,29.25,yes
FZUA,Kananga Airport,medium_airport,Kananga,CD,Democratic Republic of the Congo,KGA,FZUA,-5.90005,22.4692,yes
FZWA,Mbuji Mayi Airport,medium_airport,Mbuji Mayi,CD,Democratic Republic of the Congo,MJM,FZWA,-6.121240139010001,23.569000244099996,yes
GABS,Modibo Keita International Airport,large_airport,Bamako,ML,Mali,BKO,GABS,12.5335,-7.94994,yes
GAGO,Gao International Airport,medium_airport,Gao,ML,Mali,GAQ,GAGO,16.248466,-0.005389,yes
GAKY,Kayes Dag Dag Airport,medium_airport,Kayes,ML,Mali,KYS,GAKD,14.482521,-11.399335,yes
GAMB,Mopti Airport,medium_airport,Sévaré,ML,Mali,MZI,GAMB,14.5128,-4.07956,yes
GATB,Tombouktou Airport,large_airport,Timbuktu,ML,Mali,TOM,GATB,16.730499,-3.00758,yes
GBYD,Banjul International Airport,large_airport,Banjul (Yundum),GM,Gambia,BJL,GBYD,13.338,-16.652201,yes
GCFV,Fuerteventura Airport,large_airport,El Matorral,ES,Spain,FUE,GCFV,28.4527,-13.8638,yes
GCHI,El Hierro Airport,medium_airport,El Hierro Island,ES,Spain,VDE,GCHI,27.8148,-17.8871,yes
GCLA,La Palma Airport,medium_airport,"Sta Cruz de la Palma, La Palma Island",ES,Spain,SPC,GCLA,28.626499,-17.7556,yes
GCLP,Gran Canaria Airport,large_airport,Gran Canaria Island,ES,Spain,LPA,GCLP,27.9319,-15.3866,yes
GCRR,César Manrique-Lanzarote Airport,large_airport,San Bartolomé,ES,Spain,ACE,GCRR,28.945499,-13.6052,yes
GCTS,Tenerife Sur Airport,large_airport,Tenerife,ES,Spain,TFS,GCTS,28.0445,-16.5725,yes
GCXO,Tenerife Norte-Ciudad de La Laguna Airport,large_airport,Tenerife,ES,Spain,TFN,GCXO,28.482752,-16.341707,yes
GEML,Melilla Airport,medium_airport,Melilla,ES,Spain,MLN,GEML,35.2798,-2.95626,yes
GFLL,Lungi International Airport,large_airport,Freetown (Lungi-Town),SL,Sierra Leone,FNA,GFLL,8.61644,-13.1955,yes
GGOV,Osvaldo Vieira International Airport,large_airport,Bissau,GW,Guinea-Bissau,OXB,GGOV,11.894262,-15.653596,yes
GL-0012,Qaqortoq Airport,medium_airport,Qaqortoq,GL,Greenland,JJU,BGQO,60.76383,-46.065001,yes
GLMR,Spriggs Payne Airport,medium_airport,Monrovia,LR,Liberia,MLW,GLMR,6.28906,-10.7587,yes
GLRB,Roberts International Airport,large_airport,Monrovia,LR,Liberia,ROB,GLRB,6.23379,-10.3623,yes
GMAD,Al Massira Airport,large_airport,Agadir (Temsia),MA,Morocco,AGA,GMAD,30.322478,-9.412003,yes
GMAT,Tan Tan Airport,medium_airport,Tan Tan,MA,Morocco,TTA,GMAT,28.447563,-11.161749,yes
GMAZ,Zagora Airport,large_airport,Zagora,MA,Morocco,OZG,GMAZ,30.265788,-5.860808,yes
GMFB,Bouarfa Airport,medium_airport,Bouarfa,MA,Morocco,UAR,GMFB,32.514306,-1.983056,yes
GMFF,Fes Saïss International Airport,large_airport,Saïss,MA,Morocco,FEZ,GMFF,33.927299,-4.97796,yes
GMFK,Moulay Ali Cherif Airport,medium_airport,Errachidia,MA,Morocco,ERH,GMFK,31.9475002289,-4.39833021164,yes
GMFO,Oujda Angads Airport,large_airport,Ahl Angad,MA,Morocco,OUD,GMFO,34.789558,-1.926041,yes
GMMA,Smara Airport,medium_airport,Smara,EH,Western Sahara (disputed territory),SMW,GMMA,26.731987,-11.683655,yes
GMMD,Beni Mellal Airport,large_airport,Oulad Yaich,MA,Morocco,BEM,GMMD,32.401895,-6.315905,yes
GMME,Rabat-Salé Airport,large_airport,Rabat,MA,Morocco,RBA,GMME,34.051498,-6.75152,yes
GMMH,Dakhla Airport,large_airport,Dakhla,EH,Western Sahara (disputed territory),VIL,GMMH,23.7183,-15.932,yes
GMMI,Essaouira-Mogador Airport,medium_airport,Essaouira,MA,Morocco,ESU,GMMI,31.397499,-9.68167,yes
GMML,Laayoune Hassan I International Airport,large_airport,El Aaiún,EH,Western Sahara (disputed territory),EUN,GMML,27.142467,-13.224947,yes
GMMN,Mohammed V International Airport,large_airport,Casablanca,MA,Morocco,CMN,GMMN,33.3675,-7.58997,yes
GMMW,Nador Al Aaroui International Airport,large_airport,Al Aaroui,MA,Morocco,NDR,GMMW,34.9888,-3.02821,yes
GMMX,Marrakesh Menara Airport,large_airport,Marrakesh,MA,Morocco,RAK,GMMX,31.604807,-8.035788,yes
GMMZ,Ouarzazate International Airport,large_airport,Ouarzazate,MA,Morocco,OZZ,GMMZ,30.9391,-6.90943,yes
GMTA,Cherif Al Idrissi Airport,medium_airport,Al Hoceima,MA,Morocco,AHU,GMTA,35.177101,-3.83952,yes
GMTN,Sania Ramel Airport,large_airport,Tétouan,MA,Morocco,TTU,GMTN,35.594299,-5.32002,yes
GMTT,Tangier Ibn Battuta Airport,large_airport,Tangier,MA,Morocco,TNG,GMTT,35.731741,-5.921459,yes
GOBD,Blaise Diagne International Airport,large_airport,Dakar,SN,Senegal,DSS,GOBD,14.670878,-17.072829,yes
GOGG,Ziguinchor Airport,medium_airport,Ziguinchor,SN,Senegal,ZIG,GOGG,12.55559,-16.283298,yes
GOGS,Cap Skirring Airport,medium_airport,Cap Skirring,SN,Senegal,CSK,GOGS,12.39533,-16.748,yes
GOOY,Léopold Sédar Senghor International Airport,large_airport,Dakar,SN,Senegal,DKR,GOOY,14.742337,-17.479222,yes
GQNO,Nouakchott–Oumtounsy International Airport,large_airport,Nouakchott,MR,Mauritania,NKC,GQNO,18.31,-15.969722,yes
GQPP,Nouadhibou International Airport,large_airport,Nouadhibou,MR,Mauritania,NDB,GQPP,20.932404,-17.030199,yes
GQPZ,Tazadit Airport,medium_airport,Zouérate,MR,Mauritania,OUZ,GQPZ,22.757345,-12.482228,yes
GUCY,Ahmed Sékou Touré International Airport,large_airport,Conakry,GN,Guinea,CKY,GUCY,9.57689,-13.612,yes
GVAC,Amílcar Cabral International Airport,large_airport,Espargos,CV,Cape Verde,SID,GVAC,16.7414,-22.9494,yes
GVBA,Aristides Pereira International Airport,large_airport,Rabil,CV,Cape Verde,BVC,GVBA,16.136499,-22.888901,yes
GVMA,Maio Airport,medium_airport,Vila do Maio,CV,Cape Verde,MMO,GVMA,15.155900001525879,-23.213699340820312,yes
GVNP,Nelson Mandela International Airport,large_airport,Praia,CV,Cape Verde,RAI,GVNP,14.941126,-23.484728,yes
GVSN,Preguiça Airport,medium_airport,Preguiça,CV,Cape Verde,SNE,GVSN,16.588852,-24.284132,yes
GVSV,Cesaria Evora International Airport,large_airport,São Pedro,CV,Cape Verde,VXE,GVSV,16.833363,-25.055308,yes
HAAB,Addis Ababa Bole International Airport,large_airport,Addis Ababa,ET,Ethiopia,ADD,HAAB,8.97789,38.799301,yes
HAAM,Arba Minch Airport,medium_airport,Arba Minch,ET,Ethiopia,AMH,HAAM,6.03939,37.5905,yes
HAAX,Axum Airport,medium_airport,Axum,ET,Ethiopia,AXU,HAAX,14.1468,38.7728,yes
HABD,Bahir Dar Airport,medium_airport,Bahir Dar,ET,Ethiopia,BJR,HABD,11.6081,37.321602,yes
HADR,Aba Tenna Dejazmach Yilma International Airport,large_airport,Dire Dawa,ET,Ethiopia,DIR,HADR,9.623549,41.855027,yes
HAGM,Gambela Airport,medium_airport,Gambela,ET,Ethiopia,GMB,HAGM,8.12876,34.563099,yes
HAGN,Gondar Airport,medium_airport,Azezo,ET,Ethiopia,GDQ,HAGN,12.5199,37.433998,yes
HAGO,Gode Airport,medium_airport,Gode,ET,Ethiopia,GDE,HAGO,5.93513011932,43.5786018372,yes
HAJJ,Gerad Wilwal International Airport,large_airport,Jijiga,ET,Ethiopia,JIJ,HAJJ,9.331907,42.911811,yes
HAJK,Jinka Airport,medium_airport,Jinka,ET,Ethiopia,BCO,HABC,5.749655,36.560165,yes
HAJM,Jimma Airport,medium_airport,Jimma,ET,Ethiopia,JIM,HAJM,7.66609001159668,36.81660079956055,yes
HAKD,Kebri Dahar Airport,medium_airport,Kebri Dahar,ET,Ethiopia,ABK,HAKD,6.732577,44.241339,yes
HALA,Hawassa International Airport,large_airport,Hawassa,ET,Ethiopia,AWA,HALA,7.100611,38.396455,yes
HAMK,Mekele Alula Aba Nega Airport,medium_airport,Mekele,ET,Ethiopia,MQX,HAMK,13.4674,39.533501,yes
HASO,Asosa Airport,medium_airport,Asosa,ET,Ethiopia,ASO,HASO,10.018500328063965,34.586299896240234,yes
HBBA,Bujumbura Melchior Ndadaye International Airport,large_airport,Bujumbura,BI,Burundi,BJM,HBBA,-3.32402,29.318501,yes
HBBE,Gitega Airport,medium_airport,Gitega,BI,Burundi,GID,HBBE,-3.417209,29.911308,yes
HCMF,Bender Qassim International Airport,large_airport,Bosaso,SO,Somalia,BSA,HCMF,11.275235,49.139231,yes
HCMH,Egal International Airport,large_airport,Hargeisa,SO,Somalia,HGA,HCMH,9.514082,44.083469,yes
HCMI,Berbera Airport,medium_airport,Berbera,SO,Somalia,BBO,HCMI,10.385035,44.936723,yes
HCMM,Aden Adde International Airport,large_airport,Mogadishu,SO,Somalia,MGQ,HCMM,2.01444,45.304699,yes
HDAM,Djibouti-Ambouli Airport,large_airport,Djibouti City,DJ,Djibouti,JIB,HDAM,11.5473,43.1595,yes
HEAL,El Alamein International Airport,large_airport,El Alamein,EG,Egypt,DBB,HEAL,30.924324,28.46161,yes
HEAR,El Arish International Airport,large_airport,El Arish,EG,Egypt,AAC,HEAR,31.055324,33.827964,yes
HEAT,Asyut International Airport,large_airport,Asyut,EG,Egypt,ATZ,HEAT,27.045962,31.01276,yes
HEBA,Alexandria International Airport,large_airport,Alexandria,EG,Egypt,HBE,HEAX,30.93249,29.696437,yes
HEBL,Abu Simbel Airport,medium_airport,Abu Simbel,EG,Egypt,ABS,HEBL,22.375924,31.611734,yes
HECA,Cairo International Airport,large_airport,Cairo,EG,Egypt,CAI,HECA,30.111534,31.396694,yes
HECP,Capital International Airport,medium_airport,New Cairo,EG,Egypt,CCE,HECP,30.06465,31.839974,yes
HEGN,Hurghada International Airport,large_airport,Hurghada,EG,Egypt,HRG,HEGN,27.176776,33.796692,yes
HELX,Luxor International Airport,large_airport,Luxor,EG,Egypt,LXR,HELX,25.671018,32.706446,yes
HEMA,Marsa Alam International Airport,large_airport,Marsa Alam,EG,Egypt,RMF,HEMA,25.555548,34.59245,yes
HEMM,Mersa Matruh International Airport,large_airport,Marsa Matruh,EG,Egypt,MUH,HEMM,31.324313,27.22227,yes
HEPS,Port Said International Airport,large_airport,Port Said,EG,Egypt,PSD,HEPS,31.279285,32.240582,yes
HESG,Suhaj International Airport,large_airport,Suhaj,EG,Egypt,HMB,HESG,26.342515,31.743017,yes
HESH,Sharm El Sheikh International Airport,large_airport,Sharm El Sheikh,EG,Egypt,SSH,HESH,27.977272,34.394717,yes
HESN,Aswan International Airport,large_airport,Aswan,EG,Egypt,ASW,HESN,23.961075,32.820382,yes
HESX,Sphinx International Airport,large_airport,Al Jiza,EG,Egypt,SPX,HESX,30.108179,30.895728,yes
HETB,Taba International Airport,medium_airport,Taba,EG,Egypt,TCP,HETB,29.594496,34.775752,yes
HHAS,Asmara International Airport,medium_airport,Asmara,ER,Eritrea,ASM,HHAS,15.2919,38.910702,yes
HJJJ,Juba International Airport,large_airport,Juba,SS,South Sudan,JUB,HJJJ,4.87201,31.601101,yes
HKAM,Amboseli Airport,medium_airport,Ol Tukai,KE,Kenya,ASV,HKAM,-2.644786,37.252922,yes
HKEL,Eldoret International Airport,large_airport,Eldoret,KE,Kenya,EDL,HKEL,0.404458,35.238899,yes
HKJK,Jomo Kenyatta International Airport,large_airport,Nairobi,KE,Kenya,NBO,HKJK,-1.318886,36.928233,yes
HKKI,Kisumu International Airport,large_airport,Kisumu,KE,Kenya,KIS,HKKI,-0.086139,34.728901,yes
HKLU,Manda Airport,medium_airport,Lamu,KE,Kenya,LAU,HKLU,-2.252431,40.912892,yes
HKML,Malindi International Airport,medium_airport,Malindi,KE,Kenya,MYD,HKML,-3.22931,40.1017,yes
HKMO,Moi International Airport,large_airport,Mombasa,KE,Kenya,MBA,HKMO,-4.03483,39.5942,yes
HKMS,Mara Serena Lodge Airstrip,medium_airport,Serena,KE,Kenya,MRE,HKMS,-1.404588,35.008349,yes
HKNL,Nanyuki Civil Airport,medium_airport,Gathiuru,KE,Kenya,NYK,HKNL,-0.062352,37.041296,yes
HKNW,Nairobi Wilson Airport,medium_airport,Nairobi,KE,Kenya,WIL,HKNW,-1.32172,36.8148,yes
HKWJ,Wajir Airport,medium_airport,Wajir,KE,Kenya,WJR,HKWJ,1.73324,40.091599,yes
HLGD,Sirt International Airport / Ghardabiya Airbase,large_airport,Sirt,LY,Libya,SRX,HLGD,31.058578,16.597095,no
HLKF,Kufra Airport,medium_airport,Kufra,LY,Libya,AKF,HLKF,24.178699493408203,23.31399917602539,yes
HLLB,Benina International Airport,large_airport,Benina,LY,Libya,BEN,HLLB,32.096802,20.269501,yes
HLLM,Mitiga International Airport,large_airport,Tripoli,LY,Libya,MJI,HLLM,32.89177,13.287878,yes
HLLQ,Al Abraq International Airport,large_airport,Al Albraq,LY,Libya,LAQ,HLLQ,32.789036,21.954864,yes
HLLS,Sabha Airport,medium_airport,Sabha,LY,Libya,SEB,HLLS,26.992452,14.466162,yes
HLTD,Ghadames Airport,medium_airport,Ghadames,LY,Libya,LTD,HLTD,30.145484,9.702095,yes
HRYR,Kigali International Airport,large_airport,Kigali,RW,Rwanda,KGL,HRYR,-1.96863,30.1395,yes
HRZA,Kamembe Airport,medium_airport,Kamembe,RW,Rwanda,KME,HRZA,-2.462239980697632,28.907899856567383,yes
HSDN,Dongola Airport,medium_airport,Dongola,SD,Sudan,DOG,HSDN,19.153666,30.430069,yes
HSFS,El Fasher Airport,medium_airport,El Fasher,SD,Sudan,ELF,HSFS,13.614899635314941,25.324600219726562,yes
HSKA,Kassala Airport,medium_airport,Kassala,SD,Sudan,KSL,HSKA,15.387499809265137,36.328800201416016,yes
HSNN,Nyala Airport,medium_airport,Nyala,SD,Sudan,UYL,HSNN,12.0535,24.9562,yes
HSOB,El-Obeid Airport,medium_airport,El-Obeid,SD,Sudan,EBD,HSOB,13.1532,30.2327,yes
HSPN,Port Sudan New International Airport,large_airport,Port Sudan,SD,Sudan,PZU,HSPN,19.434558,37.234125,yes
HSSK,Khartoum International Airport,large_airport,Khartoum,SD,Sudan,KRT,HSSK,15.5895,32.5532,yes
HSSM,Malakal International Airport,medium_airport,Malakal,SS,South Sudan,MAK,HJMK,9.558739,31.651937,yes
HSWW,Wau Airport,medium_airport,Wau,SS,South Sudan,WUU,HJWW,7.72583,27.975,yes
HTAR,Arusha Airport,medium_airport,Arusha,TZ,Tanzania,ARK,HTAR,-3.3677899837493896,36.63330078125,yes
HTDA,Julius Nyerere International Airport,large_airport,Dar es Salaam,TZ,Tanzania,DAR,HTDA,-6.873499,39.207288,yes
HTDO,Dodoma Airport,medium_airport,Dodoma,TZ,Tanzania,DOD,HTDO,-6.170559,35.756036,yes
HTGW,Songwe Airport,medium_airport,Mbeya,TZ,Tanzania,MBI,HTGW,-8.919942,33.273981,yes
HTKJ,Kilimanjaro International Airport,large_airport,Arusha,TZ,Tanzania,JRO,HTKJ,-3.427049,37.07353,yes
HTMT,Mtwara Airport,medium_airport,Mtwara,TZ,Tanzania,MYW,HTMT,-10.336204,40.181997,yes
HTMW,Mwanza International Airport,large_airport,Mwanza,TZ,Tanzania,MWZ,HTMW,-2.446563,32.936049,yes
HTTG,Tanga Airport,medium_airport,Tanga,TZ,Tanzania,TGT,HTTG,-5.09236,39.071201,yes
HTZA,Abeid Amani Karume International Airport,large_airport,Zanzibar,TZ,Tanzania,ZNZ,HTZA,-6.22202,39.224899,yes
HUAR,Arua Airport,medium_airport,Arua,UG,Uganda,RUA,HUAR,3.049152,30.911714,yes
HUEN,Entebbe International Airport,large_airport,Entebbe,UG,Uganda,EBB,HUEN,0.042386,32.443501,yes
HUGU,Gulu Airport,medium_airport,Gulu,UG,Uganda,ULU,HUGU,2.8055601119995117,32.27180099487305,yes
HUSO,Soroti Airport,medium_airport,Soroti,UG,Uganda,SRT,HUSO,1.7276899814605713,33.622798919677734,yes
ID-0277,Dhoho International Airport,medium_airport,Kediri,ID,Indonesia,DHX,WARD,-7.749527,111.946831,yes
ID-ZGP,Bilorai Airport,medium_airport,Bilogai,ID,Indonesia,UGU,WAYB,-3.739503,137.031183,yes
IN-0025,Maharshi Valmiki International Airport,medium_airport,Faizabad,IN,India,AYJ,VEAY,26.747736,82.163664,yes
IN-0065,Amravati  Airport,medium_airport,Amravati,IN,India,AVR,VAAM,20.814608,77.717765,yes
IN-0107,Sindhudurg Airport,medium_airport,Chipi,IN,India,SDW,VOSR,16.002552,73.529846,yes
IN-0276,Navi Mumbai International Airport,large_airport,Navi Mumbai,IN,India,NMI,VANM,18.984597,73.065253,yes
IN-0308,Itanagar Donyi Polo Hollongi Airport,medium_airport,Hollongi,IN,India,HGI,VEHO,26.96683,93.638792,yes
IN-0392,Noida International Airport,large_airport,Gautam Buddha Nagar,IN,India,DXN,VIND,28.179868,77.611843,yes
IN-0393,Maa Mahamaya Airport,medium_airport,Ambikapur,IN,India,AHA,,22.98753,83.19612,yes
K61B,Boulder City Municipal Airport,medium_airport,Boulder City,US,United States,BLD,KBVU,35.947161,-114.858799,yes
KABE,Lehigh Valley International Airport,medium_airport,Allentown/Bethlehem,US,United States,ABE,KABE,40.651773,-75.442797,yes
KABI,Abilene Regional Airport,medium_airport,Abilene,US,United States,ABI,KABI,32.4113006592,-99.68190002440001,yes
KABQ,Albuquerque International Sunport,large_airport,Albuquerque,US,United States,ABQ,KABQ,35.039976,-106.608925,yes
KABR,Aberdeen Regional Airport,medium_airport,Aberdeen,US,United States,ABR,KABR,45.449100494384766,-98.42179870605469,yes
KABY,Southwest Georgia Regional Airport,medium_airport,Albany,US,United States,ABY,KABY,31.532946,-84.196215,yes
KACK,Nantucket Memorial Airport,medium_airport,Nantucket,US,United States,ACK,KACK,41.25310135,-70.06020355,yes
KACT,Waco Regional Airport,medium_airport,Waco,US,United States,ACT,KACT,31.611299514770508,-97.23049926757812,yes
KACV,California Redwood Coast-Humboldt County Airport,medium_airport,Arcata/Eureka,US,United States,ACV,KACV,40.978101,-124.109,yes
KACY,Atlantic City International Airport,medium_airport,Atlantic City,US,United States,ACY,KACY,39.456201,-74.577511,yes
KAEX,Alexandria International Airport,medium_airport,Alexandria,US,United States,AEX,KAEX,31.325828,-92.546702,yes
KAGS,Augusta Regional At Bush Field,medium_airport,Augusta,US,United States,AGS,KAGS,33.3699,-81.9645,yes
KAIA,Alliance Municipal Airport,medium_airport,Alliance,US,United States,AIA,KAIA,42.052543,-102.803965,yes
KALB,Albany International Airport,large_airport,Albany,US,United States,ALB,KALB,42.748299,-73.801697,yes
KALO,Waterloo Regional Airport,medium_airport,Waterloo,US,United States,ALO,KALO,42.557098388671875,-92.40029907226562,yes
KALS,San Luis Valley Regional Airport/Bergman Field,medium_airport,Alamosa,US,United States,ALS,KALS,37.434898,-105.866997,yes
KALW,Walla Walla Regional Airport,medium_airport,Walla Walla,US,United States,ALW,KALW,46.09489822,-118.288002,yes
KAMA,Rick Husband Amarillo International Airport,medium_airport,Amarillo,US,United States,AMA,KAMA,35.217857,-101.706444,yes
KAOO,Altoona Blair County Airport,medium_airport,Altoona,US,United States,AOO,KAOO,40.296398,-78.32,yes
KAPN,Alpena County Regional Airport,medium_airport,Alpena,US,United States,APN,KAPN,45.0780983,-83.56030273,yes
KART,Watertown International Airport,medium_airport,Watertown,US,United States,ART,KART,43.991901,-76.021698,yes
KASE,Aspen-Pitkin County Airport (Sardy Field),medium_airport,Aspen,US,United States,ASE,KASE,39.223202,-106.869003,yes
KATL,Hartsfield Jackson Atlanta International Airport,large_airport,Atlanta,US,United States,ATL,KATL,33.6367,-84.428101,yes
KATW,Appleton International Airport,medium_airport,Appleton,US,United States,ATW,KATW,44.258515,-88.519,yes
KATY,Watertown Regional Airport,medium_airport,Watertown,US,United States,ATY,KATY,44.91400146,-97.15470123,yes
KAUG,Augusta State Airport,medium_airport,Augusta,US,United States,AUG,KAUG,44.320598602299995,-69.7973022461,yes
KAUS,Austin Bergstrom International Airport,large_airport,Austin,US,United States,AUS,KAUS,30.197535,-97.662015,yes
KAVL,Asheville Regional Airport,medium_airport,Asheville,US,United States,AVL,KAVL,35.435488,-82.541853,yes
KAVP,Wilkes-Barre/Scranton International Airport,medium_airport,Wilkes-Barre/Scranton,US,United States,AVP,KAVP,41.337064,-75.724232,yes
KAZO,Kalamazoo/Battle Creek International Airport,medium_airport,Kalamazoo,US,United States,AZO,KAZO,42.232105,-85.549637,yes
KBBG,Branson Airport,medium_airport,Branson,US,United States,BKG,KBBG,36.532082,-93.200544,yes
KBDL,Bradley International Airport,large_airport,Hartford,US,United States,BDL,KBDL,41.938555,-72.688016,yes
KBED,Laurence G Hanscom Field,medium_airport,Bedford,US,United States,BED,KBED,42.470001,-71.289001,yes
KBFD,Bradford Regional Airport,medium_airport,Bradford,US,United States,BFD,KBFD,41.8031005859375,-78.64009857177734,yes
KBFF,Western Neb. Rgnl/William B. Heilig Airport,medium_airport,Scottsbluff,US,United States,BFF,KBFF,41.87400055,-103.5960007,yes
KBFI,King County International Airport - Boeing Field,medium_airport,Seattle,US,United States,BFI,KBFI,47.527042,-122.29995,yes
KBFL,Meadows Field,medium_airport,Bakersfield,US,United States,BFL,KBFL,35.433601,-119.056999,yes
KBGM,Greater Binghamton/Edwin A Link field,medium_airport,Binghamton,US,United States,BGM,KBGM,42.20869827,-75.97979736,yes
KBGR,Bangor International Airport,medium_airport,Bangor,US,United States,BGR,KBGR,44.806364,-68.826668,yes
KBHB,Hancock County-Bar Harbor Airport,medium_airport,Bar Harbor,US,United States,BHB,KBHB,44.45000076,-68.3615036,yes
KBHM,Birmingham-Shuttlesworth International Airport,large_airport,Birmingham,US,United States,BHM,KBHM,33.562877,-86.750712,yes
KBIH,Eastern Sierra Regional Airport,medium_airport,Bishop,US,United States,BIH,KBIH,37.3731,-118.363998,yes
KBIL,Billings Logan International Airport,medium_airport,Billings,US,United States,BIL,KBIL,45.808932,-108.541242,yes
KBIS,Bismarck Municipal Airport,medium_airport,Bismarck,US,United States,BIS,KBIS,46.772734,-100.746874,yes
KBJC,Rocky Mountain Metropolitan Airport,medium_airport,Denver,US,United States,BJC,KBJC,39.908798,-105.116997,yes
KBKW,Raleigh County Memorial Airport,medium_airport,Beaver,US,United States,BKW,KBKW,37.7873,-81.124199,yes
KBLI,Bellingham International Airport,medium_airport,Bellingham,US,United States,BLI,KBLI,48.79280090332031,-122.53800201416016,yes
KBLV,Scott AFB/Midamerica Airport,medium_airport,Belleville,US,United States,BLV,KBLV,38.5452,-89.835197,yes
KBMI,Central Illinois Regional Airport at Bloomington-Normal,medium_airport,Bloomington/Normal,US,United States,BMI,KBMI,40.4771,-88.915901,yes
KBNA,Nashville International Airport,large_airport,Nashville,US,United States,BNA,KBNA,36.1245,-86.6782,yes
KBOI,Boise Air Terminal/Gowen Field,large_airport,Boise,US,United States,BOI,KBOI,43.5644,-116.223,yes
KBOS,Boston Logan International Airport,large_airport,Boston,US,United States,BOS,KBOS,42.36197,-71.0079,yes
KBPT,Jack Brooks Regional Airport,medium_airport,Beaumont/Port Arthur,US,United States,BPT,KBPT,29.9508,-94.020699,yes
KBQK,Brunswick Golden Isles Airport,medium_airport,Brunswick,US,United States,BQK,KBQK,31.258801,-81.466499,yes
KBRD,Brainerd Lakes Regional Airport,medium_airport,Brainerd,US,United States,BRD,KBRD,46.402861,-94.129727,yes
KBRL,Southeast Iowa Regional Airport,medium_airport,Burlington,US,United States,BRL,KBRL,40.783199310302734,-91.12550354003906,yes
KBRO,Brownsville South Padre Island International Airport,medium_airport,Brownsville,US,United States,BRO,KBRO,25.907238,-97.425235,yes
KBTM,Bert Mooney Airport,medium_airport,Butte,US,United States,BTM,KBTM,45.95479965209961,-112.49700164794922,yes
KBTR,Baton Rouge Metropolitan Airport,medium_airport,Baton Rouge,US,United States,BTR,KBTR,30.533199,-91.149597,yes
KBTV,Patrick Leahy Burlington International Airport,medium_airport,Burlington,US,United States,BTV,KBTV,44.471901,-73.153297,yes
KBUF,Buffalo Niagara International Airport,large_airport,Buffalo,US,United States,BUF,KBUF,42.940498,-78.732201,yes
KBUR,Hollywood Burbank/Bob Hope Airport,large_airport,Burbank,US,United States,BUR,KBUR,34.202834,-118.35805,yes
KBWI,Baltimore/Washington International Thurgood Marshall Airport,large_airport,Baltimore,US,United States,BWI,KBWI,39.1754,-76.668297,yes
KBZN,Bozeman Yellowstone International Airport,medium_airport,Bozeman,US,United States,BZN,KBZN,45.778853,-111.153711,yes
KCAE,Columbia Metropolitan Airport,medium_airport,Columbia,US,United States,CAE,KCAE,33.938172,-81.123022,yes
KCAK,Akron Canton Regional Airport,medium_airport,Akron,US,United States,CAK,KCAK,40.916099548339844,-81.44219970703125,yes
KCCR,Buchanan Field,medium_airport,Concord,US,United States,CCR,KCCR,37.9897,-122.056999,yes
KCDC,Cedar City Regional Airport,medium_airport,Cedar City,US,United States,CDC,KCDC,37.70100021362305,-113.0989990234375,yes
KCDR,Chadron Municipal Airport,medium_airport,Chadron,US,United States,CDR,KCDR,42.837601,-103.095001,yes
KCEC,Jack Mc Namara Field Airport,medium_airport,Crescent City,US,United States,CEC,KCEC,41.778929,-124.236403,yes
KCEZ,Cortez Municipal Airport,medium_airport,Cortez,US,United States,CEZ,KCEZ,37.303001,-108.627998,yes
KCGI,Cape Girardeau Regional Airport,medium_airport,Cape Girardeau,US,United States,CGI,KCGI,37.2253,-89.570801,yes
KCHA,Chattanooga Metropolitan Airport (Lovell Field),medium_airport,Chattanooga,US,United States,CHA,KCHA,35.035301,-85.203796,yes
KCHO,Charlottesville Albemarle Airport,medium_airport,Charlottesville,US,United States,CHO,KCHO,38.13859939575195,-78.4529037475586,yes
KCHS,Charleston International Airport,large_airport,Charleston,US,United States,CHS,KCHS,32.896159,-80.038151,yes
KCID,The Eastern Iowa Airport,medium_airport,Cedar Rapids,US,United States,CID,KCID,41.884701,-91.7108,yes
KCIU,Chippewa County International Airport,medium_airport,Kincheloe,US,United States,CIU,KCIU,46.242038,-84.462082,yes
KCKB,North Central West Virginia Airport,medium_airport,Bridgeport,US,United States,CKB,KCKB,39.2966,-80.228104,yes
KCLE,Cleveland Hopkins International Airport,large_airport,Cleveland,US,United States,CLE,KCLE,41.411701,-81.8498,yes
KCLL,Easterwood Field,medium_airport,College Station,US,United States,CLL,KCLL,30.5886,-96.3638,yes
KCLT,Charlotte Douglas International Airport,large_airport,Charlotte,US,United States,CLT,KCLT,35.2140007019043,-80.94309997558594,yes
KCMH,John Glenn Columbus International Airport,large_airport,Columbus,US,United States,CMH,KCMH,39.998001,-82.891899,yes
KCMI,University of Illinois Willard Airport,medium_airport,Savoy,US,United States,CMI,KCMI,40.039819,-88.276249,yes
KCMX,Houghton County Memorial Airport,medium_airport,Hancock,US,United States,CMX,KCMX,47.168399810791016,-88.48909759521484,yes
KCNM,Cavern City Air Terminal,medium_airport,Carlsbad,US,United States,CNM,KCNM,32.337501525878906,-104.26300048828125,yes
KCNY,Canyonlands Regional Airport,medium_airport,Moab,US,United States,CNY,KCNY,38.755001,-109.754997,yes
KCOD,Yellowstone Regional Airport,medium_airport,Cody,US,United States,COD,KCOD,44.520199,-109.024002,yes
KCOS,City of Colorado Springs Municipal Airport,large_airport,Colorado Springs,US,United States,COS,KCOS,38.805801,-104.700996,yes
KCOU,Columbia Regional Airport,medium_airport,Columbia,US,United States,COU,KCOU,38.8181,-92.219597,yes
KCPR,Casper-Natrona County International Airport,medium_airport,Casper,US,United States,CPR,KCPR,42.907381,-106.461609,yes
KCRP,Corpus Christi International Airport,medium_airport,Corpus Christi,US,United States,CRP,KCRP,27.770399,-97.501198,yes
KCRQ,McClellan-Palomar Airport,medium_airport,Carlsbad,US,United States,CLD,KCRQ,33.1283,-117.279999,yes
KCRW,Yeager Airport,medium_airport,Charleston,US,United States,CRW,KCRW,38.3731,-81.593201,yes
KCSG,Columbus Airport,medium_airport,Columbus,US,United States,CSG,KCSG,32.516415,-84.939602,yes
KCVG,Cincinnati Northern Kentucky International Airport,large_airport,Cincinnati / Covington,US,United States,CVG,KCVG,39.048801,-84.667801,yes
KCVN,Clovis Municipal Airport,medium_airport,Clovis,US,United States,CVN,KCVN,34.426594,-103.078794,yes
KCWA,Central Wisconsin Airport,medium_airport,Mosinee,US,United States,CWA,KCWA,44.777448,-89.670238,yes
KCYS,Cheyenne Regional Jerry Olson Field,medium_airport,Cheyenne,US,United States,CYS,KCYS,41.155701,-104.811997,yes
KDAB,Daytona Beach International Airport,medium_airport,Daytona Beach,US,United States,DAB,KDAB,29.18255,-81.059464,yes
KDAL,Dallas Love Field,large_airport,Dallas,US,United States,DAL,KDAL,32.844776,-96.847653,yes
KDAY,James M. Cox Dayton International Airport,medium_airport,Dayton,US,United States,DAY,KDAY,39.902401,-84.219398,yes
KDBQ,Dubuque Regional Airport,medium_airport,Dubuque,US,United States,DBQ,KDBQ,42.402,-90.709503,yes
KDCA,Ronald Reagan Washington National Airport,large_airport,Washington,US,United States,DCA,KDCA,38.8521,-77.037697,yes
KDDC,Dodge City Regional Airport,medium_airport,Dodge City,US,United States,DDC,KDDC,37.76340103149414,-99.9655990600586,yes
KDEC,Decatur Airport,medium_airport,Decatur,US,United States,DEC,KDEC,39.834598541259766,-88.8656997680664,yes
KDEN,Denver International Airport,large_airport,Denver,US,United States,DEN,KDEN,39.860027,-104.673792,yes
KDFW,Dallas Fort Worth International Airport,large_airport,Dallas-Fort Worth,US,United States,DFW,KDFW,32.896801,-97.038002,yes
KDHN,Dothan Regional Airport,medium_airport,Dothan,US,United States,DHN,KDHN,31.321300506591797,-85.44960021972656,yes
KDIK,Dickinson Theodore Roosevelt Regional Airport,medium_airport,Dickinson,US,United States,DIK,KDIK,46.797533,-102.801905,yes
KDLH,Duluth International Airport,medium_airport,Duluth,US,United States,DLH,KDLH,46.841873,-92.198746,yes
KDOV,Dover Civil Air Terminal/Dover Air Force Base,medium_airport,Dover,US,United States,DOV,KDOV,39.129501,-75.466003,yes
KDRO,Durango La Plata County Airport,medium_airport,Durango,US,United States,DRO,KDRO,37.151501,-107.753998,yes
KDSM,Des Moines International Airport,large_airport,Des Moines,US,United States,DSM,KDSM,41.534027,-93.656719,yes
KDTS,Destin Executive Airport,medium_airport,Destin,US,United States,DSI,KDTS,30.400101,-86.471497,yes
KDTW,Detroit Metropolitan Wayne County Airport,large_airport,Detroit,US,United States,DTW,KDTW,42.21377,-83.353786,yes
KDUJ,DuBois Regional Airport,medium_airport,Dubois,US,United States,DUJ,KDUJ,41.17829895,-78.8986969,yes
KDVL,Devils Lake Regional Airport,medium_airport,Devils Lake,US,United States,DVL,KDVL,48.115454,-98.908796,yes
KEAR,Kearney Regional Airport,medium_airport,Kearney,US,United States,EAR,KEAR,40.727001,-99.006798,yes
KEAT,Pangborn Memorial Airport,medium_airport,Wenatchee,US,United States,EAT,KEAT,47.398899,-120.207001,yes
KEAU,Chippewa Valley Regional Airport,medium_airport,Eau Claire,US,United States,EAU,KEAU,44.86579895019531,-91.48429870605469,yes
KECP,Northwest Florida Beaches International Airport,medium_airport,Panama City Beach,US,United States,ECP,KECP,30.357106,-85.795414,yes
KEGE,Eagle County Regional Airport,medium_airport,Eagle,US,United States,EGE,KEGE,39.64260101,-106.9179993,yes
KEKO,Elko Regional Airport,medium_airport,Elko,US,United States,EKO,KEKO,40.82490158081055,-115.79199981689453,yes
KELD,South Arkansas Regional Airport at Goodwin Field,medium_airport,El Dorado,US,United States,ELD,KELD,33.221001,-92.813301,yes
KELM,Elmira Corning Regional Airport,medium_airport,Elmira/Corning,US,United States,ELM,KELM,42.1599006652832,-76.8916015625,yes
KELP,El Paso International Airport,large_airport,El Paso,US,United States,ELP,KELP,31.809908,-106.375607,yes
KERI,Erie International Tom Ridge Field,medium_airport,Erie,US,United States,ERI,KERI,42.083127,-80.173867,yes
KESC,Delta County Airport,medium_airport,Escanaba,US,United States,ESC,KESC,45.723199,-87.088623,yes
KEUG,Eugene Airport,medium_airport,Eugene,US,United States,EUG,KEUG,44.124599,-123.211998,yes
KEVV,Evansville Regional Airport,medium_airport,Evansville,US,United States,EVV,KEVV,38.0369987488,-87.5324020386,yes
KEWB,New Bedford Regional Airport,medium_airport,New Bedford,US,United States,EWB,KEWB,41.67610168457031,-70.95690155029297,yes
KEWN,Coastal Carolina Regional Airport,medium_airport,New Bern,US,United States,EWN,KEWN,35.0730018616,-77.04290008539999,yes
KEWR,Newark Liberty International Airport,large_airport,Newark,US,United States,EWR,KEWR,40.6894,-74.170545,yes
KEYW,Key West International Airport,medium_airport,Key West,US,United States,EYW,KEYW,24.556119,-81.759579,yes
KFAR,Hector International Airport,medium_airport,Fargo,US,United States,FAR,KFAR,46.9207,-96.815804,yes
KFAT,Fresno Yosemite International Airport,large_airport,Fresno,US,United States,FAT,KFAT,36.775767,-119.718018,yes
KFAY,Fayetteville Regional Airport - Grannis Field,medium_airport,Fayetteville,US,United States,FAY,KFAY,34.991199,-78.880302,yes
KFHR,Friday Harbor Airport,medium_airport,Friday Harbor,US,United States,FRD,KFHR,48.523654,-123.024645,yes
KFLG,Flagstaff Pulliam Airport,medium_airport,Flagstaff,US,United States,FLG,KFLG,35.139757,-111.669826,yes
KFLL,Fort Lauderdale Hollywood International Airport,large_airport,Fort Lauderdale,US,United States,FLL,KFLL,26.072599,-80.152702,yes
KFLO,Florence Regional Airport,medium_airport,Florence,US,United States,FLO,KFLO,34.18539810180664,-79.7238998413086,yes
KFNT,Bishop International Airport,medium_airport,Flint,US,United States,FNT,KFNT,42.969294,-83.743355,yes
KFOD,Fort Dodge Regional Airport,medium_airport,Fort Dodge,US,United States,FOD,KFOD,42.552624,-94.191237,yes
KFSD,Sioux Falls Regional Airport,medium_airport,Sioux Falls,US,United States,FSD,KFSD,43.585463,-96.741152,yes
KFSM,Fort Smith Regional Airport,medium_airport,Fort Smith,US,United States,FSM,KFSM,35.336601,-94.367401,yes
KFTW,Fort Worth Meacham International Airport,medium_airport,Fort Worth,US,United States,FTW,KFTW,32.819919,-97.360818,yes
KFWA,Fort Wayne International Airport,medium_airport,Fort Wayne,US,United States,FWA,KFWA,40.978896,-85.194465,yes
KGCC,Northeast Wyoming Regional Airport,medium_airport,Gillette,US,United States,GCC,KGCC,44.3489,-105.539001,yes
KGCK,Garden City Regional Airport,medium_airport,Garden City,US,United States,GCK,KGCK,37.9275016785,-100.723999023,yes
KGCN,Grand Canyon National Park Airport,medium_airport,Grand Canyon - Tusayan,US,United States,GCN,KGCN,35.9524,-112.147003,yes
KGDV,Dawson Community Airport,medium_airport,Glendive,US,United States,GDV,KGDV,47.137658,-104.80691,yes
KGEG,Spokane International Airport,large_airport,Spokane,US,United States,GEG,KGEG,47.6199,-117.533997,yes
KGFK,Grand Forks International Airport,medium_airport,Grand Forks,US,United States,GFK,KGFK,47.949299,-97.176102,yes
KGGG,East Texas Regional Airport,medium_airport,Longview,US,United States,GGG,KGGG,32.38399887084961,-94.71150207519531,yes
KGGW,Glasgow Valley County Airport Wokal Field,medium_airport,Glasgow,US,United States,GGW,KGGW,48.212502,-106.614998,yes
KGJT,Grand Junction Regional Airport,medium_airport,Grand Junction,US,United States,GJT,KGJT,39.126663,-108.529387,yes
KGLH,Mid Delta Regional Airport,medium_airport,Greenville,US,United States,GLH,KGLH,33.482899,-90.985603,yes
KGNV,Gainesville Regional Airport,medium_airport,Gainesville,US,United States,GNV,KGNV,29.6900997162,-82.2717971802,yes
KGPI,Glacier Park International Airport,medium_airport,Kalispell,US,United States,FCA,KGPI,48.310501,-114.255997,yes
KGPT,Gulfport Biloxi International Airport,medium_airport,Gulfport,US,United States,GPT,KGPT,30.405582,-89.069836,yes
KGRB,Austin Straubel International Airport,medium_airport,Green Bay,US,United States,GRB,KGRB,44.483459,-88.130805,yes
KGRI,Central Nebraska Regional Airport,medium_airport,Grand Island,US,United States,GRI,KGRI,40.967498779296875,-98.30960083007812,yes
KGRK,Killeen Regional Airport / Robert Gray Army Airfield,medium_airport,Fort Cavazos,US,United States,GRK,KGRK,31.0672,-97.828903,yes
KGRR,Gerald R. Ford International Airport,large_airport,Grand Rapids,US,United States,GRR,KGRR,42.880798,-85.522797,yes
KGSO,Piedmont Triad International Airport,large_airport,Greensboro,US,United States,GSO,KGSO,36.09937,-79.937262,yes
KGSP,Greenville-Spartanburg International Airport,medium_airport,Greenville/Greer/Spartanburg,US,United States,GSP,KGSP,34.895699,-82.218903,yes
KGTF,Great Falls International Airport,medium_airport,Great Falls,US,United States,GTF,KGTF,47.481998,-111.371002,yes
KGTR,Golden Triangle Regional Airport,medium_airport,Columbus/W Point/Starkville,US,United States,GTR,KGTR,33.450298,-88.5914,yes
KGUC,Gunnison Crested Butte Regional Airport,medium_airport,Gunnison,US,United States,GUC,KGUC,38.534672,-106.934566,yes
KGUP,Gallup Municipal Airport,medium_airport,Gallup,US,United States,GUP,KGUP,35.511653,-108.788166,yes
KGYY,Gary/Chicago International Airport,medium_airport,Gary,US,United States,GYY,KGYY,41.617087,-87.413206,yes
KH-0001,Dara Sakor International Airport,large_airport,Ta Noun,KH,Cambodia,DSY,VDDS,10.914244,103.226652,yes
KH-0002,Techo International Airport,large_airport,Phnom Penh (Boeng Khyang),KH,Cambodia,KTI,VDTI,11.359987,104.921272,yes
KHDN,Yampa Valley Airport,medium_airport,Hayden,US,United States,HDN,KHDN,40.481201,-107.218002,yes
KHGR,Hagerstown Regional Richard A Henson Field,medium_airport,Hagerstown,US,United States,HGR,KHGR,39.708771,-77.728014,yes
KHHR,Jack Northrop Field Hawthorne Municipal Airport,medium_airport,Hawthorne,US,United States,HHR,KHHR,33.922798,-118.334999,yes
KHIB,Range Regional Airport,medium_airport,Hibbing,US,United States,HIB,KHIB,47.384831,-92.836905,yes
KHII,Lake Havasu City Airport,medium_airport,Lake Havasu City,US,United States,HII,KHII,34.570506,-114.357745,yes
KHLN,Helena Regional Airport,medium_airport,Helena,US,United States,HLN,KHLN,46.6068,-111.983002,yes
KHOB,Lea County Regional Airport,medium_airport,Hobbs,US,United States,HOB,KHOB,32.6875,-103.217003,yes
KHOT,Memorial Field Airport,medium_airport,Hot Springs,US,United States,HOT,KHOT,34.4788,-93.096262,yes
KHOU,William P. Hobby Airport,large_airport,Houston,US,United States,HOU,KHOU,29.645336,-95.276812,yes
KHPN,Westchester County Airport,medium_airport,White Plains,US,United States,HPN,KHPN,41.06700134277344,-73.70760345458984,yes
KHRL,Valley International Airport,medium_airport,Harlingen,US,United States,HRL,KHRL,26.228500366210938,-97.65440368652344,yes
KHRO,Boone County Airport,medium_airport,Harrison,US,United States,HRO,KHRO,36.26150131225586,-93.15470123291016,yes
KHSV,Huntsville International Airport,medium_airport,Huntsville,US,United States,HSV,KHSV,34.636244,-86.774378,yes
KHTS,Tri-State Airport / Milton J. Ferguson Field,medium_airport,Huntington,US,United States,HTS,KHTS,38.366699,-82.557999,yes
KHVN,Tweed New Haven Airport,medium_airport,New Haven,US,United States,HVN,KHVN,41.262869,-72.887694,yes
KHVR,Havre City County Airport,medium_airport,Havre,US,United States,HVR,KHVR,48.541387,-109.762859,yes
KHXD,Hilton Head Airport,medium_airport,Hilton Head Island,US,United States,HHH,KHXD,32.2244,-80.697502,yes
KHYA,Cape Cod Gateway Airport,medium_airport,Hyannis,US,United States,HYA,KHYA,41.6693,-70.280403,yes
KHYS,Hays Regional Airport,medium_airport,Hays,US,United States,HYS,KHYS,38.844521,-99.273148,yes
KIAD,Washington Dulles International Airport,large_airport,Dulles,US,United States,IAD,KIAD,38.9445,-77.455803,yes
KIAG,Niagara Falls International Airport,medium_airport,Niagara Falls,US,United States,IAG,KIAG,43.1073,-78.946198,yes
KIAH,George Bush Intercontinental Airport,large_airport,Houston,US,United States,IAH,KIAH,29.9844,-95.3414,yes
KICT,Wichita Dwight D. Eisenhower National Airport,medium_airport,Wichita,US,United States,ICT,KICT,37.650314,-97.428583,yes
KIDA,Idaho Falls Regional Airport,medium_airport,Idaho Falls,US,United States,IDA,KIDA,43.514599,-112.070999,yes
KILG,Wilmington Airport,medium_airport,Wilmington,US,United States,ILG,KILG,39.678699,-75.606499,yes
KILM,Wilmington International Airport,medium_airport,Wilmington,US,United States,ILM,KILM,34.272345,-77.905117,yes
KIMT,Ford Airport,medium_airport,Kingsford,US,United States,IMT,KIMT,45.81911,-88.114557,yes
KIND,Indianapolis International Airport,large_airport,Indianapolis,US,United States,IND,KIND,39.7173,-86.294403,yes
KINL,Falls International Airport,medium_airport,International Falls,US,United States,INL,KINL,48.566200256347656,-93.4030990600586,yes
KIPL,Imperial County Airport,medium_airport,Imperial,US,United States,IPL,KIPL,32.83539,-115.574026,yes
KIPT,Williamsport Regional Airport,medium_airport,Williamsport,US,United States,IPT,KIPT,41.242126,-76.92245,yes
KIRK,Kirksville Regional Airport,medium_airport,Kirksville,US,United States,IRK,KIRK,40.09349822998047,-92.5448989868164,yes
KISP,Long Island MacArthur Airport,medium_airport,Islip,US,United States,ISP,KISP,40.796324,-73.101703,yes
KITH,Ithaca Tompkins Regional Airport,medium_airport,Ithaca,US,United States,ITH,KITH,42.49100112915039,-76.4583969116211,yes
KIWA,Mesa Gateway Airport,medium_airport,Mesa,US,United States,AZA,KIWA,33.3078,-111.654999,yes
KJAC,Jackson Hole Airport,medium_airport,Jackson,US,United States,JAC,KJAC,43.6073,-110.737999,yes
KJAN,Jackson-Medgar Wiley Evers International Airport,medium_airport,Jackson,US,United States,JAN,KJAN,32.311199,-90.075897,yes
KJAX,Jacksonville International Airport,large_airport,Jacksonville,US,United States,JAX,KJAX,30.492469,-81.687813,yes
KJBR,Jonesboro Municipal Airport,medium_airport,Jonesboro,US,United States,JBR,KJBR,35.83169937133789,-90.64640045166016,yes
KJFK,John F. Kennedy International Airport,large_airport,New York,US,United States,JFK,KJFK,40.639447,-73.779317,yes
KJLN,Joplin Regional Airport,medium_airport,Joplin,US,United States,JLN,KJLN,37.151798,-94.498299,yes
KJMS,Jamestown Regional Airport,medium_airport,Jamestown,US,United States,JMS,KJMS,46.92969894,-98.67819977,yes
KJQF,Concord-Padgett Regional Airport,medium_airport,Concord,US,United States,USA,KJQF,35.387798,-80.709099,yes
KJST,John Murtha Johnstown Cambria County Airport,medium_airport,Johnstown,US,United States,JST,KJST,40.31610107421875,-78.83390045166016,yes
KLAF,Purdue University Airport,medium_airport,West Lafayette,US,United States,LAF,KLAF,40.412875,-86.939363,yes
KLAL,Lakeland Linder International Airport,medium_airport,Lakeland,US,United States,LAL,KLAL,27.989267,-82.020715,yes
KLAN,Capital Region International Airport,medium_airport,Lansing,US,United States,LAN,KLAN,42.777582,-84.585721,yes
KLAR,Laramie Regional Airport,medium_airport,Laramie,US,United States,LAR,KLAR,41.31209945678711,-105.67500305175781,yes
KLAS,Harry Reid International Airport,large_airport,Las Vegas,US,United States,LAS,KLAS,36.083361,-115.151817,yes
KLAW,Lawton Fort Sill Regional Airport,medium_airport,Lawton,US,United States,LAW,KLAW,34.567699,-98.416603,yes
KLAX,Los Angeles International Airport,large_airport,Los Angeles,US,United States,LAX,KLAX,33.942501,-118.407997,yes
KLBB,Lubbock Preston Smith International Airport,medium_airport,Lubbock,US,United States,LBB,KLBB,33.663601,-101.822998,yes
KLBE,Arnold Palmer Regional Airport,medium_airport,Latrobe,US,United States,LBE,KLBE,40.275902,-79.4048,yes
KLBF,North Platte Regional Airport Lee Bird Field,medium_airport,North Platte,US,United States,LBF,KLBF,41.12620163,-100.6839981,yes
KLBL,Liberal Mid-America Regional Airport,medium_airport,Liberal,US,United States,LBL,KLBL,37.0442009,-100.9599991,yes
KLCH,Lake Charles Regional Airport,medium_airport,Lake Charles,US,United States,LCH,KLCH,30.126100540161133,-93.22329711914062,yes
KLCK,Rickenbacker International Airport,medium_airport,Columbus,US,United States,LCK,KLCK,39.813801,-82.927803,yes
KLEB,Lebanon Municipal Airport,medium_airport,Lebanon,US,United States,LEB,KLEB,43.626098632799994,-72.30419921880001,yes
KLEX,Blue Grass Airport,medium_airport,Lexington,US,United States,LEX,KLEX,38.035066,-84.606738,yes
KLFT,Lafayette Regional Airport,medium_airport,Lafayette,US,United States,LFT,KLFT,30.205299,-91.987602,yes
KLGA,LaGuardia Airport,large_airport,New York,US,United States,LGA,KLGA,40.777199,-73.872597,yes
KLGB,Long Beach International Airport,large_airport,Long Beach,US,United States,LGB,KLGB,33.816523,-118.149891,yes
KLIT,Bill & Hillary Clinton National Airport/Adams Field,medium_airport,Little Rock,US,United States,LIT,KLIT,34.729222,-92.223591,yes
KLNK,Lincoln Airport,medium_airport,Lincoln,US,United States,LNK,KLNK,40.844882,-96.76178,yes
KLNS,Lancaster Airport,medium_airport,Lancaster,US,United States,LNS,KLNS,40.121700286865234,-76.29609680175781,yes
KLRD,Laredo International Airport,medium_airport,Laredo,US,United States,LRD,KLRD,27.5438,-99.461601,yes
KLRU,Las Cruces International Airport,medium_airport,Las Cruces,US,United States,LRU,KLRU,32.289398,-106.921997,yes
KLSE,La Crosse Regional Airport,medium_airport,La Crosse,US,United States,LSE,KLSE,43.879002,-91.256699,yes
KLUK,Cincinnati Municipal Airport Lunken Field,medium_airport,Cincinnati,US,United States,LUK,KLUK,39.102357,-84.418945,yes
KLWB,Greenbrier Valley Airport,medium_airport,Lewisburg,US,United States,LWB,KLWB,37.857914,-80.400438,yes
KLWS,Lewiston Nez Perce County Airport,medium_airport,Lewiston,US,United States,LWS,KLWS,46.3745002746582,-117.01499938964844,yes
KLYH,Lynchburg Regional Airport - Preston Glenn Field,medium_airport,Lynchburg,US,United States,LYH,KLYH,37.326698,-79.200401,yes
KMAF,Midland International Air and Space Port,medium_airport,Midland,US,United States,MAF,KMAF,31.942499,-102.202003,yes
KMBS,MBS International Airport,medium_airport,Freeland,US,United States,MBS,KMBS,43.533181,-84.083104,yes
KMCE,Merced Regional Macready Field,medium_airport,Merced,US,United States,MCE,KMCE,37.284698,-120.514,yes
KMCI,Kansas City International Airport,large_airport,Kansas City,US,United States,MCI,KMCI,39.301699,-94.713893,yes
KMCK,McCook Ben Nelson Regional Airport,medium_airport,McCook,US,United States,MCK,KMCK,40.207787,-100.592794,yes
KMCN,Middle Georgia Regional Airport,medium_airport,Macon,US,United States,MCN,KMCN,32.69279861450195,-83.64920043945312,yes
KMCO,Orlando International Airport,large_airport,Orlando,US,United States,MCO,KMCO,28.429399490356445,-81.30899810791016,yes
KMCW,Mason City Municipal Airport,medium_airport,Mason City,US,United States,MCW,KMCW,43.159801,-93.329716,yes
KMDT,Harrisburg International Airport,medium_airport,Harrisburg,US,United States,MDT,KMDT,40.192838,-76.762333,yes
KMDW,Chicago Midway International Airport,large_airport,Chicago,US,United States,MDW,KMDW,41.785999,-87.752403,yes
KMEI,Key Field / Meridian Regional Airport,medium_airport,Meridian,US,United States,MEI,KMEI,32.3326,-88.7519,yes
KMEM,Frederick W. Smith International Airport,large_airport,Memphis,US,United States,MEM,KMEM,35.043845,-89.97634,yes
KMFE,McAllen Miller International Airport,medium_airport,McAllen,US,United States,MFE,KMFE,26.176141,-98.237965,yes
KMFR,Rogue Valley International-Medford Airport,medium_airport,Medford,US,United States,MFR,KMFR,42.374199,-122.873001,yes
KMGC,Michigan City Municipal Airport,medium_airport,Michigan City,US,United States,MGC,KMGC,41.7033,-86.821198,yes
KMGM,Montgomery Regional (Dannelly Field) Airport,medium_airport,Montgomery,US,United States,MGM,KMGM,32.300598,-86.393997,yes
KMGW,Morgantown Municipal Airport Walter L. (Bill) Hart Field,medium_airport,Morgantown,US,United States,MGW,KMGW,39.643305,-79.917598,yes
KMHK,Manhattan Regional Airport,medium_airport,Manhattan,US,United States,MHK,KMHK,39.14099884033203,-96.6707992553711,yes
KMHT,Manchester-Boston Regional Airport,medium_airport,Manchester,US,United States,MHT,KMHT,42.932598,-71.435699,yes
KMIA,Miami International Airport,large_airport,Miami,US,United States,MIA,KMIA,25.796011,-80.289751,yes
KMKE,General Mitchell International Airport,large_airport,Milwaukee,US,United States,MKE,KMKE,42.947201,-87.896599,yes
KMKG,Muskegon County Airport,medium_airport,Muskegon,US,United States,MKG,KMKG,43.169498,-86.238197,yes
KMKL,McKellar-Sipes Regional Airport,medium_airport,Jackson,US,United States,MKL,KMKL,35.599899,-88.915604,yes
KMLB,Melbourne Orlando International Airport,medium_airport,Melbourne,US,United States,MLB,KMLB,28.102009,-80.641088,yes
KMLI,Quad City International Airport,medium_airport,Moline,US,United States,MLI,KMLI,41.448502,-90.5075,yes
KMLU,Monroe Regional Airport,medium_airport,Monroe,US,United States,MLU,KMLU,32.510899,-92.037697,yes
KMMH,Mammoth Yosemite Airport,medium_airport,Mammoth Lakes,US,United States,MMH,KMMH,37.625381,-118.84306,yes
KMOB,Mobile Regional Airport,medium_airport,Mobile,US,United States,MOB,KMOB,30.6912,-88.242798,yes
KMOT,Minot International Airport,medium_airport,Minot,US,United States,MOT,KMOT,48.25801,-101.279123,yes
KMRY,Monterey Regional Airport,medium_airport,Monterey,US,United States,MRY,KMRY,36.586777,-121.844183,yes
KMSL,Northwest Alabama Regional Airport,medium_airport,Muscle Shoals,US,United States,MSL,KMSL,34.745123,-87.612981,yes
KMSN,Dane County Regional Truax Field,medium_airport,Madison,US,United States,MSN,KMSN,43.1399,-89.337502,yes
KMSO,Missoula Montana Airport,medium_airport,Missoula,US,United States,MSO,KMSO,46.915816,-114.091107,yes
KMSP,Minneapolis–Saint Paul International Airport / Wold–Chamberlain Field,large_airport,Minneapolis,US,United States,MSP,KMSP,44.880081,-93.221741,yes
KMSS,Massena International Airport Richards Field,medium_airport,Massena,US,United States,MSS,KMSS,44.936157,-74.844304,yes
KMSY,Louis Armstrong New Orleans International Airport,large_airport,New Orleans,US,United States,MSY,KMSY,29.993401,-90.264673,yes
KMTJ,Montrose Regional Airport,medium_airport,Montrose,US,United States,MTJ,KMTJ,38.5098,-107.893997,yes
KMWA,Veterans Airport of Southern Illinois,medium_airport,Marion,US,United States,MWA,KMWA,37.751208,-89.016568,yes
KMWL,Mineral Wells Regional Airport,medium_airport,Mineral Wells,US,United States,MWL,KMWL,32.781601,-98.060204,yes
KMYL,McCall Municipal Airport,medium_airport,McCall,US,United States,MYL,KMYL,44.888837,-116.101112,yes
KMYR,Myrtle Beach International Airport,large_airport,Myrtle Beach,US,United States,MYR,KMYR,33.679699,-78.928299,yes
KNYL,Yuma International Airport / Marine Corps Air Station Yuma,medium_airport,Yuma,US,United States,YUM,KNYL,32.650938,-114.609375,yes
KOAJ,Albert J Ellis Airport,medium_airport,Richlands,US,United States,OAJ,KOAJ,34.829201,-77.612099,yes
KOAK,Oakland San Francisco Bay Airport,large_airport,Oakland,US,United States,OAK,KOAK,37.720085,-122.221184,yes
KOGD,Ogden Hinckley Airport,medium_airport,Ogden,US,United States,OGD,KOGD,41.195899963379,-112.0120010376,yes
KOGS,Ogdensburg International Airport,medium_airport,Ogdensburg,US,United States,OGS,KOGS,44.6819,-75.4655,yes
KOKC,OKC Will Rogers World Airport,large_airport,Oklahoma City,US,United States,OKC,KOKC,35.393388,-97.598248,yes
KOLF,L M Clayton Airport,medium_airport,Wolf Point,US,United States,OLF,KOLF,48.094501,-105.574997,yes
KOLM,Olympia Regional Airport,medium_airport,Olympia,US,United States,OLM,KOLM,46.969399,-122.903,yes
KOMA,Eppley Airfield,large_airport,Omaha,US,United States,OMA,KOMA,41.3032,-95.894096,yes
KONT,Ontario International Airport,large_airport,Ontario,US,United States,ONT,KONT,34.056,-117.600998,yes
KOPF,Miami-Opa Locka Executive Airport,medium_airport,Miami,US,United States,OPF,KOPF,25.907,-80.278397,yes
KORD,Chicago O'Hare International Airport,large_airport,Chicago,US,United States,ORD,KORD,41.9786,-87.9048,yes
KORF,Norfolk International Airport,large_airport,Norfolk,US,United States,ORF,KORF,36.895341,-76.201,yes
KORH,Worcester Regional Airport,medium_airport,Worcester,US,United States,ORH,KORH,42.2673,-71.875702,yes
KORS,Orcas Island Airport,medium_airport,Eastsound,US,United States,ESD,KORS,48.708199,-122.910004,yes
KOTH,Southwest Oregon Regional Airport,medium_airport,North Bend,US,United States,OTH,KOTH,43.41709899902344,-124.24600219726562,yes
KOWB,Owensboro Daviess County Airport,medium_airport,Owensboro,US,United States,OWB,KOWB,37.74010086,-87.16680145,yes
KOXB,Ocean City Municipal Airport,medium_airport,Ocean City,US,United States,OCE,KOXB,38.310398,-75.124001,yes
KPAE,Seattle Paine Field International Airport,medium_airport,Everett,US,United States,PAE,KPAE,47.9063,-122.281998,yes
KPAH,Barkley Regional Airport,medium_airport,Paducah,US,United States,PAH,KPAH,37.06079864501953,-88.7738037109375,yes
KPBG,Plattsburgh International Airport,medium_airport,Plattsburgh,US,United States,PBG,KPBG,44.650902,-73.468102,yes
KPBI,President Donald J. Trump International Airport,large_airport,West Palm Beach,US,United States,PBI,KDJT,26.683201,-80.095596,yes
KPCW,Erie-Ottawa International Airport,medium_airport,Port Clinton,US,United States,,KPCW,41.515647,-82.868328,yes
KPDK,DeKalb Peachtree Airport,medium_airport,Atlanta,US,United States,PDK,KPDK,33.87633,-84.30213,yes
KPDT,Eastern Oregon Regional Airport at Pendleton,medium_airport,Pendleton,US,United States,PDT,KPDT,45.695099,-118.841003,yes
KPDX,Portland International Airport,large_airport,Portland,US,United States,PDX,KPDX,45.588699,-122.598,yes
KPGA,Page Municipal Airport,medium_airport,Page,US,United States,PGA,KPGA,36.924234,-111.447716,yes
KPGD,Punta Gorda Airport,medium_airport,Punta Gorda,US,United States,PGD,KPGD,26.9202,-81.990501,yes
KPGV,Pitt-Greenville Airport,medium_airport,Greenville,US,United States,PGV,KPGV,35.635535,-77.384262,yes
KPHF,Newport News Williamsburg International Airport,medium_airport,Newport News,US,United States,PHF,KPHF,37.131901,-76.492996,yes
KPHL,Philadelphia International Airport,large_airport,Philadelphia,US,United States,PHL,KPHL,39.871899,-75.241096,yes
KPHX,Phoenix Sky Harbor International Airport,large_airport,Phoenix,US,United States,PHX,KPHX,33.435302,-112.005905,yes
KPIA,General Wayne A. Downing Peoria International Airport,medium_airport,Peoria,US,United States,PIA,KPIA,40.663841,-89.692631,yes
KPIB,Hattiesburg Laurel Regional Airport,medium_airport,Moselle,US,United States,PIB,KPIB,31.4671,-89.337097,yes
KPIE,St. Petersburg Clearwater International Airport,large_airport,Pinellas Park,US,United States,PIE,KPIE,27.9102,-82.687401,yes
KPIH,Pocatello Regional Airport,medium_airport,Pocatello,US,United States,PIH,KPIH,42.9098014831543,-112.59600067138672,yes
KPIR,Pierre Regional Airport,medium_airport,Pierre,US,United States,PIR,KPIR,44.38270187,-100.2860031,yes
KPIT,Pittsburgh International Airport,large_airport,Pittsburgh,US,United States,PIT,KPIT,40.491501,-80.232903,yes
KPKB,Mid Ohio Valley Regional Airport,medium_airport,Parkersburg (Williamstown),US,United States,PKB,KPKB,39.3451,-81.439201,yes
KPLN,Pellston Regional Airport of Emmet County Airport,medium_airport,Pellston,US,United States,PLN,KPLN,45.57089996,-84.79669952,yes
KPNS,Pensacola International Airport,large_airport,Pensacola,US,United States,PNS,KPNS,30.472718,-87.186639,yes
KPQI,Presque Isle International Airport,medium_airport,Presque Isle,US,United States,PQI,KPQI,46.688999,-68.0448,yes
KPRC,Prescott Regional Airport - Ernest A. Love Field,medium_airport,Prescott,US,United States,PRC,KPRC,34.653502,-112.419883,yes
KPSC,Tri Cities Airport,medium_airport,Pasco,US,United States,PSC,KPSC,46.264702,-119.119003,yes
KPSM,Portsmouth International Airport at Pease,medium_airport,Portsmouth,US,United States,PSM,KPSM,43.0779,-70.823303,yes
KPSP,Palm Springs International Airport,large_airport,Palm Springs,US,United States,PSP,KPSP,33.8297,-116.507004,yes
KPUB,Pueblo Memorial Airport,medium_airport,Pueblo,US,United States,PUB,KPUB,38.289101,-104.497002,yes
KPUW,Pullman-Moscow Regional Airport,medium_airport,Pullman,US,United States,PUW,KPUW,46.741601,-117.11163,yes
KPVD,Rhode Island T. F. Green International Airport,large_airport,Providence/Warwick,US,United States,PVD,KPVD,41.725038,-71.425668,yes
KPVU,Provo Municipal Airport,medium_airport,Provo,US,United States,PVU,KPVU,40.218894,-111.722445,yes
KPWM,Portland International Jetport,large_airport,Portland,US,United States,PWM,KPWM,43.646198,-70.309303,yes
KRAP,Rapid City Regional Airport,medium_airport,Rapid City,US,United States,RAP,KRAP,44.0452995300293,-103.05699920654297,yes
KRDD,Redding Municipal Airport,medium_airport,Redding,US,United States,RDD,KRDD,40.50899887,-122.2929993,yes
KRDM,Roberts Field,medium_airport,Redmond,US,United States,RDM,KRDM,44.254101,-121.150002,yes
KRDU,Raleigh-Durham International Airport,large_airport,Raleigh/Durham,US,United States,RDU,KRDU,35.878659,-78.7873,yes
KRFD,Chicago Rockford International Airport,medium_airport,Chicago/Rockford,US,United States,RFD,KRFD,42.1954,-89.097198,yes
KRHI,Rhinelander Oneida County Airport,medium_airport,Rhinelander,US,United States,RHI,KRHI,45.63119888305664,-89.46749877929688,yes
KRIC,Richmond International Airport,large_airport,Richmond,US,United States,RIC,KRIC,37.505199,-77.319702,yes
KRIW,Central Wyoming Regional Airport,medium_airport,Riverton,US,United States,RIW,KRIW,43.064201,-108.459999,yes
KRKD,Knox County Regional Airport,medium_airport,Rockland,US,United States,RKD,KRKD,44.060101,-69.099197,yes
KRKS,Southwest Wyoming Regional Airport,medium_airport,Rock Springs,US,United States,RKS,KRKS,41.5942,-109.065001,yes
KRNO,Reno Tahoe International Airport,large_airport,Reno,US,United States,RNO,KRNO,39.4991,-119.767998,yes
KROA,Roanoke–Blacksburg Regional Airport,medium_airport,Roanoke,US,United States,ROA,KROA,37.3255,-79.975403,yes
KROC,Frederick Douglass Greater Rochester International Airport,large_airport,Rochester,US,United States,ROC,KROC,43.1189,-77.672401,yes
KROW,Roswell Air Center Airport,medium_airport,Roswell,US,United States,ROW,KROW,33.301601,-104.530998,yes
KRST,Rochester International Airport,medium_airport,Rochester,US,United States,RST,KRST,43.908298,-92.5,yes
KRSW,Southwest Florida International Airport,large_airport,Fort Myers,US,United States,RSW,KRSW,26.534685,-81.752816,yes
KRUT,Rutland - Southern Vermont Regional Airport,medium_airport,Rutland,US,United States,RUT,KRUT,43.5294,-72.9496,yes
KSAF,Santa Fe Municipal Airport,medium_airport,Santa Fe,US,United States,SAF,KSAF,35.6171,-106.088997,yes
KSAN,San Diego International Airport,large_airport,San Diego,US,United States,SAN,KSAN,32.733601,-117.190002,yes
KSAT,San Antonio International Airport,large_airport,San Antonio,US,United States,SAT,KSAT,29.533701,-98.469803,yes
KSAV,Savannah Hilton Head International Airport,large_airport,Savannah,US,United States,SAV,KSAV,32.126591,-81.19998,yes
KSAW,Marquette/Sawyer International Airport,medium_airport,Gwinn,US,United States,MQT,KSAW,46.351498,-87.395884,yes
KSBA,Santa Barbara Municipal Airport,medium_airport,Santa Barbara,US,United States,SBA,KSBA,34.426201,-119.839996,yes
KSBD,San Bernardino International Airport,large_airport,San Bernardino,US,United States,SBD,KSBD,34.096717,-117.236596,yes
KSBN,South Bend International Airport,medium_airport,South Bend,US,United States,SBN,KSBN,41.708304,-86.316922,yes
KSBP,San Luis County Regional Airport,medium_airport,San Luis Obispo,US,United States,SBP,KSBP,35.236801147499996,-120.641998291,yes
KSBY,Salisbury Ocean City Wicomico Regional Airport,medium_airport,Salisbury,US,United States,SBY,KSBY,38.34049987792969,-75.51029968261719,yes
KSCK,Stockton Metropolitan Airport,medium_airport,Stockton,US,United States,SCK,KSCK,37.893279,-121.238079,yes
KSDF,Louisville Muhammad Ali International Airport,large_airport,Louisville,US,United States,SDF,KSDF,38.1706,-85.735076,yes
KSDY,Sidney - Richland Regional Airport,medium_airport,Sidney,US,United States,SDY,KSDY,47.705141,-104.194422,yes
KSEA,Seattle–Tacoma International Airport,large_airport,Seattle,US,United States,SEA,KSEA,47.447943,-122.310276,yes
KSFB,Orlando Sanford International Airport,large_airport,Orlando,US,United States,SFB,KSFB,28.774277,-81.234626,yes
KSFO,San Francisco International Airport,large_airport,San Francisco,US,United States,SFO,KSFO,37.619806,-122.374821,yes
KSGF,Springfield Branson National Airport,medium_airport,Springfield,US,United States,SGF,KSGF,37.245047,-93.388596,yes
KSGJ,Northeast Florida Regional Airport,medium_airport,St Augustine,US,United States,UST,KSGJ,29.9592,-81.339798,yes
KSGU,St George Regional Airport,medium_airport,St George,US,United States,SGU,KSGU,37.036389,-113.510306,yes
KSHD,Shenandoah Valley Regional Airport,medium_airport,Weyers Cave,US,United States,SHD,KSHD,38.263802,-78.8964,yes
KSHR,Sheridan County Airport,medium_airport,Sheridan,US,United States,SHR,KSHR,44.76919937133789,-106.9800033569336,yes
KSHV,Shreveport Regional Airport,medium_airport,Shreveport,US,United States,SHV,KSHV,32.444747,-93.826741,yes
KSJC,Norman Y. Mineta San Jose International Airport,large_airport,San Jose,US,United States,SJC,KSJC,37.362452,-121.929188,yes
KSJT,San Angelo Regional Mathis Field,medium_airport,San Angelo,US,United States,SJT,KSJT,31.35770034790039,-100.49600219726562,yes
KSKX,Taos Regional Airport,medium_airport,Taos,US,United States,TSM,KSKX,36.452494,-105.67749,yes
KSLC,Salt Lake City International Airport,large_airport,Salt Lake City,US,United States,SLC,KSLC,40.78886,-111.979866,yes
KSLE,Salem-Willamette Valley Airport/McNary Field,medium_airport,Salem,US,United States,SLE,KSLE,44.9095,-123.002998,yes
KSLK,Adirondack Regional Airport,medium_airport,Saranac Lake,US,United States,SLK,KSLK,44.38691,-74.204629,yes
KSLN,Salina Municipal Airport,medium_airport,Salina,US,United States,SLN,KSLN,38.79100036621094,-97.6521987915039,yes
KSMF,Sacramento International Airport,large_airport,Sacramento,US,United States,SMF,KSMF,38.6954,-121.591003,yes
KSMN,Lemhi County Airport,medium_airport,Salmon,US,United States,SMN,KSMN,45.122233,-113.88196,yes
KSMX,Santa Maria Public Airport Captain G Allan Hancock Field,medium_airport,Santa Maria,US,United States,SMX,KSMX,34.898899,-120.457001,yes
KSNA,John Wayne Orange County International Airport,large_airport,Santa Ana,US,United States,SNA,KSNA,33.675063,-117.869281,yes
KSOW,Show Low Regional Airport,medium_airport,Show Low,US,United States,SOW,KSOW,34.264062,-110.007091,yes
KSPI,Abraham Lincoln Capital Airport,medium_airport,Springfield,US,United States,SPI,KSPI,39.844101,-89.677902,yes
KSPS,Wichita Falls Municipal Airport / Sheppard Air Force Base,medium_airport,Wichita Falls,US,United States,SPS,KSPS,33.9888,-98.491898,yes
KSQL,San Carlos Airport,medium_airport,San Carlos,US,United States,SQL,KSQL,37.51313,-122.250838,yes
KSRQ,Sarasota Bradenton International Airport,large_airport,Sarasota/Bradenton,US,United States,SRQ,KSRQ,27.394631,-82.554359,yes
KSTC,Saint Cloud Regional Airport,medium_airport,Saint Cloud,US,United States,STC,KSTC,45.5466,-94.059898,yes
KSTL,St. Louis Lambert International Airport,large_airport,St Louis,US,United States,STL,KSTL,38.748697,-90.370003,yes
KSTS,Charles M. Schulz Sonoma County Airport,medium_airport,Santa Rosa,US,United States,STS,KSTS,38.50899887,-122.8130035,yes
KSUN,Friedman Memorial Airport,medium_airport,Hailey,US,United States,SUN,KSUN,43.50439835,-114.2959976,yes
KSUX,Sioux Gateway Airport / Brigadier General Bud Day Field,medium_airport,Sioux City,US,United States,SUX,KSUX,42.397605,-96.382237,yes
KSVC,Grant County Airport,medium_airport,Silver City,US,United States,SVC,KSVC,32.636701,-108.154736,yes
KSWF,New York Stewart International Airport,medium_airport,Newburgh,US,United States,SWF,KSWF,41.50421,-74.108901,yes
KSWO,Stillwater Regional Airport,medium_airport,Stillwater,US,United States,SWO,KSWO,36.162132,-97.085581,yes
KSYR,Syracuse Hancock International Airport,large_airport,Syracuse,US,United States,SYR,KSYR,43.11119842529297,-76.1063003540039,yes
KTBN,Waynesville-St. Robert Regional Airport-Forney Field,medium_airport,Fort Leonard Wood,US,United States,TBN,KTBN,37.7416,-92.140701,yes
KTEB,Teterboro Airport,medium_airport,Teterboro,US,United States,TEB,KTEB,40.850101,-74.060799,yes
KTEX,Telluride Regional Airport,medium_airport,Telluride,US,United States,TEX,KTEX,37.9538,-107.907997,yes
KTIW,Tacoma Narrows Airport,medium_airport,Tacoma,US,United States,TIW,KTIW,47.267407,-122.577295,yes
KTLH,Tallahassee International Airport,medium_airport,Tallahassee,US,United States,TLH,KTLH,30.401209,-84.35433,yes
KTOL,Eugene F. Kranz Toledo Express Airport,medium_airport,Toledo,US,United States,TOL,KTOL,41.5868,-83.8078,yes
KTPA,Tampa International Airport,large_airport,Tampa,US,United States,TPA,KTPA,27.9755,-82.533203,yes
KTRI,Tri-Cities Regional TN/VA Airport,medium_airport,Blountville,US,United States,TRI,KTRI,36.475201,-82.407401,yes
KTRK,Truckee Tahoe Airport,medium_airport,Truckee,US,United States,TKF,KTRK,39.318628,-120.140562,yes
KTTN,Trenton Mercer Airport,medium_airport,Ewing Township,US,United States,TTN,KTTN,40.276699,-74.813499,yes
KTUL,Tulsa International Airport,large_airport,Tulsa,US,United States,TUL,KTUL,36.197084,-95.886225,yes
KTUP,Tupelo Regional Airport,medium_airport,Tupelo,US,United States,TUP,KTUP,34.26810073852539,-88.7698974609375,yes
KTUS,Tucson International Airport,large_airport,Tucson,US,United States,TUS,KTUS,32.115004,-110.938053,yes
KTVC,Cherry Capital Airport,medium_airport,Traverse City,US,United States,TVC,KTVC,44.741402,-85.582199,yes
KTVF,Thief River Falls Regional Airport,medium_airport,Thief River Falls,US,United States,TVF,KTVF,48.065701,-96.184998,yes
KTWF,Joslin Field Magic Valley Regional Airport,medium_airport,Twin Falls,US,United States,TWF,KTWF,42.4818,-114.487999,yes
KTXK,Texarkana Regional Airport (Webb Field),medium_airport,Texarkana,US,United States,TXK,KTXK,33.453701,-93.990997,yes
KTYR,Tyler Pounds Regional Airport,medium_airport,Tyler,US,United States,TYR,KTYR,32.35409927368164,-95.40239715576172,yes
KTYS,McGhee Tyson Airport,large_airport,Knoxville/Maryville,US,United States,TYS,KTYS,35.811001,-83.994003,yes
KUIN,Quincy Regional Airport Baldwin Field,medium_airport,Quincy,US,United States,UIN,KUIN,39.942699,-91.194603,yes
KUNV,State College Regional Airport,medium_airport,State College,US,United States,SCE,KUNV,40.849374,-77.84852,yes
KUUU,Newport State Airport,medium_airport,Newport,US,United States,NPT,KUUU,41.532207,-71.281039,yes
KVCT,Victoria Regional Airport,medium_airport,Victoria,US,United States,VCT,KVCT,28.85260009765625,-96.91850280761719,yes
KVEL,Vernal Regional Airport,medium_airport,Vernal,US,United States,VEL,KVEL,40.436214,-109.511661,yes
KVLD,Valdosta Regional Airport,medium_airport,Valdosta,US,United States,VLD,KVLD,30.782499313354492,-83.27670288085938,yes
KVPS,Destin-Fort Walton Beach Airport,medium_airport,Valparaiso,US,United States,VPS,KVPS,30.481315,-86.515839,yes
KVRB,Vero Beach Regional Airport,medium_airport,Vero Beach,US,United States,VRB,KVRB,27.6556,-80.417901,yes
KWST,Westerly State Airport,medium_airport,Westerly,US,United States,WST,KWST,41.349602,-71.803398,yes
KWYS,Yellowstone Airport,medium_airport,West Yellowstone,US,United States,WYS,KWYS,44.6884,-111.117996,yes
KXNA,Northwest Arkansas National Airport,medium_airport,Fayetteville/Springdale/Rogers,US,United States,XNA,KXNA,36.281898,-94.306801,yes
KXWA,Williston Basin International Airport,medium_airport,Williston,US,United States,XWA,KXWA,48.260863,-103.75116,yes
KYKM,Yakima Air Terminal McAllister Field,medium_airport,Yakima,US,United States,YKM,KYKM,46.56819916,-120.5439987,yes
LA-0006,Bokeo International Airport,medium_airport,Ton Phueng,LA,Laos,BOR,VLBK,20.323986,100.165392,yes
LATI,Tirana International Airport Mother Teresa,large_airport,Rinas,AL,Albania,TIA,LATI,41.4147,19.7206,yes
LBBG,Burgas Airport,large_airport,Burgas,BG,Bulgaria,BOJ,LBBG,42.569917,27.515173,yes
LBPD,Plovdiv International Airport,large_airport,Plovdiv,BG,Bulgaria,PDV,LBPD,42.067799,24.8508,yes
LBSF,Sofia Airport,large_airport,Sofia,BG,Bulgaria,SOF,LBSF,42.696357,23.417671,yes
LBWN,Varna Airport,large_airport,Varna,BG,Bulgaria,VAR,LBWN,43.232101,27.8251,yes
LCEN,Ercan International Airport,large_airport,Tymbou (Kirklar),CY,Cyprus,ECN,LCEN,35.153064,33.507352,yes
LCLK,Larnaca International Airport,large_airport,Larnaca,CY,Cyprus,LCA,LCLK,34.875099,33.624901,yes
LCPH,Paphos International Airport,large_airport,Paphos,CY,Cyprus,PFO,LCPH,34.717999,32.485699,yes
LDDU,Dubrovnik Ruđer Bošković Airport,large_airport,Dubrovnik,HR,Croatia,DBV,LDDU,42.562247,18.265543,yes
LDOS,Osijek Airport,medium_airport,Osijek(Klisa),HR,Croatia,OSI,LDOS,45.462355,18.811278,yes
LDPL,Pula Airport,large_airport,Pula,HR,Croatia,PUY,LDPL,44.893501,13.9222,yes
LDRI,Rijeka Airport,large_airport,Rijeka(Omišalj),HR,Croatia,RJK,LDRI,45.216376,14.57085,yes
LDSB,Brač Airport,medium_airport,Gornji Humac,HR,Croatia,BWK,LDSB,43.284454,16.678362,yes
LDSP,Split Saint Jerome Airport,large_airport,Split,HR,Croatia,SPU,LDSP,43.538898,16.298,yes
LDZA,Zagreb Franjo Tuđman International Airport,large_airport,Velika Gorica,HR,Croatia,ZAG,LDZA,45.742901,16.0688,yes
LDZD,Zadar Airport,large_airport,Zadar,HR,Croatia,ZAD,LDZD,44.096986,15.353565,yes
LEAL,Alicante-Elche Miguel Hernández Airport,large_airport,Alicante,ES,Spain,ALC,LEAL,38.2822,-0.558156,yes
LEAM,Almería Airport,medium_airport,Almería,ES,Spain,LEI,LEAM,36.843899,-2.3701,yes
LEAS,Asturias Airport,large_airport,Ranón,ES,Spain,OVD,LEAS,43.563599,-6.03462,yes
LEBA,Córdoba Airport,medium_airport,Córdoba,ES,Spain,ODB,LEBA,37.841999,-4.84888,yes
LEBB,Bilbao Airport,large_airport,Bilbao,ES,Spain,BIO,LEBB,43.301102,-2.91061,yes
LEBL,Josep Tarradellas Barcelona-El Prat Airport,large_airport,Barcelona,ES,Spain,BCN,LEBL,41.2971,2.07846,yes
LEBZ,Badajoz Airport,medium_airport,Badajoz,ES,Spain,BJZ,LEBZ,38.8913,-6.82133,yes
LECH,Castellón-Costa Azahar Airport,medium_airport,Castellón de la Plana,ES,Spain,CDT,LECH,40.213889,0.073333,yes
LECO,A Coruña Airport,medium_airport,Culleredo,ES,Spain,LCG,LECO,43.302101,-8.37726,yes
LEDA,Lleida-Alguaire Airport,medium_airport,Lleida,ES,Spain,ILD,LEDA,41.728185,0.535023,yes
LEGE,Girona-Costa Brava Airport,large_airport,Girona,ES,Spain,GRO,LEGE,41.904639,2.761774,yes
LEGR,F.G.L. Airport Granada-Jaén Airport,medium_airport,Granada,ES,Spain,GRX,LEGR,37.188702,-3.77736,yes
LEIB,Ibiza Airport,large_airport,Ibiza (Eivissa),ES,Spain,IBZ,LEIB,38.872898,1.37312,yes
LEJR,Jerez Airport,medium_airport,Jerez de la Frontera,ES,Spain,XRY,LEJR,36.744598,-6.06011,yes
LELN,León Airport,medium_airport,La Virgen del Camino,ES,Spain,LEN,LELN,42.590709,-5.653406,yes
LEMD,Adolfo Suárez Madrid–Barajas Airport,large_airport,Madrid,ES,Spain,MAD,LEMD,40.493407,-3.572249,yes
LEMG,Málaga-Costa del Sol Airport,large_airport,Málaga,ES,Spain,AGP,LEMG,36.6749,-4.49911,yes
LEMH,Menorca Airport,large_airport,Mahón (Maó),ES,Spain,MAH,LEMH,39.862598,4.21865,yes
LEMI,Region of Murcia International Airport,large_airport,Corvera,ES,Spain,RMU,LEMI,37.802852,-1.124884,yes
LEPA,Palma de Mallorca Airport,large_airport,Palma de Mallorca,ES,Spain,PMI,LEPA,39.551701,2.73881,yes
LEPP,Pamplona Airport,medium_airport,Pamplona,ES,Spain,PNA,LEPP,42.77,-1.64633,yes
LERS,Reus Airport,large_airport,Reus,ES,Spain,REU,LERS,41.147509,1.168354,yes
LESA,Salamanca Airport,medium_airport,Salamanca,ES,Spain,SLM,LESA,40.952099,-5.50199,yes
LESO,San Sebastián Airport,medium_airport,Hondarribia,ES,Spain,EAS,LESO,43.356499,-1.79061,yes
LEST,Santiago-Rosalía de Castro Airport,large_airport,Santiago de Compostela,ES,Spain,SCQ,LEST,42.896301,-8.41514,yes
LESU,Pirineus - la Seu d'Urgel Airport,medium_airport,La Seu d'Urgell Pyrenees and Andorra,ES,Spain,LEU,LESU,42.3386,1.40917,yes
LEVC,Valencia Airport,large_airport,Valencia,ES,Spain,VLC,LEVC,39.489162,-0.480961,yes
LEVD,Valladolid Airport,medium_airport,Valladolid,ES,Spain,VLL,LEVD,41.7061,-4.85194,yes
LEVT,Vitoria Airport,medium_airport,Alava,ES,Spain,VIT,LEVT,42.882801,-2.72447,yes
LEVX,Vigo Airport,medium_airport,Vigo,ES,Spain,VGO,LEVX,42.2318,-8.62677,yes
LEXJ,Seve Ballesteros-Santander Airport,medium_airport,Santander,ES,Spain,SDR,LEXJ,43.427101,-3.82001,yes
LEZG,Zaragoza Airport,large_airport,Zaragoza,ES,Spain,ZAZ,LEZG,41.666199,-1.04155,yes
LEZL,Seville Airport,large_airport,Seville,ES,Spain,SVQ,LEZL,37.417999,-5.89311,yes
LFBD,Bordeaux–Mérignac Airport,large_airport,Bordeaux,FR,France,BOD,LFBD,44.82865,-0.715356,yes
LFBE,Bergerac Dordogne-Périgord airport,medium_airport,Bergerac,FR,France,EGC,LFBE,44.825298,0.518611,yes
LFBH,La Rochelle Île de Ré Airport,medium_airport,La Rochelle,FR,France,LRH,LFBH,46.179199,-1.19528,yes
LFBI,Poitiers-Biard Airport,medium_airport,Poitiers/Biard,FR,France,PIS,LFBI,46.5877,0.306666,yes
LFBL,Limoges Airport,medium_airport,Limoges/Bellegarde,FR,France,LIG,LFBL,45.862801,1.17944,yes
LFBO,Toulouse-Blagnac Airport,large_airport,Toulouse/Blagnac,FR,France,TLS,LFBO,43.629101,1.36382,yes
LFBP,Pau Pyrénées Airport,medium_airport,Pau/Pyrénées (Uzein),FR,France,PUF,LFBP,43.380001,-0.418611,yes
LFBT,Tarbes-Lourdes-Pyrénées Airport,medium_airport,Tarbes/Lourdes/Pyrénées,FR,France,LDE,LFBT,43.178699,-0.006439,yes
LFBZ,Biarritz Pays Basque airport,medium_airport,Biarritz,FR,France,BIQ,LFBZ,43.468372,-1.523223,yes
LFCK,Castres Mazamet Airport,medium_airport,Castres,FR,France,DCM,LFCK,43.556301,2.28918,yes
LFCR,Rodez–Aveyron Airport,medium_airport,Rodez/Marcillac,FR,France,RDZ,LFCR,44.407902,2.48267,yes
LFGJ,Dole Tavaux Airport,medium_airport,Dole,FR,France,DLE,LFGJ,47.038955,5.427589,yes
LFJL,Metz-Nancy-Lorraine Airport,medium_airport,Goin,FR,France,ETZ,LFJL,48.982101,6.25132,yes
LFKB,Bastia-Poretta International airport,large_airport,Bastia,FR,France,BIA,LFKB,42.5527,9.48373,yes
LFKC,Calvi Sainte Catherine Airport,medium_airport,Calvi,FR,France,CLY,LFKC,42.530422,8.792984,yes
LFKF,Figari Sud-Corse Airport,large_airport,Figari,FR,France,FSC,LFKF,41.50185,9.097092,yes
LFKJ,Ajaccio Napoléon Bonaparte airport,medium_airport,Ajaccio,FR,France,AJA,LFKJ,41.923599,8.80292,yes
LFLB,Chambéry Aix les Bains airport,medium_airport,Chambéry,FR,France,CMF,LFLB,45.6381,5.88023,yes
LFLC,Clermont-Ferrand Auvergne airport,large_airport,Clermont-Ferrand,FR,France,CFE,LFLC,45.786701,3.16917,yes
LFLL,Lyon Saint-Exupéry Airport,large_airport,"Colombier-Saugnieu, Rhône",FR,France,LYS,LFLL,45.725996,5.090139,yes
LFLP,Annecy Meythet airport,medium_airport,Annecy,FR,France,NCY,LFLP,45.928947,6.0987,yes
LFLS,Grenoble Alpes Isère Airport,medium_airport,Grenoble,FR,France,GNB,LFLS,45.3629,5.32937,yes
LFLW,Aurillac airport,medium_airport,Aurillac,FR,France,AUR,LFLW,44.891399,2.42194,yes
LFMK,Carcassonne Salvaza Airport,medium_airport,Carcassonne,FR,France,CCF,LFMK,43.216,2.30632,yes
LFML,Marseille Provence Airport,large_airport,"Marignane, Bouches-du-Rhône",FR,France,MRS,LFML,43.438088,5.2125,yes
LFMN,Nice-Côte d'Azur Airport,large_airport,"Nice, Alpes-Maritimes",FR,France,NCE,LFMN,43.658401,7.21587,yes
LFMP,Perpignan-Rivesaltes (Llabanère) Airport,medium_airport,Perpignan/Rivesaltes,FR,France,PGF,LFMP,42.740398,2.87067,yes
LFMT,Montpellier-Méditerranée Airport,large_airport,Montpellier/Méditerranée,FR,France,MPL,LFMT,43.576199,3.96301,yes
LFMU,Béziers Vias airport,medium_airport,Béziers,FR,France,BZR,LFMU,43.323502,3.3539,yes
LFMV,Avignon Caumont airport,medium_airport,Avignon,FR,France,AVN,LFMV,43.907299,4.90183,yes
LFOB,Beauvais-Tillé airport,large_airport,Beauvais,FR,France,BVA,LFOB,49.454399,2.11278,yes
LFOK,Chalons Vatry airport,medium_airport,Chalons en Champagne,FR,France,XCR,LFOK,48.77333,4.20611,yes
LFOT,Tours Val de Loire Airport,medium_airport,"Tours, Indre-et-Loire",FR,France,TUF,LFOT,47.432201,0.727606,yes
LFPB,Paris-Le Bourget International Airport,large_airport,Paris,FR,France,LBG,LFPB,48.962276,2.436539,yes
LFPG,Charles de Gaulle International Airport,large_airport,"Paris (Roissy-en-France, Val-d'Oise)",FR,France,CDG,LFPG,49.00896,2.554117,yes
LFPO,Paris-Orly Airport,large_airport,"Paris (Orly, Val-de-Marne)",FR,France,ORY,LFPO,48.729499,2.358963,yes
LFQQ,Lille Airport,large_airport,Lesquin,FR,France,LIL,LFQQ,50.566564,3.102429,yes
LFRB,Brest Bretagne airport,large_airport,Brest,FR,France,BES,LFRB,48.447899,-4.41854,yes
LFRD,Dinard Pleurtuit Saint-Malo airport,medium_airport,Dinard,FR,France,DNR,LFRD,48.5877,-2.07996,yes
LFRG,Deauville Normandie airport,medium_airport,Deauville,FR,France,DOL,LFRG,49.365237,0.154481,yes
LFRH,Lorient South Brittany (Bretagne Sud) Airport,medium_airport,Lorient/Lann/Bihoué,FR,France,LRT,LFRH,47.760601,-3.44,yes
LFRK,Caen Carpiquet airport,medium_airport,Caen,FR,France,CFR,LFRK,49.17678,-0.454883,yes
LFRM,Le Mans-Arnage Airport,medium_airport,"Le Mans, Sarthe",FR,France,LME,LFRM,47.948604,0.201702,yes
LFRN,Rennes-Saint-Jacques Airport,medium_airport,"Saint-Jacques-de-la-Lande, Ille-et-Vilaine",FR,France,RNS,LFRN,48.0695,-1.73479,yes
LFRS,Nantes Atlantique Airport,large_airport,Nantes,FR,France,NTE,LFRS,47.153198,-1.61073,yes
LFRZ,Saint-Nazaire-Montoir Airport,medium_airport,Saint-Nazaire/Montoir,FR,France,SNR,LFRZ,47.31142,-2.152634,yes
LFSB,EuroAirport Basel–Mulhouse–Freiburg,large_airport,Bâle / Mulhouse,FR,France,BSL,LFSB,47.60068,7.521117,yes
LFSD,Dijon Longvic airport,medium_airport,Dijon,FR,France,DIJ,LFSD,47.268902,5.09,yes
LFSL,Brive Souillac airport,medium_airport,Brive,FR,France,BVE,LFSL,45.039722,1.485556,yes
LFST,Strasbourg Airport,large_airport,Strasbourg,FR,France,SXB,LFST,48.5383,7.62823,yes
LFTH,Toulon-Hyères Airport,medium_airport,"Hyères, Var",FR,France,TLN,LFTH,43.097301,6.14603,yes
LFTW,Nîmes-Arles-Camargue Airport,medium_airport,Nîmes/Garons,FR,France,FNI,LFTW,43.757401,4.41635,yes
LFVP,Saint-Pierre Pointe-Blanche Airport,medium_airport,Saint-Pierre,PM,Saint Pierre and Miquelon,FSP,LFVP,46.762651,-56.17499,yes
LGAL,Alexandroupoli Democritus Airport,medium_airport,Alexandroupolis,GR,Greece,AXD,LGAL,40.8559,25.956301,yes
LGAV,Athens Eleftherios Venizelos International Airport,large_airport,Spata-Artemida,GR,Greece,ATH,LGAV,37.936401,23.9445,yes
LGBL,Nea Anchialos National Airport,medium_airport,Nea Anchialos,GR,Greece,VOL,LGBL,39.219601,22.7943,yes
LGHI,Chios Island National Airport,medium_airport,Chios Island,GR,Greece,JKH,LGHI,38.34320068359375,26.140600204467773,yes
LGIO,Ioannina King Pyrrhus National Airport,medium_airport,Ioannina,GR,Greece,IOA,LGIO,39.6964,20.8225,yes
LGIR,Heraklion International Nikos Kazantzakis Airport,large_airport,Heraklion,GR,Greece,HER,LGIR,35.339699,25.1803,yes
LGKF,Kefallinia Airport,medium_airport,Kefallinia Island,GR,Greece,EFL,LGKF,38.12009811401367,20.500499725341797,yes
LGKL,Kalamata Airport,medium_airport,Kalamata,GR,Greece,KLX,LGKL,37.06829833984375,22.02549934387207,yes
LGKO,"Kos International Airport ""Ippokratis""",large_airport,Kos Island,GR,Greece,KGS,LGKO,36.794523,27.09115,yes
LGKP,Karpathos Airport,medium_airport,Karpathos Island,GR,Greece,AOK,LGKP,35.421398,27.146,yes
LGKR,Corfu Ioannis Kapodistrias International Airport,large_airport,Kerkyra (Corfu),GR,Greece,CFU,LGKR,39.60145,19.912179,yes
LGKV,Kavala Alexander the Great International Airport,large_airport,Kavala,GR,Greece,KVA,LGKV,40.9133,24.6192,yes
LGKZ,Kozani National Airport Filippos,medium_airport,Kozani,GR,Greece,KZI,LGKZ,40.286098,21.840799,yes
LGMK,Mykonos Island National Airport,medium_airport,Mykonos,GR,Greece,JMK,LGMK,37.435101,25.348101,yes
LGMT,Mytilene International Airport,medium_airport,Mytilene,GR,Greece,MJT,LGMT,39.057406,26.598629,yes
LGPZ,Aktion National Airport,medium_airport,Preveza,GR,Greece,PVK,LGPZ,38.925499,20.765301,yes
LGRP,"Rhodes International Airport ""Diagoras""",large_airport,Rhodes,GR,Greece,RHO,LGRP,36.405399,28.086201,yes
LGRX,Patras Araxos Agamemnon Airport,medium_airport,Patras,GR,Greece,GPA,LGRX,38.1511,21.4256,yes
LGSA,Chania International Airport,large_airport,Souda,GR,Greece,CHQ,LGSA,35.531207,24.150673,yes
LGSK,Skiathos Island National Airport,medium_airport,Skiathos,GR,Greece,JSI,LGSK,39.177101,23.5037,yes
LGSM,Samos Airport,medium_airport,Samos Island,GR,Greece,SMI,LGSM,37.689999,26.911699,yes
LGSR,Santorini International Airport,large_airport,Santorini Island,GR,Greece,JTR,LGSR,36.400045,25.478638,yes
LGST,Sitia Airport,medium_airport,Crete Island,GR,Greece,JSH,LGST,35.21609878540039,26.101299285888672,yes
LGTS,Thessaloniki Macedonia International Airport,large_airport,Thessaloniki,GR,Greece,SKG,LGTS,40.51928,22.970009,yes
LGZA,Zakynthos International Airport Dionysios Solomos,medium_airport,Zakynthos,GR,Greece,ZTH,LGZA,37.7509,20.8843,yes
LHBP,Budapest Liszt Ferenc International Airport,large_airport,Budapest,HU,Hungary,BUD,LHBP,47.43018,19.262393,yes
LHDC,Debrecen International Airport,large_airport,Debrecen,HU,Hungary,DEB,LHDC,47.489469,21.616278,yes
LHPP,Pécs-Pogány International Airport,large_airport,Pécs,HU,Hungary,PEV,LHPP,45.988891,18.242044,yes
LHSM,Hévíz–Balaton Airport,medium_airport,Sármellék,HU,Hungary,SOB,LHSM,46.686391,17.159084,yes
LIBC,Crotone Sant'Anna Pythagoras Airport,medium_airport,Isola di Capo Rizzuto (KR),IT,Italy,CRV,LIBC,38.9972,17.0802,yes
LIBD,Bari Karol Wojtyła International Airport,large_airport,Bari,IT,Italy,BRI,LIBD,41.138901,16.760599,yes
LIBF,Foggia Gino Lisa Airport,medium_airport,Foggia (FG),IT,Italy,FOG,LIBF,41.433596,15.534566,yes
LIBP,Abruzzo Airport,large_airport,Pescara,IT,Italy,PSR,LIBP,42.431079,14.182981,yes
LIBR,Brindisi Airport,large_airport,Brindisi,IT,Italy,BDS,LIBR,40.6576,17.947001,yes
LICA,Lamezia Terme Sant'Eufemia International Airport,large_airport,Lamezia Terme (CZ),IT,Italy,SUF,LICA,38.906214,16.246007,yes
LICB,Comiso Airport,medium_airport,Comiso,IT,Italy,CIY,LICB,36.99583,14.60889,yes
LICC,Catania-Fontanarossa Airport,large_airport,Catania,IT,Italy,CTA,LICC,37.466801,15.0664,yes
LICD,Lampedusa Airport,medium_airport,Lampedusa,IT,Italy,LMP,LICD,35.497898,12.6181,yes
LICG,Pantelleria Airport,medium_airport,Pantelleria (TP),IT,Italy,PNL,LICG,36.816502,11.9689,yes
LICJ,Falcone–Borsellino Airport,large_airport,Palermo,IT,Italy,PMO,LICJ,38.175999,13.091,yes
LICR,Reggio Calabria Airport,medium_airport,Reggio Calabria,IT,Italy,REG,LICR,38.071201,15.6516,yes
LICT,Vincenzo Florio Airport Trapani-Birgi,medium_airport,Trapani (TP),IT,Italy,TPS,LICT,37.9114,12.488,yes
LIEA,Alghero-Fertilia Airport,medium_airport,Alghero,IT,Italy,AHO,LIEA,40.632099,8.29077,yes
LIEE,Cagliari Elmas Airport,large_airport,Cagliari,IT,Italy,CAG,LIEE,39.251499,9.05428,yes
LIEO,Olbia Costa Smeralda Airport,large_airport,Olbia (SS),IT,Italy,OLB,LIEO,40.898953,9.518457,yes
LIMC,Milan Malpensa International Airport,large_airport,Ferno (VA),IT,Italy,MXP,LIMC,45.6306,8.72811,yes
LIME,Il Caravaggio International Airport,large_airport,Orio al Serio (BG),IT,Italy,BGY,LIME,45.669362,9.708851,yes
LIMF,Turin Airport,large_airport,Caselle Torinese (TO),IT,Italy,TRN,LIMF,45.200802,7.64963,yes
LIMJ,Genoa Cristoforo Colombo Airport,large_airport,Genova (GE),IT,Italy,GOA,LIMJ,44.412039,8.840732,yes
LIML,Milano Linate Airport,large_airport,Segrate (MI),IT,Italy,LIN,LIML,45.445099,9.27674,yes
LIMP,Parma Airport,medium_airport,Parma (PR),IT,Italy,PMF,LIMP,44.826351,10.29705,yes
LIMZ,Cuneo International Airport,medium_airport,Levaldigi (CN),IT,Italy,CUF,LIMZ,44.547458,7.623045,yes
LIPB,Bolzano Airport,medium_airport,Bolzano (BZ),IT,Italy,BZO,LIPB,46.459245,11.326125,yes
LIPE,Bologna Guglielmo Marconi Airport,large_airport,Bologna,IT,Italy,BLQ,LIPE,44.5354,11.2887,yes
LIPH,Treviso Airport,large_airport,Treviso (TV),IT,Italy,TSF,LIPH,45.648399,12.1944,yes
LIPK,Forlì-Luigi Ridolfi International Airport,medium_airport,Forlì (FC),IT,Italy,FRL,LIPK,44.194801,12.0701,yes
LIPO,Brescia Gabriele d'Annunzio Airport,medium_airport,Montichiari (BS),IT,Italy,VBS,LIPO,45.428902,10.3306,yes
LIPQ,Trieste Airport,large_airport,Ronchi dei Legionari/Trieste,IT,Italy,TRS,LIPQ,45.827862,13.466672,yes
LIPR,Federico Fellini International Airport,large_airport,Rimini (RN),IT,Italy,RMI,LIPR,44.020024,12.612198,yes
LIPX,Verona Villafranca Valerio Catullo Airport,large_airport,Caselle (VR),IT,Italy,VRN,LIPX,45.394955,10.887303,yes
LIPY,Marche Airport,medium_airport,Falconara Marittima (AN),IT,Italy,AOI,LIPY,43.616299,13.3623,yes
LIPZ,Venice Marco Polo Airport,large_airport,Venezia (VE),IT,Italy,VCE,LIPZ,45.505299,12.3519,yes
LIRA,Ciampino–G. B. Pastine International Airport,large_airport,Rome,IT,Italy,CIA,LIRA,41.798769,12.595331,yes
LIRF,Rome–Fiumicino Leonardo da Vinci International Airport,large_airport,Rome,IT,Italy,FCO,LIRF,41.804532,12.251998,yes
LIRI,Salerno Costa d'Amalfi Airport,medium_airport,Salerno,IT,Italy,QSR,LIRI,40.620399,14.9113,yes
LIRJ,Marina di Campo Airport,medium_airport,Campo nell'Elba (LI),IT,Italy,EBA,LIRJ,42.760871,10.239811,yes
LIRN,Naples International Airport,large_airport,Napoli,IT,Italy,NAP,LIRN,40.886002,14.2908,yes
LIRP,Pisa International Airport,large_airport,Pisa (PI),IT,Italy,PSA,LIRP,43.683899,10.3927,yes
LIRQ,"Florence Airport, Peretola",large_airport,Firenze (FI),IT,Italy,FLR,LIRQ,43.808558,11.202822,yes
LIRZ,Perugia San Francesco d'Assisi – Umbria International Airport,large_airport,Perugia (PG),IT,Italy,PEG,LIRZ,43.095901,12.5132,yes
LJLJ,Ljubljana Jože Pučnik Airport,large_airport,Zgornji Brnik,SI,Slovenia,LJU,LJLJ,46.223701,14.4576,yes
LJMB,Maribor Edvard Rusjan Airport,medium_airport,Maribor,SI,Slovenia,MBX,LJMB,46.4799,15.6861,yes
LKCS,České Budějovice South Bohemian Airport,large_airport,České Budějovice,CZ,Czech Republic,JCL,LKCS,48.948171,14.42832,yes
LKKV,Karlovy Vary Airport,large_airport,Karlovy Vary,CZ,Czech Republic,KLV,LKKV,50.202999,12.915,yes
LKMT,Leoš Janáček Airport Ostrava,large_airport,Mošnov,CZ,Czech Republic,OSR,LKMT,49.696301,18.111099,yes
LKPD,Pardubice Airport,large_airport,Pardubice,CZ,Czech Republic,PED,LKPD,50.015049,15.73981,yes
LKPR,Václav Havel Airport Prague,large_airport,Prague,CZ,Czech Republic,PRG,LKPR,50.100874,14.259911,yes
LKTB,Brno-Tuřany Airport,medium_airport,Brno,CZ,Czech Republic,BRQ,LKTB,49.151276,16.693972,yes
LLBG,Ben Gurion International Airport,large_airport,Tel Aviv,IL,Israel,TLV,LLBG,32.011398,34.8867,yes
LLER,Ramon International Airport,large_airport,Eilat,IL,Israel,ETM,LLER,29.727009,35.014116,yes
LLHA,Uri Michaeli Haifa International Airport,medium_airport,Haifa,IL,Israel,HFA,LLHA,32.810219,35.043719,yes
LMML,Malta International Airport,large_airport,Valletta,MT,Malta,MLA,LMML,35.845932,14.491546,yes
LOWG,Graz Airport,large_airport,Feldkirchen bei Graz,AT,Austria,GRZ,LOWG,46.9911,15.4396,yes
LOWI,Innsbruck Airport,large_airport,Innsbruck,AT,Austria,INN,LOWI,47.260201,11.344,yes
LOWK,Klagenfurt Airport,large_airport,Klagenfurt am Wörthersee,AT,Austria,KLU,LOWK,46.642502,14.3377,yes
LOWL,Linz-Hörsching Airport,large_airport,Linz,AT,Austria,LNZ,LOWL,48.235362,14.188128,yes
LOWS,Salzburg Airport,large_airport,Salzburg,AT,Austria,SZG,LOWS,47.793301,13.0043,yes
LOWW,Vienna International Airport,large_airport,Vienna,AT,Austria,VIE,LOWW,48.110298,16.5697,yes
LPAZ,Santa Maria Airport,medium_airport,Vila do Porto,PT,Portugal,SMA,LPAZ,36.97140121459961,-25.17060089111328,yes
LPBG,Bragança Airport,medium_airport,Bragança,PT,Portugal,BGC,LPBG,41.8578,-6.70713,yes
LPCS,Cascais Airport,medium_airport,Cascais,PT,Portugal,CAT,LPCS,38.724998,-9.35523,yes
LPFL,Flores Airport,medium_airport,Santa Cruz das Flores,PT,Portugal,FLW,LPFL,39.455299377441406,-31.131399154663086,yes
LPFR,Faro - Gago Coutinho International Airport,large_airport,Faro,PT,Portugal,FAO,LPFR,37.015909,-7.970939,yes
LPGR,Graciosa Airport,medium_airport,Santa Cruz da Graciosa,PT,Portugal,GRW,LPGR,39.092201232910156,-28.029800415039062,yes
LPHR,Horta Airport,medium_airport,Horta,PT,Portugal,HOR,LPHR,38.519901275634766,-28.715900421142578,yes
LPLA,Lajes Airport,medium_airport,Praia da Vitória,PT,Portugal,TER,LPLA,38.761799,-27.090799,yes
LPMA,Cristiano Ronaldo International Airport,large_airport,Funchal,PT,Portugal,FNC,LPMA,32.697812,-16.774613,yes
LPPD,João Paulo II Airport,large_airport,Ponta Delgada,PT,Portugal,PDL,LPPD,37.7411994934,-25.6979007721,yes
LPPI,Pico Airport,medium_airport,Pico Island,PT,Portugal,PIX,LPPI,38.554298,-28.441299,yes
LPPM,Portimão Airport,medium_airport,Portimão,PT,Portugal,PRM,LPPM,37.1493,-8.58396,yes
LPPR,Francisco de Sá Carneiro Airport,large_airport,Porto,PT,Portugal,OPO,LPPR,41.2481002808,-8.68138980865,yes
LPPS,Porto Santo Airport,medium_airport,Vila Baleira,PT,Portugal,PXO,LPPS,33.0733985901,-16.3500003815,yes
LPPT,Lisbon Humberto Delgado Airport,large_airport,Lisbon,PT,Portugal,LIS,LPPT,38.7813,-9.13592,yes
LPSJ,São Jorge Airport,medium_airport,Velas,PT,Portugal,SJZ,LPSJ,38.665501,-28.1758,yes
LPVR,Vila Real Airport,medium_airport,Vila Real,PT,Portugal,VRL,LPVR,41.2743,-7.72047,yes
LPVZ,Aerodromo Goncalves Lobato (Viseu Airport),medium_airport,Viseu,PT,Portugal,VSE,LPVZ,40.725498,-7.88899,yes
LQBK,Banja Luka International Airport,large_airport,Mahovljani,BA,Bosnia and Herzegovina,BNX,LQBK,44.941399,17.297501,yes
LQMO,Mostar International Airport,large_airport,Mostar,BA,Bosnia and Herzegovina,OMO,LQMO,43.282489,17.846101,yes
LQSA,Sarajevo International Airport,large_airport,Sarajevo,BA,Bosnia and Herzegovina,SJJ,LQSA,43.8246,18.331499,yes
LQTZ,Tuzla International Airport,large_airport,Dubrave Gornje,BA,Bosnia and Herzegovina,TZL,LQTZ,44.459858,18.723627,yes
LRAR,Arad International Airport,medium_airport,Arad,RO,Romania,ARW,LRAR,46.176136,21.264322,yes
LRBC,Bacău George Enescu International  Airport,large_airport,Bacău,RO,Romania,BCM,LRBC,46.5219,26.910299,yes
LRBM,Maramureș International Airport,medium_airport,Tăuții-Măgherăuș,RO,Romania,BAY,LRBM,47.658444,23.464445,yes
LRBS,Bucharest Băneasa Aurel Vlaicu International Airport,large_airport,Bucharest,RO,Romania,BBU,LRBS,44.503133,26.102944,yes
LRBV,Brașov-Ghimbav International Airport,large_airport,Brașov (Ghimbav),RO,Romania,GHV,LRBV,45.70558,25.522871,yes
LRCK,Mihail Kogălniceanu International Airport,large_airport,Constanța,RO,Romania,CND,LRCK,44.362202,28.4883,yes
LRCL,Avram Iancu Cluj International Airport,large_airport,Cluj-Napoca,RO,Romania,CLJ,LRCL,46.786042,23.685733,yes
LRCV,Craiova International Airport,large_airport,Craiova,RO,Romania,CRA,LRCV,44.3181,23.888599,yes
LRIA,Iaşi International Airport,large_airport,Iaşi,RO,Romania,IAS,LRIA,47.179633,27.621431,yes
LROD,Oradea International Airport,large_airport,Oradea,RO,Romania,OMR,LROD,47.025299,21.9025,yes
LROP,Bucharest Henri Coandă International Airport,large_airport,Otopeni,RO,Romania,OTP,LROP,44.571792,26.103285,yes
LRSB,Sibiu International Airport,large_airport,Sibiu,RO,Romania,SBZ,LRSB,45.785841,24.086666,yes
LRSM,Satu Mare International Airport,medium_airport,Satu Mare,RO,Romania,SUJ,LRSM,47.7033,22.8857,yes
LRSV,Suceava Ștefan cel Mare International Airport,large_airport,Suceava,RO,Romania,SCV,LRSV,47.6875,26.354099,yes
LRTM,Târgu Mureş Transilvania International Airport,medium_airport,Recea,RO,Romania,TGM,LRTM,46.467701,24.4125,yes
LRTR,Timișoara Traian Vuia International Airport,large_airport,Timişoara,RO,Romania,TSR,LRTR,45.809898,21.3379,yes
LSGG,Geneva International Airport,large_airport,Geneva,CH,Switzerland,GVA,LSGG,46.238098,6.10895,yes
LSZA,Lugano Airport,medium_airport,Agno,CH,Switzerland,LUG,LSZA,46.004299,8.91058,yes
LSZB,Bern Airport,medium_airport,Bern,CH,Switzerland,BRN,LSZB,46.912736,7.498819,yes
LSZH,Zürich Airport,large_airport,Zurich,CH,Switzerland,ZRH,LSZH,47.458056,8.548056,yes
LSZR,Sankt Gallen Altenrhein Airport,medium_airport,St. Gallen,CH,Switzerland,ACH,LSZR,47.485001,9.56077,yes
LTAC,Esenboğa International Airport,large_airport,Ankara,TR,Turkey,ESB,LTAC,40.128101,32.995098,yes
LTAI,Antalya International Airport,large_airport,Antalya,TR,Turkey,AYT,LTAI,36.898701,30.800501,yes
LTAJ,Gaziantep Oğuzeli International Airport,large_airport,Gaziantep,TR,Turkey,GZT,LTAJ,36.947201,37.478699,yes
LTAL,Kastamonu Airport,medium_airport,Kastamonu,TR,Turkey,KFS,LTAL,41.314201,33.795799,yes
LTAN,Konya Airport,large_airport,Konya,TR,Turkey,KYA,LTAN,37.979,32.561901,yes
LTAR,Sivas Nuri Demirağ Airport,medium_airport,Sivas,TR,Turkey,VAS,LTAR,39.813801,36.9035,yes
LTAS,Zonguldak Çaycuma Airport,medium_airport,Zonguldak,TR,Turkey,ONQ,LTAS,41.506401,32.0886,yes
LTAT,Malatya Erhaç Airport,medium_airport,Malatya,TR,Turkey,MLX,LTAT,38.435298919699996,38.0909996033,yes
LTAU,Kayseri Erkilet International Airport,large_airport,Kayseri,TR,Turkey,ASR,LTAU,38.770401,35.495399,yes
LTAW,Tokat Airport,medium_airport,Tokat,TR,Turkey,TJK,LTAW,40.32472,36.39056,yes
LTAY,Çardak Airport,medium_airport,Denizli,TR,Turkey,DNZ,LTAY,37.7855987549,29.7012996674,yes
LTAZ,Nevşehir Kapadokya Airport,large_airport,Nevşehir,TR,Turkey,NAV,LTAZ,38.7719,34.5345,yes
LTBA,İstanbul Atatürk Airport,large_airport,Istanbul(Bakırköy),TR,Turkey,ISL,LTBA,40.971913,28.823714,no
LTBF,Balıkesir Airport,medium_airport,Balıkesir,TR,Turkey,BZI,LTBF,39.619301,27.926001,yes
LTBH,Çanakkale Airport,medium_airport,Çanakkale,TR,Turkey,CKZ,LTBH,40.1376991272,26.4267997742,yes
LTBJ,Adnan Menderes International Airport,large_airport,Gaziemir,TR,Turkey,ADB,LTBJ,38.2924,27.157,yes
LTBR,Bursa Yenişehir Airport,medium_airport,Yenişehir,TR,Turkey,YEI,LTBR,40.255199,29.562599,yes
LTBS,Dalaman International Airport,large_airport,Dalaman,TR,Turkey,DLM,LTBS,36.7131,28.7925,yes
LTBU,Tekirdağ Çorlu Airport,medium_airport,Çorlu,TR,Turkey,TEQ,LTBU,41.138199,27.9191,yes
LTBY,Hasan Polatkan Airport,large_airport,Eskişehir,TR,Turkey,AOE,LTBY,39.811644,30.519268,yes
LTCA,Elazığ Airport,medium_airport,Elazığ,TR,Turkey,EZS,LTCA,38.597974,39.28348,yes
LTCB,Ordu–Giresun Airport,medium_airport,Ordu,TR,Turkey,OGU,LTCB,40.966872,38.085995,yes
LTCC,Diyarbakır Airport,medium_airport,Diyarbakır,TR,Turkey,DIY,LTCC,37.893902,40.201,yes
LTCD,Erzincan Airport,medium_airport,Erzincan,TR,Turkey,ERC,LTCD,39.7102012634,39.527000427199994,yes
LTCE,Erzurum International Airport,medium_airport,Erzurum,TR,Turkey,ERZ,LTCE,39.956501,41.1702,yes
LTCF,Kars Airport,medium_airport,Kars,TR,Turkey,KSY,LTCF,40.562198638916016,43.1150016784668,yes
LTCG,Trabzon International Airport,medium_airport,Trabzon,TR,Turkey,TZX,LTCG,40.995098,39.7897,yes
LTCI,Van Ferit Melen Airport,medium_airport,Van,TR,Turkey,VAN,LTCI,38.46820068359375,43.332298278808594,yes
LTCJ,Batman Airport,medium_airport,Batman,TR,Turkey,BAL,LTCJ,37.929001,41.1166,yes
LTCK,Muş Airport,medium_airport,Muş,TR,Turkey,MSR,LTCK,38.747798919677734,41.66120147705078,yes
LTCM,Sinop Airport,medium_airport,Sinop,TR,Turkey,NOP,LTCM,42.018313,35.071774,yes
LTCN,Kahramanmaraş Airport,medium_airport,Kahramanmaraş,TR,Turkey,KCM,LTCN,37.5388259888,36.9535217285,yes
LTCO,Ağrı Airport,medium_airport,Ağrı,TR,Turkey,AJI,LTCO,39.655642,43.025742,yes
LTCP,Adıyaman Airport,medium_airport,Adıyaman,TR,Turkey,ADF,LTCP,37.7314,38.468899,yes
LTCR,Mardin Airport,medium_airport,Mardin,TR,Turkey,MQM,LTCR,37.223300933800004,40.6316986084,yes
LTCS,Şanlıurfa GAP Airport,large_airport,Şanlıurfa,TR,Turkey,GNY,LTCS,37.445663,38.895592,yes
LTCT,Iğdır Airport,medium_airport,Iğdır,TR,Turkey,IGD,LTCT,39.976627,43.876648,yes
LTCV,Şırnak Şerafettin Elçi Airport,medium_airport,Şırnak,TR,Turkey,NKT,LTCV,37.3647,42.0582,yes
LTCW,Hakkari Yüksekova Airport,medium_airport,Hakkari,TR,Turkey,YKO,LTCW,37.5497,44.2381,yes
LTDA,Hatay Airport,medium_airport,Antakya,TR,Turkey,HTY,LTDA,36.36079,36.285589,yes
LTDB,Çukurova International Airport,large_airport,Tarsus,TR,Turkey,COV,LTDB,36.891478,35.071235,yes
LTFC,Süleyman Demirel International Airport,medium_airport,Isparta,TR,Turkey,ISE,LTFC,37.8554,30.368401,yes
LTFD,Balıkesir Koca Seyit Airport,large_airport,Edremit,TR,Turkey,EDO,LTFD,39.552533,27.010192,yes
LTFE,Milas Bodrum International Airport,large_airport,Bodrum,TR,Turkey,BJV,LTFE,37.249314,27.66401,yes
LTFG,Gazipaşa-Alanya Airport,medium_airport,Gazipaşa,TR,Turkey,GZP,LTFG,36.298832,32.297017,yes
LTFH,Samsun-Çarşamba Airport,medium_airport,Samsun,TR,Turkey,SZF,LTFH,41.253988,36.567546,yes
LTFJ,Istanbul Sabiha Gökçen International Airport,large_airport,"Pendik, Istanbul",TR,Turkey,SAW,LTFJ,40.898602,29.3092,yes
LTFM,İstanbul Airport,large_airport,Istanbul,TR,Turkey,IST,LTFM,41.274874,28.732136,yes
LTFO,Rize–Artvin Airport,large_airport,Rize,TR,Turkey,RZV,LTFO,41.179766,40.848802,yes
LUKK,Chişinău International Airport,large_airport,Chişinău,MD,Moldova,RMO,LUKK,46.92774,28.931704,yes
LWOH,Ohrid St. Paul the Apostle Airport,large_airport,Ohrid,MK,North Macedonia,OHD,LWOH,41.18,20.7423,yes
LWSK,Skopje International Airport,large_airport,Ilinden,MK,North Macedonia,SKP,LWSK,41.958087,21.622581,yes
LXGB,Gibraltar Airport,large_airport,Gibraltar,GI,Gibraltar,GIB,LXGB,36.151679,-5.34978,yes
LYBE,Belgrade Nikola Tesla Airport,large_airport,Belgrade,RS,Serbia,BEG,LYBE,44.818401,20.309099,yes
LYKV,Morava Airport,medium_airport,Kraljevo,RS,Serbia,KVO,LYKV,43.817519,20.586662,yes
LYNI,Niš Constantine the Great Airport,large_airport,Niš,RS,Serbia,INI,LYNI,43.336538,21.856242,yes
LYPG,Podgorica Airport / Podgorica Golubovci Airbase,large_airport,Podgorica,ME,Montenegro,TGD,LYPG,42.359402,19.2519,yes
LYTV,Tivat Airport,medium_airport,Tivat,ME,Montenegro,TIV,LYTV,42.404701,18.723301,yes
LZG,Langzhong Gucheng Airport,medium_airport,Nanchong (Langzhong),CN,China,LZG,ZULA,31.50191,106.034417,yes
LZIB,M. R. Štefánik Airport,large_airport,Bratislava,SK,Slovakia,BTS,LZIB,48.1702,17.2127,yes
LZKZ,Košice International Airport,medium_airport,Košice,SK,Slovakia,KSC,LZKZ,48.663101,21.2411,yes
LZSL,Sliač Airport,medium_airport,Sliač,SK,Slovakia,SLD,LZSL,48.63779830932617,19.13409996032715,yes
LZTT,Poprad-Tatry Airport,medium_airport,Poprad,SK,Slovakia,TAT,LZTT,49.070994,20.241394,yes
MBGT,JAGS McCartney International Airport,medium_airport,Cockburn Town,TC,Turks and Caicos Islands,GDT,MBGT,21.4445,-71.142303,yes
MBNC,North Caicos Airport,medium_airport,North Caicos,TC,Turks and Caicos Islands,NCA,MBNC,21.916094,-71.942954,yes
MBPV,Providenciales International Airport,large_airport,Providenciales,TC,Turks and Caicos Islands,PLS,MBPV,21.773697,-72.268321,yes
MBSC,South Caicos Airport,medium_airport,South Caicos,TC,Turks and Caicos Islands,XSC,MBSC,21.515699,-71.528503,yes
MDBH,Maria Montez International Airport,medium_airport,Barahona,DO,Dominican Republic,BRX,MDBH,18.25149917602539,-71.12039947509766,yes
MDCY,Samaná El Catey International Airport,medium_airport,Samana,DO,Dominican Republic,AZS,MDCY,19.269259,-69.737405,yes
MDJB,La Isabela International Airport,medium_airport,La Isabela,DO,Dominican Republic,JBQ,MDJB,18.572500228881836,-69.98560333251953,yes
MDLR,Casa De Campo International Airport,large_airport,La Romana,DO,Dominican Republic,LRM,MDLR,18.452222,-68.911111,yes
MDPC,Punta Cana International Airport,large_airport,Punta Cana,DO,Dominican Republic,PUJ,MDPC,18.567093,-68.364558,yes
MDPP,Gregorio Luperon International Airport,medium_airport,Puerto Plata,DO,Dominican Republic,POP,MDPP,19.7579,-70.57,yes
MDSD,Las Américas International Airport,large_airport,Santo Domingo,DO,Dominican Republic,SDQ,MDSD,18.42970085144,-69.668899536133,yes
MDST,Cibao International Airport,large_airport,Santiago,DO,Dominican Republic,STI,MDST,19.40406,-70.604431,yes
MGGT,La Aurora International Airport,large_airport,Guatemala City,GT,Guatemala,GUA,MGGT,14.582896,-90.527515,yes
MGPB,Puerto Barrios Airport,medium_airport,Puerto Barrios,GT,Guatemala,PBR,MGPB,15.7309,-88.583801,yes
MGRT,Retalhuleu Airport,medium_airport,Retalhuleu,GT,Guatemala,RER,MGRT,14.521431,-91.697001,yes
MGTK,Mundo Maya International Airport,medium_airport,San Benito,GT,Guatemala,FRS,MGMM,16.913707,-89.866143,yes
MHLC,Golosón International Airport,medium_airport,La Ceiba,HN,Honduras,LCE,MHLC,15.7425,-86.852997,yes
MHLM,Ramón Villeda Morales International Airport,large_airport,San Pedro Sula,HN,Honduras,SAP,MHLM,15.4526,-87.923599,yes
MHNJ,La Laguna Airport,medium_airport,Guanaja,HN,Honduras,GJA,MHNJ,16.4454,-85.906601,yes
MHRO,Juan Manuel Gálvez International Airport,large_airport,Coxen Hole,HN,Honduras,RTB,MHRO,16.316799,-86.523003,yes
MHSC,Palmerola International Airport,large_airport,Palmerola,HN,Honduras,XPL,MHPR,14.3824,-87.621201,yes
MHTG,Toncontín Airport,medium_airport,Tegucigalpa,HN,Honduras,TGU,MHTG,14.0609,-87.217201,yes
MKBS,Ian Fleming International Airport,medium_airport,Boscobel,JM,Jamaica,OCJ,MKBS,18.404079,-76.969754,yes
MKJP,Norman Manley International Airport,large_airport,Kingston,JM,Jamaica,KIN,MKJP,17.935699462890625,-76.7874984741211,yes
MKJS,Sangster International Airport,large_airport,Montego Bay,JM,Jamaica,MBJ,MKJS,18.50342,-77.91323,yes
MKTP,Tinson Pen Airport,medium_airport,Tinson Pen,JM,Jamaica,KTP,MKTP,17.98859977722168,-76.82379913330078,yes
MMAA,General Juan N. Álvarez International Airport,large_airport,Acapulco,MX,Mexico,ACA,MMAA,16.757126,-99.753113,yes
MMAS,Aguascalientes International Airport,large_airport,Aguascalientes,MX,Mexico,AGU,MMAS,21.699589,-102.318372,yes
MMBT,Bahías de Huatulco International Airport,large_airport,Huatulco,MX,Mexico,HUX,MMBT,15.775437,-96.260456,yes
MMCE,Ciudad del Carmen International Airport,medium_airport,Ciudad del Carmen,MX,Mexico,CME,MMCE,18.651516,-91.799355,yes
MMCL,Bachigualato Federal International Airport,large_airport,Culiacán,MX,Mexico,CUL,MMCL,24.76504,-107.475228,yes
MMCM,Chetumal International Airport,medium_airport,Chetumal,MX,Mexico,CTM,MMCM,18.504985,-88.328018,yes
MMCN,Ciudad Obregón International Airport,medium_airport,Ciudad Obregón,MX,Mexico,CEN,MMCN,27.39259910583496,-109.83300018310547,yes
MMCP,Ingeniero Alberto Acuña Ongay International Airport,medium_airport,Campeche,MX,Mexico,CPE,MMCP,19.815969,-90.500125,yes
MMCS,Abraham González International Airport,large_airport,Ciudad Juárez,MX,Mexico,CJS,MMCS,31.636673,-106.428533,yes
MMCU,General Roberto Fierro Villalobos International Airport,large_airport,Chihuahua,MX,Mexico,CUU,MMCU,28.702649,-105.963764,yes
MMCV,General Pedro Jose Mendez International Airport,medium_airport,Ciudad Victoria,MX,Mexico,CVM,MMCV,23.7033,-98.956497,yes
MMCZ,Cozumel International Airport,large_airport,Cozumel,MX,Mexico,CZM,MMCZ,20.514922,-86.928538,yes
MMDO,General Guadalupe Victoria International Airport,medium_airport,Durango,MX,Mexico,DGO,MMDO,24.125468,-104.527938,yes
MMEP,Amado Nervo National Airport,medium_airport,Tepic,MX,Mexico,TPQ,MMEP,21.419833,-104.842472,yes
MMGL,Guadalajara International Airport,large_airport,Guadalajara,MX,Mexico,GDL,MMGL,20.523342,-103.310108,yes
MMGM,General José María Yáñez International Airport,medium_airport,Guaymas,MX,Mexico,GYM,MMGM,27.9689998626709,-110.92500305175781,yes
MMHO,General Ignacio L. Pesqueira International Airport,large_airport,Hermosillo,MX,Mexico,HMO,MMHO,29.092811,-111.053015,yes
MMIA,Licenciado Miguel de la Madrid International Airport,medium_airport,Colima,MX,Mexico,CLQ,MMIA,19.277,-103.577002,yes
MMIO,Plan de Guadalupe International Airport,medium_airport,Saltillo,MX,Mexico,SLW,MMIO,25.53786,-100.928346,yes
MMIT,General Antonio Cárdenas Rodríguez National Airport / Ixtepec Air Base,medium_airport,Ixtepec,MX,Mexico,IZT,MMIT,16.445961,-95.093708,yes
MMLM,Valle del Fuerte International Airport,medium_airport,Los Mochis,MX,Mexico,LMM,MMLM,25.685503,-109.081159,yes
MMLO,Guanajuato International Airport,large_airport,Silao,MX,Mexico,BJX,MMLO,20.992695,-101.480284,yes
MMLP,Manuel Márquez de León International Airport,medium_airport,La Paz,MX,Mexico,LAP,MMLP,24.072331,-110.362662,yes
MMLT,Loreto International Airport,large_airport,Loreto,MX,Mexico,LTO,MMLT,25.989549,-111.348408,yes
MMMA,General Servando Canales International Airport,medium_airport,Matamoros,MX,Mexico,MAM,MMMA,25.7698993683,-97.5252990723,yes
MMMD,Manuel Crescencio Rejón International Airport,large_airport,Mérida,MX,Mexico,MID,MMMD,20.930485,-89.645462,yes
MMML,General Rodolfo Sánchez Taboada International Airport,medium_airport,Mexicali,MX,Mexico,MXL,MMML,32.630629,-115.242805,yes
MMMM,General Francisco J. Mujica International Airport,large_airport,Morelia,MX,Mexico,MLM,MMMM,19.849899,-101.025002,yes
MMMT,Minatitlán/Coatzacoalcos International Airport,medium_airport,Cosoleacaque,MX,Mexico,MTT,MMMT,18.103399,-94.580704,yes
MMMX,Mexico City Benito Juárez International Airport,large_airport,Mexico City,MX,Mexico,MEX,MMMX,19.435822,-99.07033,yes
MMMY,Monterrey International Airport,large_airport,Monterrey,MX,Mexico,MTY,MMMY,25.778521,-100.106989,yes
MMMZ,General Rafael Buelna International Airport,large_airport,Mazatlàn,MX,Mexico,MZT,MMMZ,23.162823,-106.264517,yes
MMNL,Quetzalcóatl International Airport,medium_airport,Nuevo Laredo,MX,Mexico,NLD,MMNL,27.443899,-99.570503,yes
MMOX,Xoxocotlán International Airport,large_airport,Oaxaca,MX,Mexico,OAX,MMOX,16.998773,-96.726092,yes
MMPA,El Tajín National Airport,medium_airport,Poza Rica,MX,Mexico,PAZ,MMPA,20.6026992798,-97.46080017090001,yes
MMPB,Hermanos Serdán International Airport,large_airport,Puebla,MX,Mexico,PBC,MMPB,19.158465,-98.371582,yes
MMPG,Piedras Negras International Airport,medium_airport,Piedras Negras,MX,Mexico,PDS,MMPG,28.627873,-100.53524,yes
MMPN,Uruapan - Licenciado y General Ignacio Lopez Rayon International Airport,medium_airport,Uruapan,MX,Mexico,UPN,MMPN,19.3967,-102.039001,yes
MMPR,Puerto Vallarta International Airport,large_airport,Puerto Vallarta,MX,Mexico,PVR,MMPR,20.679913,-105.254391,yes
MMPS,Puerto Escondido International Airport,medium_airport,Puerto Escondido,MX,Mexico,PXM,MMPS,15.876808,-97.0891,yes
MMQT,Querétaro Intercontinental Airport,large_airport,Querétaro,MX,Mexico,QRO,MMQT,20.618779,-100.186449,yes
MMRX,General Lucio Blanco International Airport,medium_airport,Reynosa,MX,Mexico,REX,MMRX,26.0089,-98.2285,yes
MMSD,Los Cabos International Airport,large_airport,San José del Cabo,MX,Mexico,SJD,MMSD,23.151919,-109.720731,yes
MMSL,Cabo San Lucas International Airport,medium_airport,Cabo San Lucas,MX,Mexico,CSW,MMSL,22.949072,-109.939479,yes
MMSM,Felipe Ángeles International Airport,large_airport,Mexico City,MX,Mexico,NLU,MMSM,19.743824,-99.01507,yes
MMSP,Ponciano Arriaga International Airport,medium_airport,San Luis Potosí,MX,Mexico,SLP,MMSP,22.262026,-100.935692,yes
MMTC,Francisco Sarabia Tinoco International Airport,medium_airport,Torreón,MX,Mexico,TRC,MMTC,25.562265,-103.404608,yes
MMTG,Angel Albino Corzo International Airport,medium_airport,Tuxtla Gutiérrez,MX,Mexico,TGZ,MMTG,16.561611,-93.025731,yes
MMTJ,General Abelardo L. Rodriguez International Airport,large_airport,Tijuana,MX,Mexico,TIJ,MMTJ,32.541043,-116.969976,yes
MMTL,Felipe Carrillo Puerto International Airport Tulum,large_airport,Tulum,MX,Mexico,TQO,MMTL,20.172098,-87.660272,yes
MMTM,General Francisco Javier Mina International Airport,medium_airport,Ciudad Madero,MX,Mexico,TAM,MMTM,22.292622,-97.867058,yes
MMTO,Adolfo López Mateos International Airport,large_airport,Toluca,MX,Mexico,TLC,MMTO,19.3369,-99.56583,yes
MMTP,Tapachula International Airport,medium_airport,Tapachula,MX,Mexico,TAP,MMTP,14.794549,-92.369871,yes
MMUN,Cancún International Airport,large_airport,Cancún,MX,Mexico,CUN,MMUN,21.040817,-86.87347,yes
MMVA,Carlos Rovirosa Pérez International Airport,large_airport,Villahermosa,MX,Mexico,VSA,MMVA,17.994283,-92.818199,yes
MMVR,General Heriberto Jara International Airport,large_airport,Veracruz,MX,Mexico,VER,MMVR,19.139589,-96.188602,yes
MMZC,General Leobardo C. Ruiz International Airport,medium_airport,Zacatecas,MX,Mexico,ZCL,MMZC,22.894942,-102.687154,yes
MMZH,Ixtapa-Zihuatanejo International Airport,large_airport,Ixtapa,MX,Mexico,ZIH,MMZH,17.601771,-101.460629,yes
MMZO,Playa de Oro International Airport,medium_airport,Manzanillo,MX,Mexico,ZLO,MMZO,19.1448,-104.558998,yes
MNBL,Bluefields Airport,medium_airport,Bluefields,NI,Nicaragua,BEF,MNBL,11.991,-83.774101,yes
MNMG,Augusto C. Sandino (Managua) International Airport,large_airport,Managua,NI,Nicaragua,MGA,MNMG,12.1415,-86.168198,yes
MNPC,Puerto Cabezas Airport,medium_airport,Puerto Cabezas,NI,Nicaragua,PUZ,MNPC,14.047200202941895,-83.38670349121094,yes
MPBO,"Bocas del Toro ""Isla Colón"" International Airport",medium_airport,Isla Colón,PA,Panama,BOC,MPBO,9.34085,-82.250801,yes
MPCE,Alonso Valderrama Airport,medium_airport,Chitré,PA,Panama,CTD,MPCE,7.98784,-80.409837,yes
MPCH,Changuinola Captain Manuel Niño International Airport,medium_airport,Changuinola,PA,Panama,CHX,MPCH,9.458962,-82.515062,yes
MPDA,Enrique Malek International Airport,medium_airport,David,PA,Panama,DAV,MPDA,8.388983,-82.436425,yes
MPEJ,Enrique Adolfo Jimenez Airport,medium_airport,Colón,PA,Panama,ONX,MPEJ,9.35664,-79.867401,yes
MPMG,Marcos A. Gelabert International Airport,medium_airport,Albrook,PA,Panama,PAC,MPMG,8.97334,-79.555603,yes
MPTO,Tocumen International Airport,large_airport,Tocumen,PA,Panama,PTY,MPTO,9.07136,-79.383499,yes
MRAN,La Fortuna Arenal Airport,medium_airport,La Fortuna,CR,Costa Rica,FON,MRAN,10.469311,-84.579073,yes
MRGF,Golfito Airport,medium_airport,Golfito,CR,Costa Rica,GLF,MRGF,8.65401,-83.182198,yes
MRLB,Daniel Oduber Quirós International Airport,large_airport,Liberia,CR,Costa Rica,LIR,MRLB,10.5933,-85.544403,yes
MRLM,Limón International Airport,medium_airport,Limón,CR,Costa Rica,LIO,MRLM,9.95796,-83.022003,yes
MRNS,Nosara Airport,medium_airport,Nicoya,CR,Costa Rica,NOB,MRNS,9.976490020750001,-85.65299987790002,yes
MROC,Juan Santamaría International Airport,large_airport,San José (Alajuela),CR,Costa Rica,SJO,MROC,9.99386,-84.208801,yes
MRPJ,Puerto Jimenez Airport,medium_airport,Puerto Jimenez,CR,Costa Rica,PJM,MRPJ,8.533329963684082,-83.30000305175781,yes
MRPV,Tobías Bolaños International Airport,medium_airport,San Jose,CR,Costa Rica,SYQ,MRPV,9.95705,-84.139801,yes
MRQP,Quepos Managua Airport,medium_airport,Quepos,CR,Costa Rica,XQP,MRQP,9.44316,-84.129799,yes
MSLP,El Salvador International Airport Saint Óscar Arnulfo Romero y Galdámez,large_airport,San Salvador (San Luis Talpa),SV,El Salvador,SAL,MSLP,13.44447,-89.055784,yes
MSSS,Ilopango International Airport,medium_airport,San Salvador,SV,El Salvador,ILS,MSSS,13.6995,-89.119904,yes
MTCA,Antoine-Simon International Airport,medium_airport,Les Cayes,HT,Haiti,CYA,MTCA,18.271099,-73.7883,yes
MTCH,Cap Haitien International Airport,large_airport,Cap Haitien,HT,Haiti,CAP,MTCH,19.725547,-72.20071,yes
MTJE,Jérémie Airport,medium_airport,Carrefour Sanon,HT,Haiti,JEE,MTJE,18.663099,-74.170303,yes
MTPP,Toussaint Louverture International Airport,large_airport,Port-au-Prince,HT,Haiti,PAP,MTPP,18.580023,-72.292596,yes
MUBA,Gustavo Rizo Airport,medium_airport,Baracoa,CU,Cuba,BCA,MUBA,20.365299224853516,-74.5062026977539,yes
MUBY,Carlos Manuel de Cespedes Airport,medium_airport,Bayamo,CU,Cuba,BYM,MUBY,20.3964,-76.621399,yes
MUCC,Jardines Del Rey Airport,medium_airport,Cayo Coco,CU,Cuba,CCC,MUCC,22.461000442499998,-78.32839965820001,yes
MUCF,Jaime Gonzalez Airport,medium_airport,Cienfuegos,CU,Cuba,CFG,MUCF,22.149999618530273,-80.41419982910156,yes
MUCL,Vilo Acuña International Airport,medium_airport,Cayo Largo del Sur,CU,Cuba,CYO,MUCL,21.6165008545,-81.5459976196,yes
MUCM,Ignacio Agramonte International Airport,large_airport,Camaguey,CU,Cuba,CMW,MUCM,21.419909,-77.848039,yes
MUCU,Antonio Maceo International Airport,large_airport,Santiago,CU,Cuba,SCU,MUCU,19.97474,-75.835504,yes
MUHA,José Martí International Airport,large_airport,Havana,CU,Cuba,HAV,MUHA,22.989200592041016,-82.40910339355469,yes
MUHG,Frank Pais International Airport,large_airport,Holguin,CU,Cuba,HOG,MUHG,20.785148,-76.315526,yes
MUMZ,Sierra Maestra International Airport,medium_airport,Manzanillo,CU,Cuba,MZO,MUMZ,20.288605,-77.087545,yes
MUNG,Rafael Cabrera Airport,medium_airport,Nueva Gerona,CU,Cuba,GER,MUNG,21.834699630737305,-82.78379821777344,yes
MUSC,Abel Santamaria International Airport,large_airport,Santa Clara,CU,Cuba,SNU,MUSC,22.492215,-79.943119,yes
MUTD,Alberto Delgado Airport,medium_airport,Trinidad,CU,Cuba,TND,MUTD,21.7883,-79.9972,yes
MUVR,Juan Gualberto Gomez International Airport,large_airport,Matanzas,CU,Cuba,VRA,MUVR,23.034401,-81.435303,yes
MUVT,Hermanos Ameijeiras Airport,medium_airport,Las Tunas,CU,Cuba,VTU,MUVT,20.9876,-76.935799,yes
MWCB,Charles Kirkconnell International Airport,medium_airport,West End,KY,Cayman Islands,CYB,MWCB,19.687,-79.882797,yes
MWCR,Owen Roberts International Airport,large_airport,George Town,KY,Cayman Islands,GCM,MWCR,19.292801,-81.357697,yes
MYAF,Andros Town Airport,medium_airport,Andros Town,BS,Bahamas,ASD,MYAF,24.697901,-77.795601,yes
MYAK,Congo Town Airport,medium_airport,Andros,BS,Bahamas,TZN,MYAK,24.158701,-77.589798,yes
MYAM,Leonard M. Thompson International Airport,medium_airport,Marsh Harbour,BS,Bahamas,MHH,MYAM,26.510711,-77.084262,yes
MYAN,San Andros Airport,medium_airport,Andros Island,BS,Bahamas,SAQ,MYAN,25.053800582885742,-78.04900360107422,yes
MYAP,Spring Point Airport,medium_airport,Spring Point,BS,Bahamas,AXP,MYAP,22.441799,-73.970901,yes
MYAT,Treasure Cay Airport,medium_airport,Treasure Cay,BS,Bahamas,TCB,MYAT,26.745300293,-77.3912963867,yes
MYBC,Chub Cay Airport,medium_airport,Chub Cay,BS,Bahamas,CCZ,MYBC,25.417101,-77.880898,yes
MYBS,South Bimini Airport,medium_airport,South Bimini,BS,Bahamas,BIM,MYBS,25.6998996735,-79.2647018433,yes
MYCA,Arthur's Town Airport,medium_airport,Arthur's Town,BS,Bahamas,ATC,MYCA,24.6294,-75.673797,yes
MYCB,New Bight Airport,medium_airport,Cat Island,BS,Bahamas,TBI,MYCB,24.3153,-75.452301,yes
MYCI,Colonel Hill Airport,medium_airport,Colonel Hill,BS,Bahamas,CRI,MYCI,22.7456,-74.182404,yes
MYEF,Exuma International Airport,medium_airport,Moss Town,BS,Bahamas,GGT,MYEF,23.562599,-75.877998,yes
MYEH,North Eleuthera Airport,medium_airport,North Eleuthera,BS,Bahamas,ELH,MYEH,25.475823,-76.680784,yes
MYEM,Governor's Harbour Airport,medium_airport,Governor's Harbour,BS,Bahamas,GHB,MYEM,25.2847,-76.331001,yes
MYER,Rock Sound International Airport,medium_airport,Rock Sound,BS,Bahamas,RSD,MYER,24.89165,-76.177602,yes
MYGF,Grand Bahama International Airport,large_airport,Freeport,BS,Bahamas,FPO,MYGF,26.557996,-78.695583,yes
MYIG,Inagua Airport,medium_airport,Matthew Town,BS,Bahamas,IGA,MYIG,20.975,-73.666901,yes
MYLD,Deadman's Cay Airport,medium_airport,Deadman's Cay,BS,Bahamas,LGI,MYLD,23.1790008545,-75.09359741210001,yes
MYLS,Stella Maris Airport,medium_airport,Stella Maris,BS,Bahamas,SML,MYLS,23.582317,-75.268621,yes
MYMM,Mayaguana Airport,medium_airport,Abraham Bay Settlement,BS,Bahamas,MYG,MYMM,22.379499,-73.013494,yes
MYNN,Lynden Pindling International Airport,large_airport,Nassau,BS,Bahamas,NAS,MYNN,25.039,-77.466202,yes
MYSM,San Salvador International Airport,large_airport,San Salvador,BS,Bahamas,ZSA,MYSM,24.063041,-74.523233,yes
MZBZ,Philip S. W. Goldson International Airport,large_airport,Belize City,BZ,Belize,BZE,MZBZ,17.539951,-88.303556,yes
MZPL,Placencia Airport,medium_airport,Placencia,BZ,Belize,PLJ,MZPL,16.536957,-88.361511,yes
NCRG,Rarotonga International Airport,large_airport,Avarua,CK,Cook Islands,RAR,NCRG,-21.2027,-159.806,yes
NFFN,Nadi International Airport,large_airport,Nadi,FJ,Fiji,NAN,NFFN,-17.761822,177.437843,yes
NFNA,Nausori International Airport,large_airport,Nausori,FJ,Fiji,SUV,NFNA,-18.044226,178.561486,yes
NFNL,Labasa Airport,medium_airport,Labasa,FJ,Fiji,LBS,NFNL,-16.4667,179.339996,yes
NFTF,Fua'amotu International Airport,large_airport,Nuku'alofa,TO,Tonga,TBU,NFTF,-21.241438,-175.149164,yes
NFTL,Lifuka Island Airport,medium_airport,Lifuka,TO,Tonga,HPA,NFTL,-19.777000427246094,-174.34100341796875,yes
NFTV,Vava'u International Airport,large_airport,Vava'u Island,TO,Tonga,VAV,NFTV,-18.5853,-173.962006,yes
NG-0004,Port Harcourt City Airport / Port Harcourt Air Force Base,medium_airport,Port Harcourt,NG,Nigeria,PHG,DNPM,4.846111,7.021389,yes
NG-0005,Sir Ahmadu Bello International Airport,large_airport,Birinin Kebbi,NG,Nigeria,,DNBK,12.479048,4.369132,yes
NGFU,Funafuti International Airport,medium_airport,Funafuti,TV,Tuvalu,FUN,NGFU,-8.523885,179.196976,yes
NGTA,Bonriki International Airport,large_airport,South Tarawa,KI,Kiribati,TRW,NGTA,1.38164,173.147003,yes
NIUE,Niue International Airport,medium_airport,Alofi,NU,Niue,IUE,NIUE,-19.080109,-169.923493,yes
NLH,Ninglang Luguhu Airport,medium_airport,Ninglang,CN,China,NLH,ZPNL,27.5403,100.7593,yes
NLWW,Hihifo Airport,large_airport,Wallis Island,WF,Wallis and Futuna,WLS,NLWW,-13.239445,-176.19865,yes
NP-0003,Pokhara International Airport,large_airport,Pokhara,NP,Nepal,PHH,VNPR,28.1838,84.0147,yes
NSFA,Faleolo International Airport,large_airport,Apia,WS,Samoa,APW,NSFA,-13.83,-172.007996,yes
NSTU,Pago Pago International Airport,large_airport,Pago Pago,AS,American Samoa,PPG,NSTU,-14.331,-170.710007,yes
NTAA,Fa'a'ā International Airport,large_airport,Papeete,PF,French Polynesia,PPT,NTAA,-17.553472,-149.606936,yes
NTGA,Anaa Airport,medium_airport,Anaa,PF,French Polynesia,AAA,NTGA,-17.3526,-145.509995,yes
NTGB,Fangatau Airport,medium_airport,Fangatau,PF,French Polynesia,FGU,NTGB,-15.820044,-140.888071,yes
NTGC,Tikehau Airport,medium_airport,Tuherahera,PF,French Polynesia,TIH,NTGC,-15.1196,-148.231003,yes
NTGK,Kaukura Airport,medium_airport,Raitahiti,PF,French Polynesia,KKR,NTGK,-15.6633,-146.884995,yes
NTGM,Makemo Airport,medium_airport,Makemo,PF,French Polynesia,MKP,NTGM,-16.5839,-143.658005,yes
NTHE,Ahe Airport,medium_airport,Ahe Atoll,PF,French Polynesia,AHE,NTHE,-14.428099632263184,-146.2570037841797,yes
NTMD,Nuku Hiva Airport,medium_airport,Nuku Hiva,PF,French Polynesia,NHV,NTMD,-8.7956,-140.229004,yes
NTMN,Hiva Oa-Atuona Airport,medium_airport,Hiva Oa Island,PF,French Polynesia,AUQ,NTMN,-9.76879024506,-139.011001587,yes
NTTB,Bora Bora Airport,medium_airport,Motu Mute,PF,French Polynesia,BOB,NTTB,-16.444400787353516,-151.75100708007812,yes
NTTH,Huahine-Fare Airport,medium_airport,Fare,PF,French Polynesia,HUH,NTTH,-16.687084,-151.021593,yes
NTTM,Moorea Temae Airport,medium_airport,Moorea-Maiao,PF,French Polynesia,MOZ,NTTM,-17.48979,-149.761777,yes
NTTO,Hao Airport,medium_airport,Otepa,PF,French Polynesia,HOI,NTTO,-18.0748,-140.945999,yes
NTTR,Raiatea Airport,medium_airport,Uturoa,PF,French Polynesia,RFP,NTTR,-16.7229,-151.466003,yes
NVSS,Santo Pekoa International Airport,medium_airport,Luganville,VU,Vanuatu,SON,NVSS,-15.505000114399998,167.220001221,yes
NVVV,Bauerfield International Airport,large_airport,Port Vila,VU,Vanuatu,VLI,NVVV,-17.699301,168.320007,yes
NVVW,Whitegrass Airport,medium_airport,Tanna Island,VU,Vanuatu,TAH,NVVW,-19.455099,169.223999,yes
NWWA,Tiga Airport,medium_airport,Tiga,NC,New Caledonia,TGJ,NWWA,-21.096407,167.80379,yes
NWWD,Koné Airport,medium_airport,Koné,NC,New Caledonia,KNQ,NWWD,-21.053551,164.838768,yes
NWWE,Île des Pins Airport,medium_airport,Île des Pins,NC,New Caledonia,ILP,NWWE,-22.5889,167.455994,yes
NWWL,Lifou Airport,medium_airport,Lifou,NC,New Caledonia,LIF,NWWL,-20.774563,167.239328,yes
NWWM,Nouméa Magenta Airport,medium_airport,Nouméa,NC,New Caledonia,GEA,NWWM,-22.257706,166.472822,yes
NWWR,Maré Airport,medium_airport,Maré,NC,New Caledonia,MEE,NWWR,-21.482438,168.038465,yes
NWWU,Touho Airport,medium_airport,Touho,NC,New Caledonia,TOU,NWWU,-20.790127,165.259524,yes
NWWV,Ouvéa Airport,medium_airport,Ouvéa,NC,New Caledonia,UVE,NWWV,-20.640932,166.573024,yes
NWWW,La Tontouta International Airport,large_airport,Nouméa (La Tontouta),NC,New Caledonia,NOU,NWWW,-22.014601,166.212997,yes
NZAA,Auckland International Airport,large_airport,Auckland,NZ,New Zealand,AKL,NZAA,-37.01199,174.786331,yes
NZAP,Taupo Airport,medium_airport,Taupo,NZ,New Zealand,TUO,NZAP,-38.73970031738281,176.08399963378906,yes
NZCH,Christchurch International Airport,large_airport,Christchurch,NZ,New Zealand,CHC,NZCH,-43.489029,172.532065,yes
NZCI,Inia William Tuuta Memorial Airport,medium_airport,Te One,NZ,New Zealand,CHT,NZCI,-43.81189,-176.46514,yes
NZDN,Dunedin International Airport,medium_airport,Dunedin,NZ,New Zealand,DUD,NZDN,-45.929017,170.197758,yes
NZGS,Gisborne Airport,medium_airport,Gisborne,NZ,New Zealand,GIS,NZGS,-38.6633,177.977997,yes
NZHN,Hamilton International Airport,medium_airport,Hamilton,NZ,New Zealand,HLZ,NZHN,-37.866961,175.331952,yes
NZKK,Kerikeri Airport,medium_airport,Kerikeri,NZ,New Zealand,KKE,NZKK,-35.259148,173.913317,yes
NZKT,Kaitaia Airport,medium_airport,Awanui,NZ,New Zealand,KAT,NZKT,-35.069837,173.287053,yes
NZNP,New Plymouth Airport,medium_airport,New Plymouth,NZ,New Zealand,NPL,NZNP,-39.00859832763672,174.1790008544922,yes
NZNR,Hawke's Bay Airport,medium_airport,Napier,NZ,New Zealand,NPE,NZNR,-39.465801,176.869995,yes
NZNS,Nelson Airport,medium_airport,Nelson,NZ,New Zealand,NSN,NZNS,-41.296709,173.224323,yes
NZNV,Invercargill Airport,medium_airport,Invercargill,NZ,New Zealand,IVC,NZNV,-46.41239929199219,168.31300354003906,yes
NZPM,Palmerston North Airport,medium_airport,Palmerston North,NZ,New Zealand,PMR,NZPM,-40.320599,175.617004,yes
NZQN,Queenstown Airport,large_airport,Queenstown,NZ,New Zealand,ZQN,NZQN,-45.019205,168.746379,yes
NZRO,Rotorua Regional Airport,medium_airport,Rotorua,NZ,New Zealand,ROT,NZRO,-38.1092,176.317001,yes
NZTG,Tauranga Airport,medium_airport,Tauranga,NZ,New Zealand,TRG,NZTG,-37.67190170288086,176.1959991455078,yes
NZWB,Woodbourne Airport,medium_airport,Blenheim,NZ,New Zealand,BHE,NZWB,-41.5182991027832,173.8699951171875,yes
NZWF,Wanaka Airport,medium_airport,Wanaka,NZ,New Zealand,WKA,NZWF,-44.722091,169.246287,yes
NZWK,Whakatāne Airport,medium_airport,Whakatāne,NZ,New Zealand,WHK,NZWK,-37.922224,176.91696,yes
NZWN,Wellington International Airport,large_airport,Wellington,NZ,New Zealand,WLG,NZWN,-41.326839,174.806862,yes
NZWR,Whangarei Airport,medium_airport,Whangarei,NZ,New Zealand,WRE,NZWR,-35.769253,174.363713,yes
NZWS,Westport Airport,medium_airport,Westport,NZ,New Zealand,WSZ,NZWS,-41.737111,171.579033,yes
NZWU,Wanganui Airport,medium_airport,Wanganui,NZ,New Zealand,WAG,NZWU,-39.963467,175.02444,yes
OAHR,Herat - Khwaja Abdullah Ansari International Airport,large_airport,Guzara,AF,Afghanistan,HEA,OAHR,34.209999,62.228298,yes
OAKB,Kabul International Airport,large_airport,Kabul,AF,Afghanistan,KBL,OAKB,34.565899,69.212303,yes
OAKN,Ahmad Shah Baba International Airport,large_airport,Kandahar,AF,Afghanistan,KDH,OAKN,31.505769,65.847963,yes
OAKS,Khost International Airport,medium_airport,Khost,AF,Afghanistan,KHT,OAKS,33.284605,69.80734,yes
OAMS,Mazar-i-Sharif International Airport,large_airport,Mazar-i-Sharif,AF,Afghanistan,MZR,OAMS,36.70412,67.210459,yes
OBBI,Bahrain International Airport,large_airport,Manama,BH,Bahrain,BAH,OBBI,26.267295,50.63764,yes
OCS,Corisco International Airport,large_airport,Corisco Island,GQ,Equatorial Guinea,OCS,FGCO,0.910937,9.33027,yes
OEAB,Abha International Airport,large_airport,Abha,SA,Saudi Arabia,AHB,OEAB,18.2404,42.656601,yes
OEAH,Al-Ahsa International Airport,large_airport,Hofuf,SA,Saudi Arabia,HOF,OEAH,25.285299,49.485199,yes
OEAO,Al-Ula International Airport,large_airport,Al-Ula,SA,Saudi Arabia,ULH,OEAO,26.483634,38.117048,yes
OEBA,King Saud Bin Abdulaziz (Al Baha) Airport,medium_airport,Al-Baha,SA,Saudi Arabia,ABT,OEBA,20.298506,41.636153,yes
OEBH,Bisha Airport,medium_airport,Bisha,SA,Saudi Arabia,BHH,OEBH,19.9844,42.620899,yes
OEDF,King Fahd International Airport,large_airport,Ad Dammam,SA,Saudi Arabia,DMM,OEDF,26.4691,49.798209,yes
OEDM,Dawadmi Domestic Airport,medium_airport,Dawadmi,SA,Saudi Arabia,DWD,OEDM,24.4499,44.121201,yes
OEDR,King Abdulaziz Air Base,large_airport,Dhahran,SA,Saudi Arabia,DHA,OEDR,26.2654,50.152,no
OEGN,Jizan Regional Airport / King Abdullah bin Abdulaziz Airport,medium_airport,Jizan,SA,Saudi Arabia,GIZ,OEGN,16.9011,42.5858,yes
OEGS,Prince Naif bin Abdulaziz International Airport,large_airport,Qassim,SA,Saudi Arabia,ELQ,OEGS,26.302799,43.774399,yes
OEGT,Gurayat Domestic Airport,medium_airport,Gurayat,SA,Saudi Arabia,URY,OEGT,31.412413,37.278898,yes
OEHL,Hail International Airport,large_airport,Hail,SA,Saudi Arabia,HAS,OEHL,27.437901,41.686298,yes
OEJN,King Abdulaziz International Airport,large_airport,Jeddah,SA,Saudi Arabia,JED,OEJN,21.680241,39.157436,yes
OEKK,King Khaled Military City Airport,medium_airport,King Khaled Military City,SA,Saudi Arabia,KMC,OEKK,27.9009,45.528198,yes
OEMA,Prince Mohammad Bin Abdulaziz Airport,large_airport,Medina,SA,Saudi Arabia,MED,OEMA,24.5534,39.705101,yes
OENG,Najran Domestic Airport,medium_airport,Najran,SA,Saudi Arabia,EAM,OENG,17.611401,44.419201,yes
OENN,Neom Bay Airport,large_airport,Sharma,SA,Saudi Arabia,NUM,OENN,27.924261,35.29358,yes
OEPA,Qaisumah–Hafar Al-Batin International Airport,large_airport,Qaisumah,SA,Saudi Arabia,AQI,OEPA,28.335726,46.127108,yes
OERF,Rafha Domestic Airport,medium_airport,Rafha,SA,Saudi Arabia,RAH,OERF,29.626399993896484,43.4906005859375,yes
OERK,King Khalid International Airport,large_airport,Riyadh,SA,Saudi Arabia,RUH,OERK,24.9576,46.698799,yes
OERR,Arar Domestic Airport,medium_airport,Arar,SA,Saudi Arabia,RAE,OERR,30.906600952148438,41.13819885253906,yes
OESH,Sharurah Domestic Airport,medium_airport,Sharurah,SA,Saudi Arabia,SHW,OESH,17.4669,47.121399,yes
OESK,Al-Jawf International Airport,large_airport,Al-Jawf,SA,Saudi Arabia,AJF,OESK,29.783301,40.100905,yes
OETB,Prince Sultan bin Abdulaziz International Airport,large_airport,Tabuk,SA,Saudi Arabia,TUU,OETB,28.3711,36.624865,yes
OETF,Taif International Airport,large_airport,Taif,SA,Saudi Arabia,TIF,OETF,21.484739,40.544074,yes
OETR,Turaif Domestic Airport,medium_airport,Turaif,SA,Saudi Arabia,TUI,OETR,31.692188,38.731544,yes
OEWD,Wadi Al Dawasir Domestic Airport,medium_airport,Wadi Al Dawasir,SA,Saudi Arabia,WAE,OEWD,20.504299,45.1996,yes
OEWJ,Al Wajh Domestic Airport,medium_airport,Al Wajh,SA,Saudi Arabia,EJH,OEWJ,26.198601,36.476398,yes
OEYN,Prince Abdulmohsen Bin Abdulaziz International Airport,large_airport,Yanbu,SA,Saudi Arabia,YNB,OEYN,24.144199,38.0634,yes
OIAA,Abadan Ayatollah Jami International Airport,large_airport,Abadan,IR,Iran,ABD,OIAA,30.367887,48.230075,yes
OIAD,Dezful Airport,medium_airport,Dezful,IR,Iran,DEF,OIAD,32.434399,48.397598,yes
OIAH,Gachsaran Airport,medium_airport,Gachsaran,IR,Iran,GCH,OIAH,30.333869,50.833796,yes
OIAM,Mahshahr Airport,medium_airport,Mahshahr,IR,Iran,MRX,OIAM,30.5562,49.151901,yes
OIAW,Qasem Soleimani International Airport,large_airport,Ahvaz,IR,Iran,AWZ,OIAW,31.3364,48.763789,yes
OIBA,Abu Musa Island Airport,medium_airport,Abu Musa,IR,Iran,AEU,OIBA,25.8757,55.033001,yes
OIBB,Bushehr Airport,medium_airport,Bushehr,IR,Iran,BUZ,OIBB,28.9447994232,50.8345985413,yes
OIBK,Kish International Airport,large_airport,Kish Island,IR,Iran,KIH,OIBK,26.525427,53.980462,yes
OIBL,Bandar Lengeh International Airport,medium_airport,Bandar Lengeh,IR,Iran,BDH,OIBL,26.532283,54.82484,yes
OIBP,Persian Gulf International Airport,medium_airport,Khiyaroo,IR,Iran,PGU,OIBP,27.379601,52.737701,yes
OIBQ,Khark Airport,medium_airport,Khark,IR,Iran,KHK,OIBQ,29.260503,50.322193,yes
OICC,Shahid Ashrafi Esfahani Airport,medium_airport,Kermanshah,IR,Iran,KSH,OICC,34.3459014893,47.1581001282,yes
OIFK,Kashan Airport,medium_airport,Kashan,IR,Iran,KKS,OIFK,33.895302,51.577,yes
OIFM,Isfahan Shahid Beheshti International Airport,large_airport,Isfahan,IR,Iran,IFN,OIFM,32.755142,51.883877,yes
OIGG,Sardar-e-Jangal Airport,medium_airport,Rasht,IR,Iran,RAS,OIGG,37.323333,49.617778,yes
OIHH,Hamadan Airport,medium_airport,Hamadan,IR,Iran,HDM,OIHH,34.866416,48.56069,yes
OIIE,Imam Khomeini International Airport,large_airport,Tehran,IR,Iran,IKA,OIIE,35.416099548339844,51.152198791503906,yes
OIII,Mehrabad International Airport,large_airport,Tehran,IR,Iran,THR,OIII,35.689175,51.314392,yes
OIIP,Payam International Airport,large_airport,Karaj,IR,Iran,PYK,OIIP,35.7761,50.826698,yes
OIKB,Bandar Abbas International Airport,large_airport,Bandar Abbas,IR,Iran,BND,OIKB,27.2183,56.3778,yes
OIKK,Ayatollah Hashemi Rafsanjani International Airport,large_airport,Kerman,IR,Iran,KER,OIKK,30.271276,56.949692,yes
OIKM,Bam Airport,medium_airport,Bam,IR,Iran,BXR,OIKM,29.0842,58.450001,yes
OIKQ,Qeshm International Airport,large_airport,Qeshm(Dayrestan),IR,Iran,GSM,OIKQ,26.754639,55.902353,yes
OIKR,Rafsanjan Airport,medium_airport,Rafsanjan,IR,Iran,RJN,OIKR,30.298345,56.048979,yes
OIMB,Birjand International Airport,large_airport,Birjand,IR,Iran,XBJ,OIMB,32.896525,59.281258,yes
OIMM,Mashhad International Airport,large_airport,Mashhad,IR,Iran,MHD,OIMM,36.234821,59.642949,yes
OIMN,Bojnord Airport,medium_airport,Bojnord,IR,Iran,BJB,OIMN,37.49300003051758,57.30820083618164,yes
OIMS,Sabzevar National Airport,medium_airport,Sabzevar,IR,Iran,AFZ,OIMS,36.16809844970703,57.59519958496094,yes
OINN,Nowshahr Airport,medium_airport,Nowshahr,IR,Iran,NSH,OINN,36.664286,51.46273,yes
OINR,Ramsar Airport,medium_airport,Ramsar,IR,Iran,RZR,OINR,36.90701,50.687316,yes
OINZ,Sari Dasht-e Naz International Airport,medium_airport,Sari,IR,Iran,SRY,OINZ,36.644408,53.188761,yes
OISL,Lar Airport,medium_airport,Lar,IR,Iran,LRR,OISL,27.6747,54.383301,yes
OISR,Lamerd Airport,medium_airport,Lamerd,IR,Iran,LFM,OISR,27.3727,53.188801,yes
OISS,Shiraz Shahid Dastghaib International Airport,large_airport,Shiraz,IR,Iran,SYZ,OISS,29.5392,52.589802,yes
OITL,Ardabil Airport,medium_airport,Ardabil,IR,Iran,ADU,OITL,38.3256988525,48.4244003296,yes
OITR,Urmia Airport,medium_airport,Urmia,IR,Iran,OMH,OITR,37.6680984497,45.0686988831,yes
OITT,Tabriz International Airport,large_airport,Tabriz,IR,Iran,TBZ,OITT,38.1339,46.235001,yes
OIYY,Shahid Sadooghi Airport,medium_airport,Yazd,IR,Iran,AZD,OIYY,31.9048995972,54.2765007019,yes
OIZC,Chabahar Konarak International Airport,medium_airport,Konarak,IR,Iran,ZBR,OIZC,25.44319,60.382167,yes
OIZH,Zahedan International Airport,large_airport,Zahedan,IR,Iran,ZAH,OIZH,29.4757,60.9062,yes
OJAI,Queen Alia International Airport,large_airport,Amman,JO,Jordan,AMM,OJAI,31.7226009369,35.9931983948,yes
OJAM,Marka International (Amman Civil) Airport,large_airport,Amman,JO,Jordan,ADJ,OJAM,31.9727,35.9916,yes
OJAQ,King Hussein International Airport,large_airport,Aqaba,JO,Jordan,AQJ,OJAQ,29.611601,35.018101,yes
OKKK,Kuwait International Airport,large_airport,Kuwait City,KW,Kuwait,KWI,OKKK,29.224487,47.969813,yes
OLBA,Beirut Rafic Hariri International Airport,large_airport,Beirut,LB,Lebanon,BEY,OLBA,33.819833,35.487443,yes
OM-0003,Duqm International Airport,large_airport,Duqm,OM,Oman,DQM,OODQ,19.501944,57.634167,yes
OMAA,Zayed International Airport,large_airport,Abu Dhabi,AE,United Arab Emirates,AUH,OMAA,24.440966,54.649237,yes
OMAD,Al Bateen Executive Airport,large_airport,Abu Dhabi,AE,United Arab Emirates,AZI,OMAD,24.427062,54.459866,no
OMAL,Al Ain International Airport,large_airport,Al Ain,AE,United Arab Emirates,AAN,OMAL,24.2617,55.6092,yes
OMDB,Dubai International Airport,large_airport,Dubai,AE,United Arab Emirates,DXB,OMDB,25.24979,55.370992,yes
OMDW,Al Maktoum International Airport,large_airport,Dubai(Jebel Ali),AE,United Arab Emirates,DWC,OMDW,24.896171,55.16235,yes
OMFJ,Fujairah International Airport,large_airport,Fujairah,AE,United Arab Emirates,FJR,OMFJ,25.108411,56.328061,yes
OMRK,Ras Al Khaimah International Airport,large_airport,Ras Al Khaimah,AE,United Arab Emirates,RKT,OMRK,25.613501,55.938801,yes
OMSJ,Sharjah International Airport,large_airport,Sharjah,AE,United Arab Emirates,SHJ,OMSJ,25.3286,55.5172,yes
OOKB,Khasab Airport,medium_airport,Khasab,OM,Oman,KHS,OOKB,26.171,56.240601,yes
OOMS,Muscat International Airport,large_airport,Muscat/Seeb,OM,Oman,MCT,OOMS,23.600218,58.285268,yes
OOSA,Salalah International Airport,large_airport,Salalah,OM,Oman,SLL,OOSA,17.0387,54.091301,yes
OOSH,Suhar International Airport,large_airport,Suhar,OM,Oman,OHS,OOSH,24.38604,56.62541,yes
OPBW,Bahawalpur Airport,medium_airport,Bahawalpur,PK,Pakistan,BHV,OPBW,29.348100662231445,71.71800231933594,yes
OPCH,Chitral Airport,medium_airport,Chitral,PK,Pakistan,CJL,OPCH,35.886213,71.799922,yes
OPDG,Dera Ghazi Khan Airport,medium_airport,Dera Ghazi Khan,PK,Pakistan,DEA,OPDG,29.961000442504883,70.48590087890625,yes
OPFA,Faisalabad International Airport,large_airport,Faisalabad,PK,Pakistan,LYP,OPFA,31.364923,72.995319,yes
OPGD,New Gwadar International Airport,large_airport,Gurandani,PK,Pakistan,GWD,OPGW,25.296733,62.498822,yes
OPGT,Gilgit Airport,medium_airport,Gilgit,PK,Pakistan,GIL,OPGT,35.918800354003906,74.33360290527344,yes
OPIS,Islamabad International Airport,large_airport,Attock,PK,Pakistan,ISB,OPIS,33.549,72.82566,yes
OPKC,Jinnah International Airport,large_airport,Karachi,PK,Pakistan,KHI,OPKC,24.9065,67.160797,yes
OPLA,Allama Iqbal International Airport,large_airport,Lahore,PK,Pakistan,LHE,OPLA,31.521601,74.403603,yes
OPMT,Multan International Airport,large_airport,Multan,PK,Pakistan,MUX,OPMT,30.203199,71.419098,yes
OPNH,Shaheed Benazirabad Airport,medium_airport,Nawabashah,PK,Pakistan,WNS,OPNH,26.2194,68.390099,yes
OPPS,Bacha Khan International Airport,large_airport,Peshawar,PK,Pakistan,PEW,OPPS,33.9939,71.514603,yes
OPQT,Quetta International Airport,large_airport,Quetta,PK,Pakistan,UET,OPQT,30.2514,66.937798,yes
OPRK,Shaikh Zaid Airport,medium_airport,Rahim Yar Khan,PK,Pakistan,RYK,OPRK,28.383899688720703,70.27960205078125,yes
OPSD,Skardu International Airport,large_airport,Skardu,PK,Pakistan,KDU,OPSD,35.33866,75.538648,yes
OPSK,Begum Nusrat Bhutto International Airport Sukkur,medium_airport,Sukkur,PK,Pakistan,SKZ,OPSK,27.722,68.791702,yes
OPST,Sialkot International Airport,large_airport,Sialkot,PK,Pakistan,SKT,OPST,32.535941,74.364623,yes
OPTU,Turbat International Airport,large_airport,Turbat,PK,Pakistan,TUK,OPTU,25.984767,63.028856,yes
OPZB,Zhob Airport,medium_airport,Fort Sandeman,PK,Pakistan,PZH,OPZB,31.358400344848633,69.4636001586914,yes
ORBI,Baghdad International Airport / New Al Muthana Air Base,large_airport,Baghdad,IQ,Iraq,BGW,ORBI,33.262501,44.2346,yes
ORBM,Mosul International Airport,large_airport,Mosul,IQ,Iraq,OSM,ORBM,36.305801,43.1474,no
ORER,Erbil International Airport,large_airport,Arbil,IQ,Iraq,EBL,ORER,36.236047,43.946615,yes
ORKK,Kirkuk International Airport,large_airport,Kirkuk,IQ,Iraq,KIK,ORKK,35.469501,44.3489,yes
ORMM,Basra International Airport,large_airport,Basra,IQ,Iraq,BSR,ORMM,30.549101,47.662102,yes
ORNI,Al Najaf International Airport,large_airport,Najaf,IQ,Iraq,NJF,ORNI,31.991116,44.405019,yes
ORSU,Jalal Talabani International Airport,medium_airport,Sulaymaniyah,IQ,Iraq,ISU,ORSJ,35.560487,45.315137,yes
OSAP,Aleppo International Airport,large_airport,Aleppo,SY,Syria,ALP,OSAP,36.181262,37.226869,yes
OSDI,Damascus International Airport,large_airport,Damascus,SY,Syria,DAM,OSDI,33.4114990234375,36.51559829711914,yes
OSKL,Qamishli International Airport,medium_airport,Qamishli,SY,Syria,KAC,OSKL,37.020599,41.191399,yes
OSLK,Latakia International Airport,medium_airport,Latakia,SY,Syria,LTK,OSLK,35.4011,35.9487,yes
OTBD,Doha International Airport,large_airport,Doha,QA,Qatar,DIA,OTBD,25.259431,51.565528,yes
OTHH,Hamad International Airport,large_airport,Doha,QA,Qatar,DOH,OTHH,25.273056,51.608056,yes
OYAA,Aden International Airport,large_airport,Aden,YE,Yemen,ADE,OYAA,12.829564,45.029976,yes
OYGD,Al Ghaydah International Airport,medium_airport,Al Ghaydah,YE,Yemen,AAY,OYGD,16.193341,52.174186,yes
OYRN,Riyan International Airport,large_airport,Mukalla(Riyan),YE,Yemen,RIY,OYRN,14.662241,49.375289,yes
OYSN,Sanaa International Airport,large_airport,Sanaa,YE,Yemen,SAH,OYSN,15.4763,44.2197,yes
OYSQ,Socotra Airport,medium_airport,Mori,YE,Yemen,SCT,OYSQ,12.632093,53.906173,yes
OYSY,Seiyun Hadhramaut International Airport,large_airport,Seiyun,YE,Yemen,GXF,OYSY,15.965887,48.788146,yes
OYTZ,Taiz International Airport,medium_airport,Taiz,YE,Yemen,TAI,OYTZ,13.686,44.139099,yes
PABA,Barter Island Long Range Radar Station Airport,medium_airport,Barter Island,US,United States,BTI,PABA,70.134003,-143.582001,yes
PABE,Bethel Airport,medium_airport,Bethel,US,United States,BET,PABE,60.77980042,-161.8379974,yes
PABR,Wiley Post Will Rogers Memorial Airport,medium_airport,Utqiaġvik,US,United States,BRW,PABR,71.285402,-156.766008,yes
PACD,Cold Bay Airport,medium_airport,Cold Bay,US,United States,CDB,PACD,55.207871,-162.725029,yes
PACV,Merle K (Mudhole) Smith Airport,medium_airport,Cordova,US,United States,CDV,PACV,60.491798,-145.477997,yes
PADE,Deering Airport,medium_airport,Deering,US,United States,DRG,PADE,66.068901,-162.766914,yes
PADK,Adak Airport,medium_airport,Adak,US,United States,ADK,PADK,51.883564,-176.642783,yes
PADL,Dillingham Airport,medium_airport,Dillingham,US,United States,DLG,PADL,59.04470062,-158.5050049,yes
PADQ,Kodiak Airport,medium_airport,Kodiak,US,United States,ADQ,PADQ,57.75,-152.4940033,yes
PADU,Tom Madsen (Dutch Harbor) Airport,medium_airport,Unalaska,US,United States,DUT,PADU,53.89881,-166.544996,yes
PAEM,Emmonak Airport,medium_airport,Emmonak,US,United States,EMK,PAEM,62.78609848,-164.4909973,yes
PAEN,Kenai Municipal Airport,medium_airport,Kenai,US,United States,ENA,PAEN,60.570946,-151.245174,yes
PAFA,Fairbanks International Airport,medium_airport,Fairbanks,US,United States,FAI,PAFA,64.815102,-147.856003,yes
PAFM,Ambler Airport,medium_airport,Ambler,US,United States,ABL,PAFM,67.105529,-157.855339,yes
PAGA,Edward G. Pitka Sr Airport,medium_airport,Galena,US,United States,GAL,PAGA,64.736198,-156.936997,yes
PAGK,Gulkana Airport,medium_airport,Gulkana,US,United States,GKN,PAGK,62.155859,-145.454662,yes
PAGM,Gambell Airport,medium_airport,Gambell,US,United States,GAM,PAGM,63.767694,-171.733303,yes
PAGS,Gustavus Airport,medium_airport,Gustavus,US,United States,GST,PAGS,58.4253006,-135.7070007,yes
PAHC,Holy Cross Airport,medium_airport,Holy Cross,US,United States,HCR,PAHC,62.18830108642578,-159.77499389648438,yes
PAHL,Huslia Airport,medium_airport,Huslia,US,United States,HSL,PAHL,65.697899,-156.350998,yes
PAHN,Haines Airport,medium_airport,Haines,US,United States,HNS,PAHN,59.243921,-135.523925,yes
PAHO,Homer Airport,medium_airport,Homer,US,United States,HOM,PAHO,59.644456,-151.479235,yes
PAII,Egegik Airport,medium_airport,Egegik,US,United States,EGX,PAII,58.184386,-157.374873,yes
PAIK,Bob Baker Memorial Airport,medium_airport,Kiana,US,United States,IAN,PAIK,66.976128,-160.439014,yes
PAIL,Iliamna Airport,medium_airport,Iliamna,US,United States,ILI,PAIL,59.754398,-154.910996,yes
PAIM,Indian Mountain LRRS Airport,medium_airport,Utopia Creek,US,United States,UTO,PAIM,65.992798,-153.703995,yes
PAJN,Juneau International Airport,medium_airport,Juneau,US,United States,JNU,PAJN,58.354935,-134.574416,yes
PAKN,King Salmon Airport,medium_airport,King Salmon,US,United States,AKN,PAKN,58.677845,-156.651965,yes
PAKP,Anaktuvuk Pass Airport,medium_airport,Anaktuvuk Pass,US,United States,AKP,PAKP,68.133598,-151.742996,yes
PAKT,Ketchikan International Airport,medium_airport,Ketchikan,US,United States,KTN,PAKT,55.35559845,-131.7140045,yes
PAKW,Klawock Airport,medium_airport,Klawock,US,United States,KLW,PAKW,55.579201,-133.076004,yes
PALU,Cape Lisburne LRRS Airport,medium_airport,Cape Lisburne,US,United States,LUR,PALU,68.875099,-166.110001,yes
PAMC,McGrath Airport,medium_airport,McGrath,US,United States,MCG,PAMC,62.95289993,-155.6060028,yes
PAMR,Merrill Field,medium_airport,Anchorage,US,United States,MRI,PAMR,61.212792,-149.843988,yes
PAMY,Mekoryuk Airport,medium_airport,Mekoryuk,US,United States,MYU,PAMY,60.372338,-166.269751,yes
PANC,Ted Stevens Anchorage International Airport,large_airport,Anchorage,US,United States,ANC,PANC,61.179004,-149.992561,yes
PANI,Aniak Airport,medium_airport,Aniak,US,United States,ANI,PANI,61.581600189208984,-159.54299926757812,yes
PANV,Anvik Airport,medium_airport,Anvik,US,United States,ANV,PANV,62.646702,-160.190994,yes
PAOM,Nome Airport,medium_airport,Nome,US,United States,OME,PAOM,64.51219940185547,-165.44500732421875,yes
PAOR,Northway Airport,medium_airport,Northway,US,United States,ORT,PAOR,62.9613,-141.929001,yes
PAOT,Ralph Wien Memorial Airport,medium_airport,Kotzebue,US,United States,OTZ,PAOT,66.88469696,-162.598999,yes
PAPB,St George Airport,medium_airport,St George,US,United States,STG,PAPB,56.577345,-169.663823,yes
PAPG,Petersburg James A Johnson Airport,medium_airport,Petersburg,US,United States,PSG,PAPG,56.80170059,-132.9450073,yes
PAPH,Port Heiden Airport,medium_airport,Port Heiden,US,United States,PTH,PAPH,56.957893,-158.630219,yes
PAPM,Platinum Airport,medium_airport,Platinum,US,United States,PTU,PAPM,59.017675,-161.827927,yes
PAQT,Nuiqsut Airport,medium_airport,Nuiqsut,US,United States,NUI,PAQT,70.209999,-151.005998,yes
PARC,Arctic Village Airport,medium_airport,Arctic Village,US,United States,ARC,PARC,68.1147,-145.578995,yes
PARY,Ruby Airport,medium_airport,Ruby,US,United States,RBY,PARY,64.727203,-155.470001,yes
PASA,Savoonga Airport,medium_airport,Savoonga,US,United States,SVA,PASA,63.686401,-170.492996,yes
PASC,Deadhorse Airport,medium_airport,Deadhorse,US,United States,SCC,PASC,70.19470215,-148.4649963,yes
PASD,Sand Point Airport,medium_airport,Sand Point,US,United States,SDP,PASD,55.313908,-160.522099,yes
PASI,Sitka Rocky Gutierrez Airport,medium_airport,Sitka,US,United States,SIT,PASI,57.04710006713867,-135.36199951171875,yes
PASN,St Paul Island Airport,medium_airport,St Paul Island,US,United States,SNP,PASN,57.166311,-170.222555,yes
PATQ,Atqasuk Edward Burnell Sr Memorial Airport,medium_airport,Atqasuk,US,United States,ATK,PATQ,70.46704,-157.436013,yes
PAUN,Unalakleet Airport,medium_airport,Unalakleet,US,United States,UNK,PAUN,63.888401,-160.798996,yes
PAVD,Valdez Pioneer Field,medium_airport,Valdez,US,United States,VDZ,PAVD,61.132712,-146.246567,yes
PAWG,Wrangell Airport,medium_airport,Wrangell,US,United States,WRG,PAWG,56.48429871,-132.3699951,yes
PAWI,Wainwright Airport,medium_airport,Wainwright,US,United States,AIN,PAWI,70.638,-159.994995,yes
PAYA,Yakutat Airport,medium_airport,Yakutat,US,United States,YAK,PAYA,59.508717,-139.660435,yes
PFYU,Fort Yukon Airport,medium_airport,Fort Yukon,US,United States,FYU,PFYU,66.571651,-145.249987,yes
PGRO,Rota International Airport,large_airport,Rota Island,MP,Northern Mariana Islands,ROP,PGRO,14.173267,145.241103,yes
PGSN,Saipan International Airport,medium_airport,"I Fadang, Saipan",MP,Northern Mariana Islands,SPN,PGSN,15.119384,145.728848,yes
PGUM,Antonio B. Won Pat International Airport,large_airport,Hagåtña,GU,Guam,GUM,PGUM,13.485,144.797282,yes
PGWT,Francisco Manglona Borja / Tinian International Airport,medium_airport,Tinian Island,MP,Northern Mariana Islands,TIQ,PGWT,14.999207,145.619355,yes
PHHN,Hana Airport,medium_airport,Hana,US,United States,HNM,PHHN,20.795601,-156.014008,yes
PHJH,Kapalua Airport,medium_airport,Lahaina,US,United States,JHM,PHJH,20.9629,-156.673004,yes
PHKO,Ellison Onizuka Kona International Airport at Keāhole,large_airport,Kailua-Kona,US,United States,KOA,PHKO,19.738783,-156.045603,yes
PHLI,Lihue Airport,large_airport,"Lihue, Kauai",US,United States,LIH,PHLI,21.974393,-159.337146,yes
PHMK,Molokai Airport,medium_airport,Kaunakakai,US,United States,MKK,PHMK,21.152901,-157.095993,yes
PHMU,Waimea Kohala Airport,medium_airport,Waimea (Kamuela),US,United States,MUE,PHMU,20.001301,-155.667999,yes
PHNL,Daniel K. Inouye International Airport,large_airport,"Honolulu, Oahu",US,United States,HNL,PHNL,21.318387,-157.92567,yes
PHNY,Lanai Airport,medium_airport,Lanai City,US,United States,LNY,PHNY,20.785675,-156.951324,yes
PHOG,Kahului International Airport,large_airport,Kahului,US,United States,OGG,PHOG,20.896263,-156.431837,yes
PHTO,Hilo International Airport,medium_airport,Hilo,US,United States,ITO,PHTO,19.72135,-155.045428,yes
PKMJ,Marshall Islands International Airport,large_airport,Majuro Atoll,MH,Marshall Islands,MAJ,PKMJ,7.06511,171.271656,yes
PKWA,Bucholz Army Air Field,medium_airport,Kwajalein,MH,Marshall Islands,KWA,PKWA,8.720120429992676,167.73199462890625,yes
PLCH,Cassidy International Airport,large_airport,Kiritimati,KI,Kiribati,CXI,PLCH,1.986278,-157.350011,yes
PPIZ,Point Lay LRRS Airport,medium_airport,Point Lay,US,United States,PIZ,PPIZ,69.732903,-163.005005,yes
PTKK,Chuuk International Airport,large_airport,Weno Island,FM,Micronesia,TKK,PTKK,7.46187,151.843002,yes
PTPN,Pohnpei International Airport,medium_airport,Pohnpei Island,FM,Micronesia,PNI,PTPN,6.985082,158.20992,yes
PTRO,Roman Tmetuchl International Airport,large_airport,Babelthuap Island,PW,Palau,ROR,PTRO,7.366965,134.544085,yes
PTSA,Kosrae International Airport,large_airport,Okat,FM,Micronesia,KSA,PTSA,5.35698,162.957993,yes
PTYA,Yap International Airport,large_airport,Yap Island,FM,Micronesia,YAP,PTYA,9.49891,138.082993,yes
PWAK,Wake Island Airfield,medium_airport,Wake Island,UM,United States Minor Outlying Islands,AWK,PWAK,19.282437,166.636637,yes
RCBS,Kinmen Airport,medium_airport,Shang-I,TW,Taiwan,KNH,RCBS,24.4279,118.359001,yes
RCFG,Matsu Nangan Airport,medium_airport,Matsu (Nangan),TW,Taiwan,LZN,RCFG,26.159656,119.958376,yes
RCFN,Taitung Airport,medium_airport,Taitung City,TW,Taiwan,TTT,RCFN,22.754856,121.101794,yes
RCKH,Kaohsiung International Airport,large_airport,Kaohsiung (Xiaogang),TW,Taiwan,KHH,RCKH,22.577101,120.349998,yes
RCKU,Chiayi Airport,medium_airport,Shuishang,TW,Taiwan,CYI,RCKU,23.462577,120.390544,yes
RCLY,Lanyu Airport,medium_airport,Orchid Island,TW,Taiwan,KYD,RCLY,22.027000427246094,121.53500366210938,yes
RCMQ,Taichung International Airport / Ching Chuang Kang Air Base,large_airport,Taichung (Qingshui),TW,Taiwan,RMQ,RCMQ,24.2647,120.621002,yes
RCMT,Matsu Beigan Airport,medium_airport,Matsu (Beigan),TW,Taiwan,MFK,RCMT,26.22414,120.002679,yes
RCNN,Tainan International Airport / Tainan Air Base,large_airport,Tainan (Rende),TW,Taiwan,TNN,RCNN,22.950399,120.206001,yes
RCQC,Penghu Magong Airport,large_airport,Huxi,TW,Taiwan,MZG,RCQC,23.568701,119.627998,yes
RCSS,Taipei Songshan International Airport,large_airport,Taipei (Songshan),TW,Taiwan,TSA,RCSS,25.067244,121.552822,yes
RCTP,Taiwan Taoyuan International Airport,large_airport,Taoyuan,TW,Taiwan,TPE,RCTP,25.0777,121.233002,yes
RCYU,Hualien Chiashan Airport,large_airport,Hualien City,TW,Taiwan,HUN,RCYU,24.023163,121.617991,yes
RJAA,Narita International Airport,large_airport,Narita,JP,Japan,NRT,RJAA,35.76858,140.388714,yes
RJAF,Shinshu-Matsumoto Airport,medium_airport,Matsumoto,JP,Japan,MMJ,RJAF,36.166801,137.923004,yes
RJAH,Ibaraki Airport,large_airport,Omitama,JP,Japan,IBR,RJAH,36.181456,140.414434,yes
RJBB,Kansai International Airport,large_airport,Osaka,JP,Japan,KIX,RJBB,34.427299,135.244003,yes
RJBD,Nanki Shirahama Airport,medium_airport,Shirahama,JP,Japan,SHM,RJBD,33.6622009277,135.363998413,yes
RJBE,Kobe Airport,large_airport,Kobe,JP,Japan,UKB,RJBE,34.632801,135.223999,yes
RJBT,Konotori Tajima Airport,medium_airport,Toyooka,JP,Japan,TJH,RJBT,35.512798,134.787003,yes
RJCB,Tokachi-Obihiro Airport,medium_airport,Obihiro,JP,Japan,OBO,RJCB,42.7332992554,143.216995239,yes
RJCC,New Chitose Airport,large_airport,Sapporo,JP,Japan,CTS,RJCC,42.774753,141.690414,yes
RJCH,Hakodate Airport,large_airport,Hakodate,JP,Japan,HKD,RJCH,41.77,140.822006,yes
RJCK,Kushiro Airport,medium_airport,Kushiro,JP,Japan,KUH,RJCK,43.041,144.192993,yes
RJCM,Memanbetsu Airport,medium_airport,Ōzora,JP,Japan,MMB,RJCM,43.8805999756,144.164001465,yes
RJCN,Nakashibetsu Airport,medium_airport,Nakashibetsu,JP,Japan,SHB,RJCN,43.5774993896,144.960006714,yes
RJCO,Sapporo Okadama Airport,medium_airport,Sapporo,JP,Japan,OKD,RJCO,43.117447,141.38134,yes
RJCW,Wakkanai Airport,medium_airport,Wakkanai,JP,Japan,WKJ,RJCW,45.4042015076,141.800994873,yes
RJDA,Amakusa Airport,medium_airport,Amakusa,JP,Japan,AXJ,RJDA,32.482498,130.158997,yes
RJDB,Iki Airport,medium_airport,Iki,JP,Japan,IKI,RJDB,33.7490005493,129.785003662,yes
RJDC,Yamaguchi Ube Airport,medium_airport,Ube,JP,Japan,UBJ,RJDC,33.93,131.279007,yes
RJDT,Tsushima Airport,medium_airport,Tsushima,JP,Japan,TSJ,RJDT,34.2849006653,129.330993652,yes
RJEB,Monbetsu Airport,medium_airport,Monbetsu,JP,Japan,MBE,RJEB,44.303901672399995,143.404006958,yes
RJEC,Asahikawa Airport,medium_airport,Higashikagura,JP,Japan,AKJ,RJEC,43.670799,142.447006,yes
RJEO,Okushiri Airport,medium_airport,Okushiri Island,JP,Japan,OIR,RJEO,42.0717010498,139.432998657,yes
RJER,Rishiri Airport,medium_airport,Rishiri,JP,Japan,RIS,RJER,45.2420005798,141.186004639,yes
RJFC,Yakushima Airport,medium_airport,Yakushima,JP,Japan,KUM,RJFC,30.385599,130.658997,yes
RJFE,Fukue Airport,medium_airport,Goto,JP,Japan,FUJ,RJFE,32.666302,128.832993,yes
RJFF,Fukuoka Airport,large_airport,Fukuoka,JP,Japan,FUK,RJFF,33.585899353027344,130.4510040283203,yes
RJFG,New Tanegashima Airport,medium_airport,Tanegashima,JP,Japan,TNE,RJFG,30.605100631699997,130.990997314,yes
RJFK,Kagoshima Airport,large_airport,Kagoshima,JP,Japan,KOJ,RJFK,31.8034,130.718994,yes
RJFM,Miyazaki Airport,large_airport,Miyazaki,JP,Japan,KMI,RJFM,31.877199,131.449005,yes
RJFO,Oita Airport,medium_airport,Oita,JP,Japan,OIT,RJFO,33.479400634799994,131.736999512,yes
RJFR,Kitakyushu Airport,large_airport,Kitakyushu,JP,Japan,KKJ,RJFR,33.845901,131.035004,yes
RJFS,Kyushu Saga International Airport,large_airport,Saga,JP,Japan,HSG,RJFS,33.1497,130.302002,yes
RJFT,Kumamoto Airport,large_airport,Kumamoto,JP,Japan,KMJ,RJFT,32.837299,130.854996,yes
RJFU,Nagasaki Airport,large_airport,Nagasaki,JP,Japan,NGS,RJFU,32.916901,129.914001,yes
RJGG,Chubu Centrair International Airport,large_airport,Tokoname,JP,Japan,NGO,RJGG,34.858398,136.804993,yes
RJKA,Amami Airport,medium_airport,Amami,JP,Japan,ASJ,RJKA,28.430599212646484,129.71299743652344,yes
RJKB,Okinoerabu Airport,medium_airport,Wadomari,JP,Japan,OKE,RJKB,27.431604,128.705564,yes
RJKI,Kikai Airport,medium_airport,Kikai,JP,Japan,KKX,RJKI,28.321300506599997,129.927993774,yes
RJKN,Tokunoshima Airport,medium_airport,Amagi,JP,Japan,TKN,RJKN,27.836382,128.881356,yes
RJNA,Nagoya Airport / JASDF Komaki Air Base,medium_airport,Nagoya,JP,Japan,NKM,RJNA,35.255759,136.924095,yes
RJNK,Komatsu Airport / JASDF Komatsu Air Base,large_airport,Kanazawa,JP,Japan,KMQ,RJNK,36.393407,136.406895,yes
RJNO,Oki Global Geopark Airport,medium_airport,Okinoshima,JP,Japan,OKI,RJNO,36.178388,133.323566,yes
RJNS,Mount Fuji Shizuoka Airport,large_airport,Makinohara / Shimada,JP,Japan,FSZ,RJNS,34.795022,138.190976,yes
RJNT,Toyama Kitokito Airport,medium_airport,Toyama,JP,Japan,TOY,RJNT,36.648416,137.187359,yes
RJNW,Noto Satoyama Airport,medium_airport,Wajima,JP,Japan,NTQ,RJNW,37.293098,136.962006,yes
RJOA,Hiroshima Airport,large_airport,Hiroshima,JP,Japan,HIJ,RJOA,34.4361,132.919006,yes
RJOB,Okayama Momotaro Airport,large_airport,Okayama,JP,Japan,OKJ,RJOB,34.756901,133.854996,yes
RJOC,Izumo Enmusubi Airport,medium_airport,Izumo,JP,Japan,IZO,RJOC,35.413601,132.889999,yes
RJOH,Yonago Kitaro Airport / JASDF Miho Air Base,medium_airport,Yonago,JP,Japan,YGJ,RJOH,35.492199,133.235992,yes
RJOI,Iwakuni Kintaikyo Airport,medium_airport,Iwakuni,JP,Japan,IWK,RJOI,34.146333,132.247238,yes
RJOK,Kochi Ryoma Airport,large_airport,Nankoku,JP,Japan,KCZ,RJOK,33.545217,133.670166,yes
RJOM,Matsuyama Airport,large_airport,Matsuyama,JP,Japan,MYJ,RJOM,33.826893,132.700114,yes
RJOO,Osaka Itami International Airport,large_airport,Osaka,JP,Japan,ITM,RJOO,34.780853,135.440829,yes
RJOR,Tottori Sand Dunes Conan Airport,medium_airport,Tottori,JP,Japan,TTJ,RJOR,35.530058,134.165023,yes
RJOS,Tokushima Awaodori Airport / JMSDF Tokushima Air Base,large_airport,Tokushima,JP,Japan,TKS,RJOS,34.132559,134.607816,yes
RJOT,Takamatsu Airport,large_airport,Takamatsu,JP,Japan,TAK,RJOT,34.214963,134.015454,yes
RJOW,Iwami Airport,medium_airport,Masuda,JP,Japan,IWJ,RJOW,34.676399231,131.789993286,yes
RJSA,Aomori Airport,large_airport,Aomori,JP,Japan,AOJ,RJSA,40.733777,140.689477,yes
RJSC,Yamagata Airport,medium_airport,Higashine,JP,Japan,GAJ,RJSC,38.4119,140.371002,yes
RJSD,Sado Airport,medium_airport,Sado,JP,Japan,SDS,RJSD,38.0601997375,138.414001465,yes
RJSF,Fukushima Airport,medium_airport,Sukagawa,JP,Japan,FKS,RJSF,37.22740173339844,140.43099975585938,yes
RJSI,Iwate Hanamaki Airport,medium_airport,Hanamaki,JP,Japan,HNA,RJSI,39.4286,141.134995,yes
RJSK,Akita Airport,medium_airport,Akita,JP,Japan,AXT,RJSK,39.615601,140.218994,yes
RJSM,Misawa Airport / Misawa Air Base,medium_airport,Misawa,JP,Japan,MSJ,RJSM,40.703201,141.367996,yes
RJSN,Niigata Airport,large_airport,Niigata,JP,Japan,KIJ,RJSN,37.954166,139.112189,yes
RJSR,Odate Noshiro Airport,medium_airport,Kitaakita,JP,Japan,ONJ,RJSR,40.191898,140.371002,yes
RJSS,Sendai Airport,large_airport,Natori,JP,Japan,SDJ,RJSS,38.139702,140.917007,yes
RJSY,Shonai Airport,medium_airport,Shonai,JP,Japan,SYO,RJSY,38.812199,139.787003,yes
RJTH,Hachijojima Airport,medium_airport,Hachijojima,JP,Japan,HAC,RJTH,33.114843,139.785645,yes
RJTO,Oshima Airport,medium_airport,Izu Oshima,JP,Japan,OIM,RJTO,34.782001495399996,139.36000061,yes
RJTQ,Miyakejima Airport,medium_airport,Miyakejima,JP,Japan,MYE,RJTQ,34.073600769,139.559997559,yes
RJTT,Tokyo Haneda International Airport,large_airport,Tokyo,JP,Japan,HND,RJTT,35.549678,139.786958,yes
RKJB,Muan International Airport,large_airport,Muan (Piseo-ri),KR,South Korea,MWX,RKJB,34.991406,126.382814,yes
RKJJ,Gwangju Airport,medium_airport,Gwangju,KR,South Korea,KWJ,RKJJ,35.123173,126.805444,yes
RKJK,Gunsan Airport / Gunsan Air Base,medium_airport,Gunsan,KR,South Korea,KUV,RKJK,35.903801,126.615997,yes
RKJY,Yeosu Airport,medium_airport,Yeosu,KR,South Korea,RSU,RKJY,34.84230041503906,127.61699676513672,yes
RKNW,Wonju Airport / Hoengseong Air Base (K-38/K-46),medium_airport,Wonju,KR,South Korea,WJU,RKNW,37.437113,127.960051,yes
RKNY,Yangyang International Airport,large_airport,Gonghang-ro,KR,South Korea,YNY,RKNY,38.060481,128.669822,yes
RKPC,Jeju International Airport,large_airport,Jeju City,KR,South Korea,CJU,RKPC,33.512058,126.492548,yes
RKPK,Gimhae International Airport,large_airport,Busan,KR,South Korea,PUS,RKPK,35.179501,128.938004,yes
RKPS,Sacheon Airport / Sacheon Air Base,medium_airport,Sacheon,KR,South Korea,HIN,RKPS,35.088591,128.071747,yes
RKPU,Ulsan Airport,medium_airport,Ulsan,KR,South Korea,USN,RKPU,35.59349823,129.352005005,yes
RKSI,Incheon International Airport,large_airport,Seoul,KR,South Korea,ICN,RKSI,37.469101,126.450996,yes
RKSS,Seoul Gimpo International Airport,large_airport,Seoul,KR,South Korea,GMP,RKSS,37.5583,126.791,yes
RKTH,Pohang Airport (G-815/K-3),medium_airport,Pohang,KR,South Korea,KPO,RKTH,35.987955,129.420383,yes
RKTN,Daegu International Airport,large_airport,Daegu,KR,South Korea,TAE,RKTN,35.894394,128.656989,yes
RKTU,Cheongju International Airport/Cheongju Air Base (K-59/G-513),large_airport,Cheongju,KR,South Korea,CJJ,RKTU,36.71556,127.500289,yes
ROAH,Naha International Airport,large_airport,Naha,JP,Japan,OKA,ROAH,26.192437,127.639804,yes
RODN,Kadena Air Base,large_airport,Okinawa,JP,Japan,DNA,RODN,26.351667,127.769444,no
ROIG,New Ishigaki Airport,medium_airport,Ishigaki,JP,Japan,ISG,ROIG,24.396389,124.245,yes
ROKJ,Kumejima Airport,medium_airport,Kumejima,JP,Japan,UEO,ROKJ,26.363445,126.71384,yes
ROMD,Minamidaito Airport,medium_airport,Minamidaito,JP,Japan,MMD,ROMD,25.8465,131.263,yes
ROMY,Miyako Airport,medium_airport,Miyakojima,JP,Japan,MMY,ROMY,24.782801,125.294998,yes
RORK,Kitadaito Airport,medium_airport,Kitadaitōjima,JP,Japan,KTD,RORK,25.9447002411,131.32699585,yes
RORS,Shimojishima Airport,medium_airport,Miyakojima,JP,Japan,SHI,RORS,24.8267,125.144997,yes
RORT,Tarama Airport,medium_airport,Tarama,JP,Japan,TRA,RORT,24.653793,124.675453,yes
RORY,Yoron Airport,medium_airport,Yoron,JP,Japan,RNJ,RORY,27.043847,128.401648,yes
ROYN,Yonaguni Airport,medium_airport,Yonaguni,JP,Japan,OGN,ROYN,24.467298,122.979827,yes
RPLB,Subic Bay International Airport / Naval Air Station Cubi Point,large_airport,Olongapo,PH,Philippines,SFS,RPLB,14.794833,120.271883,yes
RPLC,Clark International Airport / Clark Air Base,large_airport,Mabalacat,PH,Philippines,CRK,RPLC,15.186,120.559998,yes
RPLI,Laoag International Airport,large_airport,Laoag City,PH,Philippines,LAO,RPLI,18.175089,120.531006,yes
RPLK,Bicol International Airport,large_airport,Legazpi,PH,Philippines,DRP,RPLK,13.111915,123.676829,yes
RPLL,Ninoy Aquino International Airport,large_airport,Manila (Pasay),PH,Philippines,MNL,RPLL,14.5086,121.019997,yes
RPMC,Cotabato (Awang) Airport,medium_airport,Datu Odin Sinsuat,PH,Philippines,CBO,RPMC,7.164753,124.209938,yes
RPMD,Francisco Bangoy International Airport,large_airport,Davao,PH,Philippines,DVO,RPMD,7.12552,125.646004,yes
RPME,Bancasi Airport,medium_airport,Butuan,PH,Philippines,BXU,RPME,8.9515,125.4788,yes
RPMG,Dipolog Airport,medium_airport,Dipolog,PH,Philippines,DPL,RPMG,8.601983,123.341875,yes
RPMH,Camiguin Airport,medium_airport,Mambajao,PH,Philippines,CGM,RPMH,9.253894,124.709115,yes
RPMJ,Jolo Airport,medium_airport,Jolo,PH,Philippines,JOL,RPMJ,6.05367,121.011002,yes
RPMN,Sanga Sanga Airport,medium_airport,Bongao,PH,Philippines,TWT,RPMN,5.048196,119.743338,yes
RPMO,Labo Airport,medium_airport,Ozamiz,PH,Philippines,OZC,RPMO,8.17851,123.842003,yes
RPMP,Pagadian Airport,medium_airport,Pagadian,PH,Philippines,PAG,RPMP,7.825632,123.459635,yes
RPMR,General Santos International Airport,large_airport,General Santos,PH,Philippines,GES,RPMR,6.057208,125.096243,yes
RPMS,Surigao Airport,medium_airport,Surigao City,PH,Philippines,SUG,RPMS,9.755838325629998,125.480947495,yes
RPMY,Laguindingan International Airport,large_airport,Laguindingan,PH,Philippines,CGY,RPMY,8.612203,124.456496,yes
RPMZ,Zamboanga International Airport,large_airport,Zamboanga,PH,Philippines,ZAM,RPMZ,6.92242,122.059998,yes
RPSP,Bohol-Panglao International Airport,large_airport,Panglao,PH,Philippines,TAG,RPSP,9.573045,123.770143,yes
RPUH,San Jose Airport,medium_airport,San Jose,PH,Philippines,SJI,RPUH,12.361499786399998,121.04699707,yes
RPUN,Naga Airport,medium_airport,Naga,PH,Philippines,WNP,RPUN,13.58489990234375,123.2699966430664,yes
RPUO,Basco Airport,medium_airport,Basco,PH,Philippines,BSO,RPUO,20.4513,121.980003,yes
RPUT,Tuguegarao Airport,medium_airport,Tuguegarao City,PH,Philippines,TUG,RPUT,17.6433676823,121.733150482,yes
RPUV,Virac Airport,medium_airport,Virac,PH,Philippines,VRC,RPUV,13.576399803161621,124.20600128173828,yes
RPUY,Cauayan Airport,medium_airport,Cauayan City,PH,Philippines,CYZ,RPUY,16.9298992157,121.752998352,yes
RPVA,Daniel Z. Romualdez Airport,medium_airport,Tacloban City,PH,Philippines,TAC,RPVA,11.227761,125.027783,yes
RPVB,Bacolod-Silay International Airport,large_airport,Bacolod City,PH,Philippines,BCD,RPVB,10.776237,123.018879,yes
RPVC,Calbayog Airport,medium_airport,Calbayog City,PH,Philippines,CYP,RPVC,12.072574,124.54508,yes
RPVD,Sibulan Airport,medium_airport,Dumaguete City,PH,Philippines,DGT,RPVD,9.334183,123.30191,yes
RPVE,Godofredo P. Ramos Airport,medium_airport,Caticlan,PH,Philippines,MPH,RPVE,11.9245,121.954002,yes
RPVF,Catarman National Airport,medium_airport,Catarman,PH,Philippines,CRM,RPVF,12.50161,124.635258,yes
RPVI,Iloilo International Airport,large_airport,Cabatuan,PH,Philippines,ILO,RPVI,10.833017,122.493358,yes
RPVJ,Moises R. Espinosa Airport,medium_airport,Masbate,PH,Philippines,MBT,RPVJ,12.369682,123.630095,yes
RPVK,Kalibo International Airport,large_airport,Kalibo,PH,Philippines,KLO,RPVK,11.6794,122.375999,yes
RPVM,Mactan Cebu International Airport,large_airport,Cebu City/Lapu-Lapu City,PH,Philippines,CEB,RPVM,10.309261,123.97974,yes
RPVP,Puerto Princesa International Airport / PAF Antonio Bautista Air Base,large_airport,Puerto Princesa,PH,Philippines,PPS,RPVP,9.742044,118.75911,yes
RPVR,Roxas Airport,medium_airport,Roxas City,PH,Philippines,RXS,RPVR,11.597700119018555,122.75199890136719,yes
RPVU,Tugdan Airport,medium_airport,Tablas Island,PH,Philippines,TBH,RPVU,12.3109998703,122.084999084,yes
RPVV,Francisco B. Reyes (Busuanga) Airport,medium_airport,Coron,PH,Philippines,USU,RPVV,12.121865,120.100801,yes
RSI,Red Sea International Airport,large_airport,Hanak,SA,Saudi Arabia,RSI,OERS,25.627975,37.088914,yes
SAAP,General Urquiza Airport,medium_airport,Parana,AR,Argentina,PRA,SAAP,-31.7948,-60.4804,yes
SAAR,Rosario Islas Malvinas International Airport,large_airport,Rosario,AR,Argentina,ROS,SAAR,-32.9036,-60.785,yes
SAAV,Sauce Viejo Airport,medium_airport,Santa Fe,AR,Argentina,SFN,SAAV,-31.7117,-60.8117,yes
SABE,Aeroparque Jorge Newbery,large_airport,Buenos Aires,AR,Argentina,AEP,SABE,-34.559419,-58.415536,yes
SACO,Ingeniero Aeronáutico Ambrosio L.V. Taravella International Airport,large_airport,Cordoba,AR,Argentina,COR,SACO,-31.312346,-64.208329,yes
SAEZ,Ezeiza International Airport - Ministro Pistarini,large_airport,Buenos Aires (Ezeiza),AR,Argentina,EZE,SAEZ,-34.8222,-58.5358,yes
SAME,Governor Francisco Gabrielli International Airport,large_airport,Mendoza,AR,Argentina,MDZ,SAME,-32.831699,-68.7929,yes
SAMR,Suboficial Ay Santiago Germano Airport,medium_airport,San Rafael,AR,Argentina,AFA,SAMR,-34.588299,-68.4039,yes
SANC,Coronel Felipe Varela International Airport,medium_airport,Catamarca,AR,Argentina,CTC,SANC,-28.593117,-65.7512,yes
SANE,Vicecomodoro Angel D. La Paz Aragonés Airport,medium_airport,Santiago del Estero,AR,Argentina,SDE,SANE,-27.765556335399996,-64.3099975586,yes
SANL,Capitan V A Almonacid Airport,medium_airport,La Rioja,AR,Argentina,IRJ,SANL,-29.381599,-66.795799,yes
SANR,Termas de Río Hondo international Airport,medium_airport,Termas de Río Hondo,AR,Argentina,RHD,SANR,-27.4966,-64.93595,yes
SANT,Teniente Benjamín Matienzo International Airport,large_airport,San Miguel de Tucumán,AR,Argentina,TUC,SANT,-26.837397,-65.104195,yes
SANU,Domingo Faustino Sarmiento Airport,medium_airport,San Juan,AR,Argentina,UAQ,SANU,-31.571501,-68.418198,yes
SAOU,Brigadier Mayor D Cesar Raul Ojeda Airport,medium_airport,San Luis,AR,Argentina,LUQ,SAOU,-33.273201,-66.3564,yes
SARC,Corrientes Airport,medium_airport,Corrientes,AR,Argentina,CNQ,SARC,-27.4455,-58.7619,yes
SARE,Resistencia International Airport,large_airport,Resistencia,AR,Argentina,RES,SARE,-27.44991,-59.056125,yes
SARF,Formosa National Airport,medium_airport,Formosa,AR,Argentina,FMA,SARF,-26.2127,-58.2281,yes
SARI,Cataratas Del Iguazú International Airport,medium_airport,Puerto Iguazu,AR,Argentina,IGR,SARI,-25.737301,-54.4734,yes
SARP,Libertador Gral D Jose De San Martin Airport,medium_airport,Posadas,AR,Argentina,PSS,SARP,-27.3858,-55.9707,yes
SASA,Martín Miguel de Güemes International Airport,large_airport,Salta,AR,Argentina,SLA,SASA,-24.856001,-65.486198,yes
SASJ,Gobernador Horacio Guzman International Airport,large_airport,San Salvador de Jujuy,AR,Argentina,JUJ,SASJ,-24.392799,-65.097801,yes
SAVC,General Enrique Mosconi International Airport,large_airport,Comodoro Rivadavia,AR,Argentina,CRD,SAVC,-45.786941,-67.463355,yes
SAVE,Esquel Brigadier Antonio Parodi International Airport,medium_airport,Esquel,AR,Argentina,EQS,SAVE,-42.908001,-71.139503,yes
SAVH,Las Heras Airport,medium_airport,Las Heras,AR,Argentina,LHS,SAVH,-46.538517,-68.965323,yes
SAVT,Almirante Marco Andres Zar Airport,medium_airport,Rawson,AR,Argentina,REL,SAVT,-43.2105,-65.2703,yes
SAVV,Gobernador Castello Airport,medium_airport,Viedma / Carmen de Patagones,AR,Argentina,VDM,SAVV,-40.8692,-63.0004,yes
SAVY,El Tehuelche Airport,medium_airport,Puerto Madryn,AR,Argentina,PMY,SAVY,-42.7592,-65.1027,yes
SAWC,El Calafate - Commander Armando Tola International Airport,medium_airport,El Calafate,AR,Argentina,FTE,SAWC,-50.280267,-72.053401,yes
SAWD,Puerto Deseado Airport,medium_airport,Puerto Deseado,AR,Argentina,PUD,SAWD,-47.7353,-65.9041,yes
SAWE,Gobernador Ramón Trejo Noel International Airport,medium_airport,Rio Grande,AR,Argentina,RGA,SAWE,-53.7777,-67.7494,yes
SAWG,Piloto Civil Norberto Fernández International Airport,large_airport,Rio Gallegos,AR,Argentina,RGL,SAWG,-51.608791,-69.308948,yes
SAWH,Ushuaia - Malvinas Argentinas International Airport,medium_airport,Ushuaia,AR,Argentina,USH,SAWH,-54.8433,-68.2958,yes
SAWP,Perito Moreno Jalil Hamer Airport,medium_airport,Perito Moreno,AR,Argentina,PMQ,SAWP,-46.537899,-70.978699,yes
SAZB,Comandante Espora Airport,medium_airport,Bahía Blanca,AR,Argentina,BHI,SAZB,-38.725,-62.1693,yes
SAZL,Santa Teresita Airport,medium_airport,Santa Teresita,AR,Argentina,SST,SAZL,-36.5423,-56.7218,yes
SAZM,Ástor Piazzola International Airport,medium_airport,Mar del Plata,AR,Argentina,MDQ,SAZM,-37.9342,-57.5733,yes
SAZN,Presidente Perón International Airport,large_airport,Neuquén,AR,Argentina,NQN,SAZN,-38.949001,-68.155701,yes
SAZO,Necochea Airport,medium_airport,Necochea,AR,Argentina,NEC,SAZO,-38.490746,-58.816337,yes
SAZR,Santa Rosa Airport,medium_airport,Santa Rosa,AR,Argentina,RSA,SAZR,-36.588299,-64.275703,yes
SAZS,Teniente Luis Candelaria International Airport,large_airport,San Carlos de Bariloche,AR,Argentina,BRC,SAZS,-41.151199,-71.157501,yes
SAZY,Aviador C. Campos Airport,medium_airport,Chapelco/San Martin de los Andes,AR,Argentina,CPC,SAZY,-40.075401,-71.137299,yes
SBAE,Bauru/Arealva–Moussa Nakhal Tobias State Airport,medium_airport,Bauru,BR,Brazil,JTC,SBAE,-22.160755,-49.070325,yes
SBAQ,Araraquara Airport,medium_airport,Araraquara,BR,Brazil,AQA,SBAQ,-21.812,-48.132999,yes
SBAR,Aracaju - Santa Maria Airport,medium_airport,Aracaju,BR,Brazil,AJU,SBAR,-10.98394,-37.072873,yes
SBAT,Piloto Osvaldo Marques Dias Airport,medium_airport,Alta Floresta,BR,Brazil,AFL,SBAT,-9.866389,-56.106298,yes
SBAU,Araçatuba Airport,medium_airport,Araçatuba,BR,Brazil,ARU,SBAU,-21.141479,-50.424575,yes
SBAX,Romeu Zema Airport,medium_airport,Araxá,BR,Brazil,AAX,SBAX,-19.5632,-46.9604,yes
SBBE,Val de Cans/Júlio Cezar Ribeiro International Airport,large_airport,Belém,BR,Brazil,BEL,SBBE,-1.379279,-48.476207,yes
SBBR,Presidente Juscelino Kubitschek International Airport,large_airport,Brasília,BR,Brazil,BSB,SBBR,-15.869167,-47.920834,yes
SBBV,Atlas Brasil Cantanhede International Airport,large_airport,Boa Vista,BR,Brazil,BVB,SBBV,2.84615,-60.690648,yes
SBCA,Coronel Adalberto Mendes da Silva Airport,medium_airport,Cascavel,BR,Brazil,CAC,SBCA,-25.000323,-53.501208,yes
SBCF,Tancredo Neves International Airport,large_airport,Belo Horizonte,BR,Brazil,CNF,SBCF,-19.63571,-43.966928,yes
SBCG,Campo Grande Airport,medium_airport,Campo Grande,BR,Brazil,CGR,SBCG,-20.469998,-54.673988,yes
SBCH,Serafin Enoss Bertaso Airport,medium_airport,Chapecó,BR,Brazil,XAP,SBCH,-27.134199,-52.656601,yes
SBCJ,Carajás Airport,medium_airport,Parauapebas,BR,Brazil,CKS,SBCJ,-6.117841,-50.003372,yes
SBCP,Bartolomeu Lisandro Airport,medium_airport,Campos dos Goytacazes,BR,Brazil,CAW,SBCP,-21.698299,-41.301701,yes
SBCR,Corumbá International Airport,medium_airport,Corumbá,BR,Brazil,CMG,SBCR,-19.01193,-57.672772,yes
SBCT,Curitiba-Afonso Pena International Airport,large_airport,Curitiba,BR,Brazil,CWB,SBCT,-25.5285,-49.1758,yes
SBCX,Hugo Cantergiani Regional Airport,medium_airport,Caxias Do Sul,BR,Brazil,CXJ,SBCX,-29.197183,-51.187647,yes
SBCY,Várzea Grande–Marechal Rondon International Airport,large_airport,Cuiabá,BR,Brazil,CGB,SBCY,-15.6529,-56.116699,yes
SBCZ,Cruzeiro do Sul Airport,medium_airport,Cruzeiro Do Sul,BR,Brazil,CZS,SBCZ,-7.59991,-72.769501,yes
SBDN,Presidente Prudente Airport,medium_airport,Presidente Prudente,BR,Brazil,PPB,SBDN,-22.1751,-51.424599,yes
SBEG,Eduardo Gomes International Airport,large_airport,Manaus,BR,Brazil,MAO,SBEG,-3.03861,-60.049702,yes
SBFI,Cataratas International Airport,large_airport,Foz do Iguaçu,BR,Brazil,IGU,SBFI,-25.594167,-54.489444,yes
SBFL,Hercílio Luz International Airport,large_airport,Florianópolis,BR,Brazil,FLN,SBFL,-27.670279,-48.552502,yes
SBFN,Fernando de Noronha Airport,medium_airport,Fernando de Noronha,BR,Brazil,FEN,SBFN,-3.854534,-32.423017,yes
SBFZ,Pinto Martins International Airport,large_airport,Fortaleza,BR,Brazil,FOR,SBFZ,-3.775833,-38.532222,yes
SBGL,Rio Galeão – Tom Jobim International Airport,large_airport,Rio De Janeiro,BR,Brazil,GIG,SBGL,-22.809999,-43.250557,yes
SBGO,Santa Genoveva International Airport,large_airport,Goiânia,BR,Brazil,GYN,SBGO,-16.632,-49.220699,yes
SBGR,São Paulo/Guarulhos–Governor André Franco Montoro International Airport,large_airport,São Paulo,BR,Brazil,GRU,SBGR,-23.431274,-46.469954,yes
SBGV,Coronel Altino Machado Airport,medium_airport,Governador Valadares,BR,Brazil,GVR,SBGV,-18.895882,-41.982869,yes
SBHT,Altamira Interstate Airport,medium_airport,Altamira,BR,Brazil,ATM,SBHT,-3.253144,-52.253938,yes
SBIH,Itaituba Airport,medium_airport,Itaituba,BR,Brazil,ITB,SBIH,-4.242131,-56.000651,yes
SBIL,Bahia - Jorge Amado Airport,medium_airport,Ilhéus,BR,Brazil,IOS,SBIL,-14.815929,-39.033458,yes
SBIP,Usiminas Airport,medium_airport,Ipatinga,BR,Brazil,IPN,SBIP,-19.470699,-42.487598,yes
SBIZ,Prefeito Renato Moreira Airport,medium_airport,Imperatriz,BR,Brazil,IMP,SBIZ,-5.53129,-47.459999,yes
SBJE,Comandante Ariston Pessoa Airport,medium_airport,Cruz,BR,Brazil,JJD,SBJE,-2.906425,-40.357338,yes
SBJF,Francisco de Assis Airport,medium_airport,Juiz de Fora,BR,Brazil,JDF,SBJF,-21.791482,-43.386072,yes
SBJP,Presidente Castro Pinto International Airport,large_airport,João Pessoa,BR,Brazil,JPA,SBJP,-7.148691,-34.950554,yes
SBJR,Jacarepaguá - Roberto Marinho Airport,medium_airport,Rio de Janeiro,BR,Brazil,RRJ,SBJR,-22.986773,-43.372194,yes
SBJV,Lauro Carneiro de Loyola Airport,medium_airport,Joinville,BR,Brazil,JOI,SBJV,-26.224501,-48.797401,yes
SBKG,Presidente João Suassuna Airport,medium_airport,Campina Grande,BR,Brazil,CPV,SBKG,-7.269662,-35.896057,yes
SBKP,Viracopos International Airport,large_airport,Campinas,BR,Brazil,VCP,SBKP,-23.007404,-47.134502,yes
SBLJ,Lages Airport,medium_airport,Lages,BR,Brazil,LAJ,SBLJ,-27.782101,-50.281502,yes
SBLO,Governor José Richa Airport,medium_airport,Londrina,BR,Brazil,LDB,SBLO,-23.334375,-51.128365,yes
SBMA,João Correa da Rocha Airport,medium_airport,Marabá,BR,Brazil,MAB,SBMA,-5.36859,-49.138,yes
SBMG,Regional de Maringá - Sílvio Name Júnior Airport,medium_airport,Maringá,BR,Brazil,MGF,SBMG,-23.47606,-52.016187,yes
SBMK,Mário Ribeiro Airport,medium_airport,Montes Claros,BR,Brazil,MOC,SBMK,-16.706919,-43.818901,yes
SBML,Frank Miloye Milenkowichi–Marília State Airport,medium_airport,Marília,BR,Brazil,MII,SBML,-22.196899,-49.926485,yes
SBMO,Zumbi dos Palmares International Airport,large_airport,Maceió,BR,Brazil,MCZ,SBMO,-9.512559,-35.791839,yes
SBMQ,Macapá - Alberto Alcolumbre International Airport,medium_airport,Macapá,BR,Brazil,MCP,SBMQ,0.050664,-51.072201,yes
SBMS,Dix-Sept Rosado Airport,medium_airport,Mossoró,BR,Brazil,MVF,SBMS,-5.20192,-37.3643,yes
SBMY,Manicoré Airport,medium_airport,Manicoré,BR,Brazil,MNX,SBMY,-5.81138,-61.278301,yes
SBNF,Ministro Victor Konder International Airport,large_airport,Navegantes,BR,Brazil,NVT,SBNF,-26.879431,-48.650979,yes
SBNM,Santo Ângelo Airport,medium_airport,Santo Ângelo,BR,Brazil,GEL,SBNM,-28.282503,-54.169623,yes
SBPA,Porto Alegre-Salgado Filho International Airport,large_airport,Porto Alegre,BR,Brazil,POA,SBPA,-29.993984,-51.167482,yes
SBPB,Parnaíba - Prefeito Doutor João Silva Filho International Airport,medium_airport,Parnaíba,BR,Brazil,PHB,SBPB,-2.89375,-41.731998,yes
SBPF,Lauro Kurtz Airport,medium_airport,Passo Fundo,BR,Brazil,PFB,SBPF,-28.243976,-52.32777,yes
SBPG,Ponta Grossa Airport - Comandante Antonio Amilton Beraldo,medium_airport,Ponta Grossa,BR,Brazil,PGZ,SBPG,-25.184476,-50.143822,yes
SBPJ,Brigadeiro Lysias Rodrigues Airport,medium_airport,Palmas,BR,Brazil,PMW,SBPJ,-10.2915,-48.356998,yes
SBPK,João Simões Lopes Neto International Airport,medium_airport,Pelotas,BR,Brazil,PET,SBPK,-31.717189,-52.327796,yes
SBPL,Senador Nilo Coelho Airport,medium_airport,Petrolina,BR,Brazil,PNZ,SBPL,-9.362422,-40.569098,yes
SBPP,Ponta Porã Airport,medium_airport,Ponta Porã,BR,Brazil,PMG,SBPP,-22.549601,-55.702599,yes
SBPS,Porto Seguro International Airport,large_airport,Porto Seguro,BR,Brazil,BPS,SBPS,-16.438426,-39.080584,yes
SBPV,Governador Jorge Teixeira de Oliveira International Airport,large_airport,Porto Velho,BR,Brazil,PVH,SBPV,-8.708491,-63.902338,yes
SBRB,Rio Branco-Plácido de Castro International Airport,large_airport,Rio Branco,BR,Brazil,RBR,SBRB,-9.869031,-67.893984,yes
SBRD,Maestro Marinho Franco Airport,medium_airport,Rondonópolis,BR,Brazil,ROO,SBRD,-16.584292,-54.724803,yes
SBRF,Recife/Guararapes - Gilberto Freyre International Airport,large_airport,Recife,BR,Brazil,REC,SBRF,-8.12747,-34.922961,yes
SBRJ,Santos Dumont Airport,large_airport,Rio de Janeiro,BR,Brazil,SDU,SBRJ,-22.910397,-43.16282,yes
SBRP,Leite Lopes Airport,medium_airport,Ribeirão Preto,BR,Brazil,RAO,SBRP,-21.134314,-47.774053,yes
SBSG,Rio Grande do Norte/São Gonçalo do Amarante–Governador Aluízio Alves International Airport,large_airport,Natal,BR,Brazil,NAT,SBSG,-5.769822,-35.36661,yes
SBSJ,Professor Urbano Ernesto Stumpf Airport,medium_airport,São José Dos Campos,BR,Brazil,SJK,SBSJ,-23.2292,-45.8615,yes
SBSL,Marechal Cunha Machado International Airport,large_airport,São Luís,BR,Brazil,SLZ,SBSL,-2.586386,-44.235008,yes
SBSM,Santa Maria Airport,medium_airport,Santa Maria,BR,Brazil,RIA,SBSM,-29.711399,-53.688202,yes
SBSN,Santarém - Maestro Wilson Fonseca International Airport,medium_airport,Santarém,BR,Brazil,STM,SBSN,-2.422423,-54.79306,yes
SBSP,Congonhas–Deputado Freitas Nobre Airport,large_airport,São Paulo,BR,Brazil,CGH,SBSP,-23.627657,-46.654601,yes
SBSR,Prof. Eribelto Manoel Reino State Airport,medium_airport,São José do Rio Preto,BR,Brazil,SJP,SBSR,-20.817113,-49.406963,yes
SBSV,Deputado Luiz Eduardo Magalhães International Airport,large_airport,Salvador,BR,Brazil,SSA,SBSV,-12.908611,-38.322498,yes
SBTB,Trombetas Airport,medium_airport,Oriximiná,BR,Brazil,TMT,SBTB,-1.4896,-56.396801,yes
SBTE,Senador Petrônio Portela Airport,medium_airport,Teresina,BR,Brazil,THE,SBTE,-5.06025,-42.823712,yes
SBTF,Tefé Airport,medium_airport,Tefé,BR,Brazil,TFF,SBTF,-3.38294,-64.724098,yes
SBTT,Tabatinga International Airport,medium_airport,Tabatinga,BR,Brazil,TBT,SBTT,-4.25567,-69.935799,yes
SBTU,Tucuruí Airport,medium_airport,Tucuruí,BR,Brazil,TUR,SBTU,-3.78601,-49.720299,yes
SBUA,São Gabriel da Cachoeira Airport,medium_airport,São Gabriel da Cachoeira,BR,Brazil,SJL,SBUA,-0.14835,-66.9855,yes
SBUF,Paulo Afonso Airport,medium_airport,Paulo Afonso,BR,Brazil,PAV,SBUF,-9.40088,-38.250599,yes
SBUG,Rubem Berta Airport,medium_airport,Uruguaiana,BR,Brazil,URG,SBUG,-29.7822,-57.0382,yes
SBUL,Ten. Cel. Aviador César Bombonato Airport,medium_airport,Uberlândia,BR,Brazil,UDI,SBUL,-18.883579,-48.225936,yes
SBUR,Mário de Almeida Franco Airport,medium_airport,Uberaba,BR,Brazil,UBA,SBUR,-19.765036,-47.964805,yes
SBVH,Brigadeiro Camarão Airport,medium_airport,Vilhena,BR,Brazil,BVH,SBVH,-12.6944,-60.098301,yes
SBVT,Eurico de Aguiar Salles International Airport,large_airport,Vitória,BR,Brazil,VIX,SBVT,-20.258,-40.285,yes
SBZM,Presidente Itamar Franco Airport,medium_airport,Juiz de Fora,BR,Brazil,IZA,SBZM,-21.513086,-43.173069,yes
SCAR,Chacalluta International Airport,medium_airport,Arica,CL,Chile,ARI,SCAR,-18.348499,-70.338699,yes
SCAT,Desierto de Atacama Airport,medium_airport,Copiapo,CL,Chile,CPO,SCAT,-27.2612,-70.779198,yes
SCBA,Balmaceda Airport,medium_airport,Balmaceda,CL,Chile,BBA,SCBA,-45.915968,-71.689499,yes
SCCF,El Loa Airport,medium_airport,Calama,CL,Chile,CJC,SCCF,-22.498199,-68.903603,yes
SCCI,President Carlos Ibáñez International Airport,large_airport,Punta Arenas,CL,Chile,PUQ,SCCI,-53.002602,-70.854599,yes
SCDA,Diego Aracena International Airport,large_airport,Iquique,CL,Chile,IQQ,SCDA,-20.536273,-70.181373,yes
SCEL,Comodoro Arturo Merino Benítez International Airport,large_airport,Santiago,CL,Chile,SCL,SCEL,-33.393001556396484,-70.78579711914062,yes
SCES,Ricardo García Posada Airport,medium_airport,El Salvador,CL,Chile,ESR,SCES,-26.3111,-69.765198,yes
SCFA,Andrés Sabella Gálvez International Airport,large_airport,Antofagasta,CL,Chile,ANF,SCFA,-23.445274,-70.445232,yes
SCIE,Carriel Sur International Airport,large_airport,Concepcion,CL,Chile,CCP,SCIE,-36.77235,-73.062828,yes
SCIP,Mataveri International Airport,large_airport,Isla De Pascua,CL,Chile,IPC,SCIP,-27.165411,-109.421027,yes
SCJO,Cañal Bajo Carlos Hott Siebert Airport,medium_airport,Osorno,CL,Chile,ZOS,SCJO,-40.611198,-73.060997,yes
SCNT,Lieutenant Julio Gallardo Airport,medium_airport,Puerto Natales,CL,Chile,PNT,SCNT,-51.67067,-72.529078,yes
SCQP,La Araucanía International Airport,large_airport,Temuco,CL,Chile,ZCO,SCQP,-38.9259,-72.6515,yes
SCSE,La Florida Airport,medium_airport,La Serena-Coquimbo,CL,Chile,LSC,SCSE,-29.916201,-71.199501,yes
SCTE,El Tepual International Airport,large_airport,Puerto Montt,CL,Chile,PMC,SCTE,-41.443093,-73.094065,yes
SCVD,Pichoy Airport,medium_airport,Valdivia,CL,Chile,ZAL,SCVD,-39.6500015259,-73.0860977173,yes
SECO,Francisco De Orellana Airport,medium_airport,Coca,EC,Ecuador,OCC,SECO,-0.462886,-76.986801,yes
SECU,Mariscal Lamar Airport,medium_airport,Cuenca,EC,Ecuador,CUE,SECU,-2.88947,-78.984398,yes
SEGS,Seymour Galapagos Ecological Airport,medium_airport,Isla Baltra,EC,Ecuador,GPS,SEGS,-0.453758,-90.2659,yes
SEGU,José Joaquín de Olmedo International Airport,large_airport,Guayaquil,EC,Ecuador,GYE,SEGU,-2.15742,-79.883598,yes
SELT,Cotopaxi International Airport,medium_airport,Latacunga,EC,Ecuador,LTX,SELT,-0.906833,-78.615799,yes
SEMC,Coronel E Carvajal Airport,medium_airport,Macas,EC,Ecuador,XMS,SEMC,-2.2991700172424316,-78.12079620361328,yes
SEMT,Eloy Alfaro International Airport,medium_airport,Manta,EC,Ecuador,MEC,SEMT,-0.9460780024528503,-80.67880249023438,yes
SEQM,Mariscal Sucre International Airport,large_airport,Quito,EC,Ecuador,UIO,SEQM,-0.125399,-78.354306,yes
SERO,Santa Rosa - Artillery Colonel Victor Larrea International Airport,medium_airport,Santa Rosa,EC,Ecuador,ETR,SERO,-3.441986,-79.996957,yes
SESA,General Ulpiano Paez International Airport,large_airport,Salinas/La Libertad,EC,Ecuador,SNC,SESA,-2.210057,-80.985067,yes
SETN,Carlos Concha Torres International Airport,large_airport,Tachina,EC,Ecuador,ESM,SETN,0.978519,-79.626602,yes
SETU,Lieutenant Colonel Luis A. Mantilla International Airport,medium_airport,Tulcán,EC,Ecuador,TUA,SETU,0.809506,-77.708099,yes
SGAS,Silvio Pettirossi International Airport,large_airport,Asunción,PY,Paraguay,ASU,SGAS,-25.240156,-57.519227,yes
SGEN,Teniente Ramon A. Ayub Gonzalez International Airport,large_airport,Encarnación,PY,Paraguay,ENO,SGEN,-27.227537,-55.837584,yes
SGES,Guaraní International Airport,large_airport,Ciudad del Este,PY,Paraguay,AGT,SGES,-25.457186,-54.839544,yes
SKAR,El Eden Airport,medium_airport,Armenia,CO,Colombia,AXM,SKAR,4.45278,-75.7664,yes
SKAS,Tres De Mayo Airport,medium_airport,Puerto Asís,CO,Colombia,PUU,SKAS,0.505228,-76.5008,yes
SKBG,Palonegro Airport,medium_airport,Bucaramanga,CO,Colombia,BGA,SKBG,7.1265,-73.1848,yes
SKBO,El Dorado International Airport,large_airport,Bogota,CO,Colombia,BOG,SKBO,4.70159,-74.1469,yes
SKBQ,Ernesto Cortissoz International Airport,large_airport,Barranquilla,CO,Colombia,BAQ,SKBQ,10.8896,-74.7808,yes
SKBS,José Celestino Mutis Airport,medium_airport,Bahía Solano,CO,Colombia,BSC,SKBS,6.20292,-77.3947,yes
SKBU,Gerardo Tobar López Airport,medium_airport,Buenaventura,CO,Colombia,BUN,SKBU,3.81963,-76.9898,yes
SKCC,Camilo Daza International Airport,medium_airport,Cúcuta,CO,Colombia,CUC,SKCC,7.92757,-72.5115,yes
SKCG,Rafael Nuñez International Airport,large_airport,Cartagena,CO,Colombia,CTG,SKCG,10.4424,-75.513,yes
SKCL,Alfonso Bonilla Aragon International Airport,large_airport,Cali,CO,Colombia,CLO,SKCL,3.542717,-76.381898,yes
SKCO,La Florida Airport,medium_airport,Tumaco,CO,Colombia,TCO,SKCO,1.81442,-78.7492,yes
SKCZ,Las Brujas Airport,medium_airport,Corozal,CO,Colombia,CZU,SKCZ,9.33274,-75.2856,yes
SKEJ,Yariguíes Airport,medium_airport,Barrancabermeja,CO,Colombia,EJA,SKEJ,7.02433,-73.8068,yes
SKFL,Gustavo Artunduaga Paredes Airport,medium_airport,Florencia,CO,Colombia,FLA,SKFL,1.58919,-75.5644,yes
SKGP,Guapi Airport,medium_airport,Guapi,CO,Colombia,GPI,SKGP,2.57013,-77.897969,yes
SKIB,Perales Airport,medium_airport,Ibagué,CO,Colombia,IBE,SKIB,4.42161,-75.1333,yes
SKIP,San Luis Airport,medium_airport,Ipiales,CO,Colombia,IPI,SKIP,0.861946,-77.671783,yes
SKLC,Antonio Roldán Betancur Airport,medium_airport,Carepa,CO,Colombia,APO,SKLC,7.81196,-76.7164,yes
SKLT,Alfredo Vásquez Cobo International Airport,medium_airport,Leticia,CO,Colombia,LET,SKLT,-4.191147,-69.942003,yes
SKMD,Enrique Olaya Herrera Airport,medium_airport,Medellín,CO,Colombia,EOH,SKMD,6.219686,-75.590597,yes
SKMR,Los Garzones Airport,medium_airport,Montería,CO,Colombia,MTR,SKMR,8.82374,-75.8258,yes
SKMU,Fabio Alberto Leon Bentley Airport,medium_airport,Mitú,CO,Colombia,MVP,SKMU,1.25366,-70.2339,yes
SKMZ,La Nubia Airport,medium_airport,Manizales,CO,Colombia,MZL,SKMZ,5.0296,-75.4647,yes
SKNV,Benito Salas Airport,medium_airport,Neiva,CO,Colombia,NVA,SKNV,2.95015,-75.294,yes
SKPC,German Olano Airport,medium_airport,Puerto Carreño,CO,Colombia,PCR,SKPC,6.18472,-67.4932,yes
SKPD,Obando Cesar Gaviria Trujillo Airport,medium_airport,Puerto Inírida,CO,Colombia,PDA,SKPD,3.85353,-67.9062,yes
SKPE,Matecaña International Airport,medium_airport,Pereira,CO,Colombia,PEI,SKPE,4.81267,-75.7395,yes
SKPP,Guillermo León Valencia Airport,medium_airport,Popayán,CO,Colombia,PPN,SKPP,2.454359,-76.609253,yes
SKPS,Antonio Nariño Airport,medium_airport,Chachagüí,CO,Colombia,PSO,SKPS,1.396722,-77.29093,yes
SKPV,El Embrujo Airport,medium_airport,Providencia,CO,Colombia,PVA,SKPV,13.357461,-81.357977,yes
SKRG,Jose Maria Córdova International Airport,large_airport,Medellín,CO,Colombia,MDE,SKRG,6.16454,-75.4231,yes
SKRH,Almirante Padilla Airport,medium_airport,Riohacha,CO,Colombia,RCH,SKRH,11.5262,-72.926,yes
SKSJ,Jorge E. Gonzalez Torres Airport,medium_airport,San José Del Guaviare,CO,Colombia,SJE,SKSJ,2.57969,-72.6394,yes
SKSM,Simón Bolívar International Airport,medium_airport,Santa Marta,CO,Colombia,SMR,SKSM,11.1196,-74.2306,yes
SKSP,Gustavo Rojas Pinilla International Airport,large_airport,San Andrés,CO,Colombia,ADZ,SKSP,12.5836,-81.7112,yes
SKSV,Eduardo Falla Solano Airport,medium_airport,San Vicente Del Caguán,CO,Colombia,SVI,SKSV,2.15217,-74.7663,yes
SKTM,Gustavo Vargas Airport,medium_airport,Tame,CO,Colombia,TME,SKTM,6.45108,-71.7603,yes
SKUC,Santiago Perez Airport,medium_airport,Arauca,CO,Colombia,AUC,SKUC,7.06888,-70.7369,yes
SKUI,El Caraño Airport,medium_airport,Quibdó,CO,Colombia,UIB,SKUI,5.69076,-76.6412,yes
SKVP,Alfonso López Pumarejo Airport,medium_airport,Valledupar,CO,Colombia,VUP,SKVP,10.435,-73.2495,yes
SKVV,Vanguardia Airport,medium_airport,Villavicencio,CO,Colombia,VVC,SKVV,4.16787,-73.6138,yes
SKYP,El Alcaravan - Yopal Airport,medium_airport,Yopal,CO,Colombia,EYP,SKYP,5.31911,-72.384,yes
SLAL,Alcantarí International Airport,large_airport,Sucre,BO,Bolivia,SRE,SLAL,-19.246835,-65.149611,yes
SLCB,Jorge Wilsterman International Airport,large_airport,Cochabamba,BO,Bolivia,CBB,SLCB,-17.421105,-66.177102,yes
SLCO,Capitán Aníbal Arab Airport,medium_airport,Cobija,BO,Bolivia,CIJ,SLCO,-11.039109,-68.782774,yes
SLET,El Trompillo Airport,medium_airport,Santa Cruz,BO,Bolivia,SRZ,SLET,-17.8115997314,-63.1715011597,yes
SLGM,Guayaramerín Airport,medium_airport,Guayaramerín,BO,Bolivia,GYA,SLGM,-10.88856,-65.380955,yes
SLLP,El Alto International Airport,large_airport,La Paz / El Alto,BO,Bolivia,LPB,SLLP,-16.510272,-68.189416,yes
SLOR,Juan Mendoza International Airport,large_airport,Oruro,BO,Bolivia,ORU,SLOR,-17.956151,-67.075829,yes
SLPS,Capitán Av. Salvador Ogaya G. airport,medium_airport,Puerto Suárez,BO,Bolivia,PSZ,SLPS,-18.975301,-57.820599,yes
SLRI,Capitán Av. Selin Zeitun Lopez Airport,medium_airport,Riberalta,BO,Bolivia,RIB,SLRI,-11.009355,-66.075468,yes
SLTJ,Capitan Oriel Lea Plaza Airport,medium_airport,Tarija,BO,Bolivia,TJA,SLTJ,-21.5557,-64.701302,yes
SLTR,Teniente Av. Jorge Henrich Arauz Airport,medium_airport,Trinidad,BO,Bolivia,TDD,SLTR,-14.8187,-64.917999,yes
SLUY,Joya Andina International Airport,large_airport,Quijarro,BO,Bolivia,UYU,SLUY,-20.441304,-66.857553,yes
SLVR,Viru Viru International Airport,large_airport,Santa Cruz,BO,Bolivia,VVI,SLVR,-17.6448,-63.135399,yes
SMJP,Johan Adolf Pengel International Airport,large_airport,Paramaribo,SR,Suriname,PBM,SMJP,5.45283,-55.187801,yes
SOCA,Cayenne – Félix Eboué Airport,large_airport,Matoury,GF,French Guiana,CAY,SOCA,4.819964,-52.361326,yes
SOOA,Maripasoula Airport,medium_airport,Maripasoula,GF,French Guiana,MPY,SOOA,3.655907,-54.039431,yes
SOOM,Saint-Laurent-du-Maroni Airport,medium_airport,Saint-Laurent-du-Maroni,GF,French Guiana,LDX,SOOM,5.481891,-54.034964,yes
SPCL,Cap FAP David Abenzur Rengifo International Airport,large_airport,Pucallpa,PE,Peru,PCL,SPCL,-8.378064,-74.574495,yes
SPEO,FAP Lieutenant Jaime Andres de Montreuil Morales Airport,medium_airport,Chimbote,PE,Peru,CHM,SPEO,-9.14961,-78.523804,yes
SPHI,Capitán FAP José A. Quiñones González International Airport,large_airport,Chiclayo,PE,Peru,CIX,SPHI,-6.789223,-79.828254,yes
SPHO,Air Force Colonel Alfredo Mendivil Duarte Airport,medium_airport,Ayacucho,PE,Peru,AYP,SPHO,-13.1548,-74.204399,yes
SPIM,Jorge Chávez International Airport,large_airport,Lima,PE,Peru,LIM,SPJC,-12.0219,-77.114305,yes
SPJE,Shumba Airport,medium_airport,Jaén,PE,Peru,JAE,SPJE,-5.59248,-78.774002,yes
SPJJ,Francisco Carle Airport,medium_airport,Jauja,PE,Peru,JAU,SPJJ,-11.7831001282,-75.47339630130001,yes
SPJL,Inca Manco Capac International Airport,large_airport,Juliaca,PE,Peru,JUL,SPJL,-15.467689,-70.15653,yes
SPJR,Mayor General FAP Armando Revoredo Iglesias Airport,medium_airport,Cajamarca,PE,Peru,CJA,SPJR,-7.13918,-78.489403,yes
SPLO,General Jorge Fernandez Maldon Airport,medium_airport,Ilo,PE,Peru,ILQ,SPLO,-17.695,-71.344002,yes
SPME,Captain Pedro Canga Rodríguez International Airport,medium_airport,Tumbes,PE,Peru,TBP,SPME,-3.552074,-80.381086,yes
SPMS,Moises Benzaquen Rengifo Airport,medium_airport,Yurimaguas,PE,Peru,YMS,SPMS,-5.89377,-76.118202,yes
SPNC,Alferez Fap David Figueroa Fernandini Airport,medium_airport,Huánuco,PE,Peru,HUU,SPNC,-9.878809928894043,-76.20480346679688,yes
SPPY,Chachapoyas Airport,medium_airport,Chachapoyas,PE,Peru,CHH,SPPY,-6.201911,-77.856195,yes
SPQT,Coronel FAP Francisco Secada Vignetta International Airport,large_airport,Iquitos,PE,Peru,IQT,SPQT,-3.78474,-73.3088,yes
SPQU,Rodríguez Ballón International Airport,large_airport,Arequipa,PE,Peru,AQP,SPQU,-16.340786,-71.569485,yes
SPRU,Capitán FAP Carlos Martínez de Pinillos International Airport,large_airport,Trujillo,PE,Peru,TRU,SPRU,-8.082382,-79.108821,yes
SPSO,Captain Renán Elías Olivera International Airport,large_airport,Pisco,PE,Peru,PIO,SPSO,-13.7449,-76.220299,no
SPST,Cadete FAP Guillermo Del Castillo Paredes Airport,medium_airport,Tarapoto,PE,Peru,TPP,SPST,-6.508739948272705,-76.37319946289062,yes
SPTN,Coronel FAP Carlos Ciriani Santa Rosa International Airport,medium_airport,Tacna,PE,Peru,TCQ,SPTN,-18.053300857500002,-70.2758026123,yes
SPTU,Padre Aldamiz International Airport,medium_airport,Puerto Maldonado,PE,Peru,PEM,SPTU,-12.6135997772,-69.2285995483,yes
SPUR,PAF Captain Guillermo Concha Iberico International Airport,medium_airport,Piura,PE,Peru,PIU,SPUR,-5.20575,-80.616402,yes
SPYL,Captain Victor Montes Arias International Airport,medium_airport,Talara,PE,Peru,TYL,SPYL,-4.57664,-81.254097,yes
SPZA,Maria Reiche Neuman Airport,medium_airport,Nazca,PE,Peru,NZC,SPZA,-14.854,-74.961502,yes
SPZO,Alejandro Velasco Astete International Airport,large_airport,Cusco,PE,Peru,CUZ,SPZO,-13.535699844400002,-71.9387969971,yes
SULS,Capitan Corbeta CA Curbelo International Airport,medium_airport,Punta del Este,UY,Uruguay,PDP,SULS,-34.855099,-55.094299,yes
SUMU,Carrasco General Cesáreo L. Berisso International Airport,large_airport,Ciudad de la Costa,UY,Uruguay,MVD,SUMU,-34.835647,-56.026497,yes
SURV,Pres. Gral. Óscar D. Gestido Binational Airport,medium_airport,Rivera/Santana do Livramento,UY,Uruguay,RVY,SURV,-30.9746,-55.4762,yes
SVBC,General José Antonio Anzoategui International Airport,large_airport,Barcelona,VE,Venezuela,BLA,SVBC,10.111111,-64.692222,yes
SVBI,Barinas Airport,medium_airport,Barinas,VE,Venezuela,BNS,SVBI,8.615,-70.214167,yes
SVBM,Jacinto Lara International Airport,large_airport,Barquisimeto,VE,Venezuela,BRM,SVBM,10.042747,-69.35862,yes
SVCN,Canaima Airport,medium_airport,Canaima,VE,Venezuela,CAJ,SVCN,6.231989,-62.85485,yes
SVCP,General Francisco Bermúdez Airport,medium_airport,Carúpano,VE,Venezuela,CUP,SVCP,10.660014,-63.261681,yes
SVCR,José Leonardo Chirinos Airport,medium_airport,Coro,VE,Venezuela,CZE,SVCR,11.414944,-69.680901,yes
SVCU,Antonio José de Sucre Airport,medium_airport,Cumaná,VE,Venezuela,CUM,SVCU,10.450333,-64.13047,yes
SVJC,Josefa Camejo International Airport,medium_airport,Paraguaná,VE,Venezuela,LSP,SVJC,11.780775,-70.151497,yes
SVMC,La Chinita International Airport,large_airport,Maracaibo,VE,Venezuela,MAR,SVMC,10.557542,-71.729307,yes
SVMG,Del Caribe Santiago Mariño International Airport,large_airport,Isla Margarita,VE,Venezuela,PMV,SVMG,10.912603,-63.966599,yes
SVMI,Maiquetía Simón Bolívar International Airport,large_airport,Maiquetía,VE,Venezuela,CCS,SVMI,10.602214,-66.991174,yes
SVMT,José Tadeo Monagas International Airport,medium_airport,Maturín,VE,Venezuela,MUN,SVMT,9.749023,-63.153348,yes
SVPR,General Manuel Carlos Piar International Airport,large_airport,Guyana City,VE,Venezuela,PZO,SVPR,8.28853,-62.760399,yes
SVSA,Juan Vicente Gómez International Airport,medium_airport,San Antonio del Tachira,VE,Venezuela,SVZ,SVSA,7.840809,-72.439878,yes
SVSE,Santa Elena de Uairén Airport,medium_airport,Santa Elena de Uairén,VE,Venezuela,SNV,,4.554699,-61.145234,yes
SVSO,Mayor Buenaventura Vivas International Airport,medium_airport,Santo Domingo,VE,Venezuela,STD,SVSO,7.56538,-72.035103,yes
SVST,San Tomé Airport,medium_airport,El Tigre,VE,Venezuela,SOM,SVST,8.9451465606689,-64.151084899902,yes
SVVA,Arturo Michelena International Airport,large_airport,Valencia,VE,Venezuela,VLN,SVVA,10.149733,-67.928398,yes
SVVG,Juan Pablo Pérez Alfonso Airport,medium_airport,El Vigía,VE,Venezuela,VIG,SVVG,8.624139,-71.672668,yes
SVVL,Dr. Antonio Nicolás Briceño Airport,medium_airport,Valera,VE,Venezuela,VLV,SVVL,9.340478,-70.584061,yes
SWGN,Araguaína Airport,medium_airport,Araguaína,BR,Brazil,AUX,SWGN,-7.22787,-48.240501,yes
SYCJ,Cheddi Jagan International Airport,large_airport,Georgetown,GY,Guyana,GEO,SYCJ,6.49855,-58.254101,yes
SYGO,Eugene F. Correia International Airport,medium_airport,Ogle,GY,Guyana,OGL,SYEC,6.805881,-58.107657,yes
SYKA,Kaieteur Airport,medium_airport,Kaieteur Falls,GY,Guyana,KAI,SYKA,5.177349,-59.48898,yes
SYLT,Lethem Airport,medium_airport,Lethem,GY,Guyana,LTM,SYLT,3.37276,-59.789398,yes
TAPA,V. C. Bird International Airport,large_airport,Osbourn,AG,Antigua and Barbuda,ANU,TAPA,17.1367,-61.792702,yes
TBPB,Grantley Adams International Airport,large_airport,Bridgetown,BB,Barbados,BGI,TBPB,13.074667,-59.491034,yes
TDCF,Canefield Airport,medium_airport,Canefield,DM,Dominica,DCF,TDCF,15.336693,-61.392108,yes
TDPD,Douglas-Charles Airport,medium_airport,Marigot,DM,Dominica,DOM,TDPD,15.546673,-61.301082,yes
TFFF,Martinique Aimé Césaire International Airport,large_airport,Fort-de-France,MQ,Martinique,FDF,TFFF,14.591,-61.003201,yes
TFFG,Grand Case-l'Espérance Airport,medium_airport,Grand Case,MF,Saint Martin,SFG,TFFG,18.100057,-63.047444,yes
TFFJ,St. Jean Airport,medium_airport,Gustavia,BL,Saint Barthélemy,SBH,TFFJ,17.904398,-62.843333,yes
TFFM,Marie-Galante Airport,medium_airport,Grand-Bourg,GP,Guadeloupe,GBJ,TFFM,15.868925,-61.270087,yes
TFFR,Maryse Condé International Airport,large_airport,Pointe-à-Pitre,GP,Guadeloupe,PTP,TFFR,16.265443,-61.532754,yes
TGPY,Maurice Bishop International Airport,large_airport,Saint George's,GD,Grenada,GND,TGPY,12.003996,-61.785302,yes
TIST,Cyril E. King Airport,large_airport,Charlotte Amalie,VI,U.S. Virgin Islands,STT,TIST,18.337091,-64.977251,yes
TISX,Henry E. Rohlsen Airport,medium_airport,Christiansted,VI,U.S. Virgin Islands,STX,TISX,17.701413,-64.802608,yes
TJBQ,Rafael Hernández International Airport,medium_airport,Aguadilla,PR,Puerto Rico,BQN,TJBQ,18.4949,-67.129402,yes
TJCP,Benjamin Rivera Noriega Airport,medium_airport,Culebra,PR,Puerto Rico,CPX,TJCP,18.312954,-65.303893,yes
TJIG,Fernando Luis Ribas Dominicci Airport,medium_airport,San Juan,PR,Puerto Rico,SIG,TJIG,18.45680046081543,-66.09809875488281,yes
TJMZ,Eugenio Maria De Hostos Airport,medium_airport,Mayaguez,PR,Puerto Rico,MAZ,TJMZ,18.255699157714844,-67.14849853515625,yes
TJPS,Mercedita International Airport,medium_airport,Ponce,PR,Puerto Rico,PSE,TJPS,18.008301,-66.563004,yes
TJRV,José Aponte de la Torre Airport,medium_airport,Ceiba,PR,Puerto Rico,NRR,TJRV,18.247262,-65.63979,yes
TJSJ,Luis Munoz Marin International Airport,large_airport,San Juan,PR,Puerto Rico,SJU,TJSJ,18.4394,-66.001801,yes
TJVQ,Antonio Rivera Rodriguez Airport,medium_airport,Vieques,PR,Puerto Rico,VQS,TJVQ,18.1348,-65.493599,yes
TKPK,Robert L. Bradshaw International Airport,large_airport,Basseterre,KN,Saint Kitts and Nevis,SKB,TKPK,17.310845,-62.719117,yes
TKPN,Vance W. Amory International Airport,medium_airport,Charlestown,KN,Saint Kitts and Nevis,NEV,TKPN,17.2057,-62.589901,yes
TLPC,George F. L. Charles Airport,medium_airport,Castries,LC,Saint Lucia,SLU,TLPC,14.0202,-60.992901,yes
TLPL,Hewanorra International Airport,large_airport,Vieux Fort,LC,Saint Lucia,UVF,TLPL,13.7332,-60.952599,yes
TM-0002,Balkanabat International Airport,medium_airport,Balkanabat,TM,Turkmenistan,BKN,UTAN,39.681052,54.206008,yes
TNCA,Queen Beatrix International Airport,large_airport,Oranjestad,AW,Aruba,AUA,TNCA,12.501056,-70.014281,yes
TNCB,Flamingo International Airport,large_airport,Kralendijk,BQ,Caribbean Netherlands,BON,TNCB,12.131,-68.268501,yes
TNCC,Hato International Airport,large_airport,Willemstad,CW,Curaçao,CUR,TNCC,12.1889,-68.959801,yes
TNCE,F. D. Roosevelt Airport,medium_airport,Oranjestad,BQ,Caribbean Netherlands,EUX,TNCE,17.4965,-62.979401,yes
TNCM,Princess Juliana International Airport,large_airport,Sint Maarten,SX,Sint Maarten,SXM,TNCM,18.041,-63.108898,yes
TNCS,Juancho E. Yrausquin Airport,medium_airport,Zion's Hill,BQ,Caribbean Netherlands,SAB,TNCS,17.64533,-63.220514,yes
TQPF,Clayton J. Lloyd International Airport,medium_airport,The Valley,AI,Anguilla,AXA,TQPF,18.204773,-63.05383,yes
TRPG,John A. Osborne Airport,large_airport,Gerald's Park,MS,Montserrat,MNI,TRPG,16.791835,-62.193204,yes
TTCP,A.N.R. Robinson International Airport,large_airport,Scarborough,TT,Trinidad and Tobago,TAB,TTCP,11.149571,-60.831298,yes
TTPP,Piarco International Airport,large_airport,Port of Spain,TT,Trinidad and Tobago,POS,TTPP,10.59535,-61.337568,yes
TUPJ,Terrance B. Lettsome International Airport,large_airport,Beef Island,VG,British Virgin Islands,EIS,TUPJ,18.445492,-64.541707,yes
TUPW,Virgin Gorda Airport,medium_airport,Spanish Town,VG,British Virgin Islands,VIJ,TUPW,18.446634,-64.427932,yes
TVSA,Argyle International Airport,large_airport,Kingstown,VC,Saint Vincent and the Grenadines,SVD,TVSA,13.159725,-61.148801,yes
TVSB,J F Mitchell Airport,medium_airport,Bequia,VC,Saint Vincent and the Grenadines,BQU,TVSB,12.9884,-61.262001,yes
TVSC,Canouan Airport,medium_airport,Canouan,VC,Saint Vincent and the Grenadines,CIW,TVSC,12.699,-61.3424,yes
TVSM,Mustique Airport,medium_airport,Lovell,VC,Saint Vincent and the Grenadines,MQS,TVSM,12.8879,-61.180199,yes
TVSU,Union Island International Airport,medium_airport,Union Island,VC,Saint Vincent and the Grenadines,UNI,TVSU,12.600135,-61.411945,yes
TXKF,L.F. Wade International Airport,large_airport,Hamilton,BM,Bermuda,BDA,TXKF,32.363802,-64.67824,yes
UAAA,Almaty International Airport,large_airport,Almaty,KZ,Kazakhstan,ALA,UAAA,43.354267,77.042828,yes
UAAH,Balkhash Airport,medium_airport,Balkhash,KZ,Kazakhstan,BXH,UAAH,46.894246,75.004533,yes
UAAT,Taldykorgan Airport,medium_airport,Taldykorgan,KZ,Kazakhstan,TDK,UAAT,45.12255,78.442758,yes
UACC,Nursultan Nazarbayev International Airport,large_airport,Astana,KZ,Kazakhstan,NQZ,UACC,51.027035,71.467094,yes
UACK,Kokshetau International Airport,large_airport,Kokshetau,KZ,Kazakhstan,KOV,UACK,53.329102,69.594597,yes
UACP,Petropavl International Airport,large_airport,Petropavl,KZ,Kazakhstan,PPK,UACP,54.775622,69.187415,yes
UADD,Taraz International Airport,large_airport,Taraz,KZ,Kazakhstan,DMB,UADD,42.8536,71.303596,yes
UAFM,Manas International Airport,large_airport,Bishkek,KG,Kyrgyzstan,BSZ,UCFM,43.061298,74.4776,yes
UAFO,Osh International Airport,large_airport,Osh,KG,Kyrgyzstan,OSS,UCFO,40.609001,72.793297,yes
UAFP,Karakol International Airport,medium_airport,Karakol,KG,Kyrgyzstan,IKG,UCFK,42.508099,78.407799,yes
UAII,Shymkent International Airport,large_airport,Shymkent,KZ,Kazakhstan,CIT,UAII,42.365021,69.47564,yes
UAIT,Hazrat Sultan International Airport,large_airport,Turkıstan,KZ,Kazakhstan,HSA,UAIT,43.311087,68.550352,yes
UAKD,Zhezkazgan National Airport,large_airport,Zhezkazgan,KZ,Kazakhstan,DZN,UAKD,47.708953,67.738094,yes
UAKK,Sary-Arka Airport,large_airport,Karaganda,KZ,Kazakhstan,KGF,UAKK,49.670799,73.334396,yes
UAOL,Baikonur Krayniy International Airport,large_airport,Baikonur,KZ,Kazakhstan,BXY,UAOL,45.621994,63.210773,yes
UAOO,Korkyt Ata International Airport,large_airport,Kyzylorda,KZ,Kazakhstan,KZO,UAOO,44.706902,65.592499,yes
UARR,Manshuk Mametova International Airport,large_airport,Uralsk,KZ,Kazakhstan,URA,UARR,51.151976,51.543652,yes
UASK,Oskemen International Airport,large_airport,Ust-Kamenogorsk (Oskemen),KZ,Kazakhstan,UKK,UASK,50.035033,82.496057,yes
UASP,Pavlodar International Airport,large_airport,Pavlodar,KZ,Kazakhstan,PWQ,UASP,52.194982,77.073088,yes
UASS,Semei International Airport,large_airport,Semey,KZ,Kazakhstan,PLX,UASS,50.351295,80.234398,yes
UATE,Aktau International Airport,large_airport,Aktau,KZ,Kazakhstan,SCO,UATE,43.860093,51.09086,yes
UATG,Atyrau International Airport,large_airport,Atyrau,KZ,Kazakhstan,GUW,UATG,47.121318,51.820343,yes
UATT,Aktobe International Airport,large_airport,Aktobe,KZ,Kazakhstan,AKX,UATT,50.248116,57.204144,yes
UAUU,Kostanay International Airport,large_airport,Kostanay,KZ,Kazakhstan,KSN,UAUU,53.206902,63.550301,yes
UBBB,Heydar Aliyev International Airport,large_airport,Baku,AZ,Azerbaijan,GYD,UBBB,40.47278,50.050931,yes
UBBG,Ganja International Airport,large_airport,Ganja,AZ,Azerbaijan,GNJ,UBBG,40.738692,46.320383,yes
UBBN,Nakhchivan International Airport,large_airport,Nakhchivan,AZ,Azerbaijan,NAJ,UBBN,39.188801,45.458401,yes
UBBQ,Gabala International Airport,medium_airport,Gabala,AZ,Azerbaijan,GBB,UBBQ,40.808617,47.725389,yes
UBLC,Lachin International Airport,medium_airport,Lachin,AZ,Azerbaijan,LHL,UBLC,39.883787,46.363137,yes
UCFL,Issyk-Kul International Airport,large_airport,Tamchy,KG,Kyrgyzstan,IKU,UCFL,42.585584,76.701181,yes
UDSG,Shirak International Airport,large_airport,Gyumri,AM,Armenia,LWN,UDSG,40.750401,43.859299,yes
UDYZ,Zvartnots International Airport,large_airport,Yerevan,AM,Armenia,EVN,UDYZ,40.148941,44.397887,yes
UEEE,Platon Oyunsky Yakutsk International Airport,large_airport,Yakutsk,RU,Russia,YKS,UEEE,62.0933,129.770996,yes
UELL,Chulman Airport,medium_airport,Neryungri,RU,Russia,NER,UELL,56.913898468018,124.91400146484,yes
UEMA,Moma Airport,medium_airport,Khonuu,RU,Russia,MQJ,UEMA,66.450861,143.261551,yes
UEMO,Olyokminsk Airport,medium_airport,Olyokminsk,RU,Russia,OLZ,UEMO,60.401833,120.476094,yes
UEMT,Ust-Nera Airport,medium_airport,Ust-Nera,RU,Russia,USR,UEMT,64.550003,143.115005,yes
UENW,Vilyuisk Airport,medium_airport,Vilyuisk,RU,Russia,VYI,UENW,63.756668,121.693336,yes
UERL,Lensk Airport,medium_airport,Lensk,RU,Russia,ULK,UERL,60.723594,114.825319,yes
UERP,Polyarny Airport,medium_airport,Yakutia,RU,Russia,PYJ,UERP,66.400398,112.029999,yes
UERR,Mirny Airport,medium_airport,Mirny,RU,Russia,MJZ,UERR,62.534698486328125,114.03900146484375,yes
UERS,Saskylakh Airport,medium_airport,Saskylakh,RU,Russia,SYS,UERS,71.927902,114.080002,yes
UESK,Srednekolymsk Airport,medium_airport,Srednekolymsk,RU,Russia,SEK,UESK,67.4805,153.7364,yes
UESO,Chokurdakh Airport,medium_airport,Chokurdah,RU,Russia,CKH,UESO,70.6231,147.901993,yes
UESS,Cherskiy Airport,medium_airport,Cherskiy,RU,Russia,CYX,UESS,68.740601,161.337997,yes
UEST,Tiksi Airport,medium_airport,Tiksi,RU,Russia,IKS,UEST,71.697700500488,128.90299987793,yes
UESU,Zyryanka Airport,medium_airport,Zyryanka,RU,Russia,ZKP,UESU,65.7485,150.8889,yes
UEVV,Zhigansk Airport,medium_airport,Zhigansk,RU,Russia,ZIX,UEVV,66.7965011597,123.361000061,yes
UG-0002,Savannah Airstrip,medium_airport,Kihihi,UG,Uganda,KHX,,-0.7165,29.6997,yes
UGKO,David the Builder Kutaisi International Airport,large_airport,Kopitnari,GE,Georgia,KUT,UGKO,42.177448,42.485353,yes
UGSB,Alexander Kartveli Batumi International Airport,large_airport,Batumi,GE,Georgia,BUS,UGSB,41.60939,41.600315,yes
UGSS,Vladislav Ardzinba Sukhum International Airport,medium_airport,Sukhumi,GE,Georgia,SUI,UGSS,42.8582,41.128101,yes
UGTB,Tbilisi International Airport,large_airport,Tbilisi,GE,Georgia,TBS,UGTB,41.669201,44.9547,yes
UHBB,Ignatyevo Airport,medium_airport,Blagoveschensk,RU,Russia,BQS,UHBB,50.426723,127.415502,yes
UHHH,Khabarovsk Novy Airport,medium_airport,Khabarovsk,RU,Russia,KHV,UHHH,48.528338,135.188588,yes
UHKK,Komsomolsk-on-Amur Airport,medium_airport,Komsomolsk-on-Amur,RU,Russia,KXK,UHKK,50.409,136.934006,yes
UHMA,Ugolny Yuri Ryktheu Airport,medium_airport,Anadyr,RU,Russia,DYR,UHMA,64.734902,177.740997,yes
UHMK,Keperveem Airport,medium_airport,Keperveem,RU,Russia,KPW,UHMK,67.845001,166.139999,yes
UHMM,Sokol Airport,medium_airport,Magadan,RU,Russia,GDX,UHMM,59.9109992980957,150.72000122070312,yes
UHMP,Pevek Airport,medium_airport,Apapelgino,RU,Russia,PWE,UHMP,69.783302,170.597,yes
UHNN,Nikolayevsk-na-Amure Airport,medium_airport,Nikolayevsk-na-Amure Airport,RU,Russia,NLI,UHNN,53.154999,140.649994,yes
UHOO,Okhotsk Airport,medium_airport,Okhotsk,RU,Russia,OHO,UHOO,59.410065,143.056503,yes
UHPP,Yelizovo Airport,large_airport,Petropavlovsk-Kamchatsky,RU,Russia,PKC,UHPP,53.168716,158.451068,yes
UHSS,Yuzhno-Sakhalinsk International Airport,large_airport,Yuzhno-Sakhalinsk,RU,Russia,UUS,UHSS,46.885461,142.717466,yes
UHWW,Vladivostok International Airport,large_airport,Artyom,RU,Russia,VVO,UHWW,43.396256,132.148155,yes
UIAA,Chita-Kadala International Airport,large_airport,Chita,RU,Russia,HTA,UIAA,52.024841,113.305839,yes
UIBB,Bratsk Airport,medium_airport,Bratsk,RU,Russia,BTK,UIBB,56.3696,101.701822,yes
UIII,Irkutsk International Airport,large_airport,Irkutsk,RU,Russia,IKT,UIII,52.266707,104.395563,yes
UITT,Ust-Kut Airport,medium_airport,Ust-Kut,RU,Russia,UKX,UITT,56.856701,105.730003,yes
UIUU,Baikal International Airport,large_airport,Ulan Ude,RU,Russia,UUD,UIUU,51.808614,107.439652,yes
UKCM,Mariupol International Airport,medium_airport,Mariupol,UA,Ukraine,MPW,UKCM,47.07609939575195,37.44960021972656,yes
UKDD,Dnipro International Airport,medium_airport,Dnipro,UA,Ukraine,DNK,UKDD,48.357201,35.100601,yes
UKDE,Zaporizhzhia International Airport,large_airport,Zaporizhia,UA,Ukraine,OZH,UKDE,47.866962,35.314723,no
UKDR,Kryvyi Rih International Airport,medium_airport,Kryvyi Rih,UA,Ukraine,KWG,UKDR,48.04330062866211,33.209999084472656,yes
UKFF,Simferopol International Airport,large_airport,Simferopol,UA,Ukraine,SIP,UKFF,45.0522,33.975101,yes
UKLI,Ivano-Frankivsk International Airport,medium_airport,Ivano-Frankivsk,UA,Ukraine,IFO,UKLI,48.88420104980469,24.686100006103516,yes
UKLL,Lviv International Airport,large_airport,Lviv,UA,Ukraine,LWO,UKLL,49.8125,23.9561,yes
UKLN,Chernivtsi International Airport,medium_airport,Chernivtsi,UA,Ukraine,CWC,UKLN,48.259300231933594,25.98080062866211,yes
UKLR,Rivne International Airport,medium_airport,Rivne,UA,Ukraine,RWN,UKLR,50.60710144042969,26.141599655151367,yes
UKLU,Uzhhorod International Airport,large_airport,Uzhhorod,UA,Ukraine,UDJ,UKLU,48.6343,22.263399,yes
UKOH,Kherson International Airport,medium_airport,Kherson,UA,Ukraine,KHE,UKOH,46.6758,32.506401,yes
UKOO,Odesa International Airport,large_airport,Odesa,UA,Ukraine,ODS,UKOO,46.427196,30.672649,no
ULAA,Talagi Airport,medium_airport,Archangelsk,RU,Russia,ARH,ULAA,64.60030364990234,40.71670150756836,yes
ULAM,Naryan Mar Airport,medium_airport,Naryan Mar,RU,Russia,NNM,ULAM,67.639999,53.121899,yes
ULDD,Amderma Airport,medium_airport,Amderma,RU,Russia,AMV,ULDD,69.76329803466797,61.556400299072266,yes
ULKK,Kotlas Airport,medium_airport,Kotlas,RU,Russia,KSZ,ULKK,61.235801696777344,46.6974983215332,yes
ULLI,Pulkovo Airport,large_airport,St. Petersburg,RU,Russia,LED,ULLI,59.800301,30.262501,yes
ULMM,Emperor Nicholas II Murmansk Airport,large_airport,Murmansk,RU,Russia,MMK,ULMM,68.7817,32.750801,yes
ULOO,Princess Olga Pskov International Airport,medium_airport,Pskov,RU,Russia,PKV,ULOO,57.781316,28.39384,yes
ULPB,Petrozavodsk Airport,medium_airport,Petrozavodsk,RU,Russia,PES,ULPB,61.885201,34.154701,yes
ULWC,Cherepovets Airport,medium_airport,Cherepovets,RU,Russia,CEE,ULWC,59.273601532,38.015800476100004,yes
ULWU,Velikiy Ustyug Airport,medium_airport,Velikiy Ustyug,RU,Russia,VUS,ULWU,60.7883,46.259998,yes
UMBB,Brest International Airport,large_airport,Brest,BY,Belarus,BQT,UMBB,52.108138,23.89676,yes
UMGG,Gomel Airport,medium_airport,Gomel,BY,Belarus,GME,UMGG,52.527000427246094,31.016700744628906,yes
UMKK,Khrabrovo Airport,large_airport,Kaliningrad,RU,Russia,KGD,UMKK,54.89161,20.598559,yes
UMMS,Minsk National Airport,large_airport,Minsk,BY,Belarus,MSQ,UMMS,53.888071,28.039964,yes
UMOO,Mogilev Airport,medium_airport,Mogilev,BY,Belarus,MVQ,UMOO,53.954898834228516,30.09510040283203,yes
UNAA,Abakan International Airport,large_airport,Abakan,RU,Russia,ABA,UNAA,53.740002,91.385002,yes
UNBB,Barnaul Gherman Titov International Airport,large_airport,Barnaul,RU,Russia,BAX,UNBB,53.361285,83.539701,yes
UNEE,Alexei Leonov Kemerovo International Airport,large_airport,Kemerovo,RU,Russia,KEJ,UNEE,55.2701,86.107201,yes
UNII,Yeniseysk Airport,medium_airport,Yeniseysk,RU,Russia,EIE,UNII,58.474201,92.112503,yes
UNIS,Severo-Yeniseysk Airport,medium_airport,Severo-Yeniseysk,RU,Russia,VEO,UNIS,60.373299,93.011703,yes
UNIW,Vanavara Airport,medium_airport,Vanavara,RU,Russia,VAQ,UNIW,60.356229,102.309641,yes
UNKL,Krasnoyarsk International Airport,large_airport,Krasnoyarsk,RU,Russia,KJA,UNKL,56.175743,92.485788,yes
UNKM,Krasnoyarsk Cheremshanka Airport,medium_airport,Krasnoyarsk,RU,Russia,KCY,UNKM,56.177584,92.545881,yes
UNKY,Kyzyl Airport,medium_airport,Kyzyl,RU,Russia,KYZ,UNKY,51.669399,94.400597,yes
UNNT,Novosibirsk Tolmachevo Airport,large_airport,Novosibirsk,RU,Russia,OVB,UNNT,55.019756,82.618675,yes
UNOO,Omsk Central Airport,large_airport,Omsk,RU,Russia,OMS,UNOO,54.963124,73.312418,yes
UNTT,Tomsk Kamov Airport,large_airport,Tomsk,RU,Russia,TOF,UNTT,56.380299,85.208298,yes
UNWW,Spichenkovo Airport,medium_airport,Novokuznetsk,RU,Russia,NOZ,UNWW,53.811401,86.877197,yes
UOHH,Khatanga Airport,medium_airport,Khatanga,RU,Russia,HTG,UOHH,71.97810363769531,102.49099731445312,yes
UOII,Igarka Airport,medium_airport,Igarka,RU,Russia,IAA,UOII,67.437202,86.621902,yes
UOOO,Alykel International Airport,large_airport,Norilsk,RU,Russia,NSK,UOOO,69.307951,87.325906,yes
URKA,Anapa Vityazevo Airport,medium_airport,Krasnyi Kurgan,RU,Russia,AAQ,URKA,45.002102,37.347301,yes
URKG,Gelendzhik Airport,medium_airport,Gelendzhik,RU,Russia,GDZ,URKG,44.5820926295,38.0124807358,yes
URKK,Krasnodar Pashkovsky International Airport,large_airport,Krasnodar,RU,Russia,KRR,URKK,45.034465,39.174215,yes
URMG,Akhmat Kadyrov Grozny International Airport,large_airport,Grozny,RU,Russia,GRV,URMG,43.388106,45.699772,yes
URML,Makhachkala Uytash International Airport,large_airport,Makhachkala,RU,Russia,MCX,URML,42.816799,47.652302,yes
URMM,Mineralnye Vody Airport,large_airport,Mineralnyye Vody,RU,Russia,MRV,URMM,44.225101,43.081902,yes
URMN,Nalchik Airport,medium_airport,Nalchik,RU,Russia,NAL,URMN,43.512901,43.6366,yes
URMO,Vladikavkaz Beslan International Airport,medium_airport,Beslan,RU,Russia,OGZ,URMO,43.205101,44.606602,yes
URMS,Magas Airport,medium_airport,Sunzha,RU,Russia,IGT,URMS,43.323268,45.012568,yes
URMT,Stavropol Shpakovskoye Airport,medium_airport,Stavropol,RU,Russia,STW,URMT,45.10919952392578,42.11280059814453,yes
URRP,Platov International Airport,large_airport,Rostov-on-Don,RU,Russia,ROV,URRP,47.493888,39.924722,yes
URRT,Taganrog Yuzhny Airport,medium_airport,Taganrog,RU,Russia,TGK,URRT,47.1983333,38.8491667,yes
URSS,Sochi International Airport,large_airport,Sochi,RU,Russia,AER,URSS,43.449902,39.9566,yes
URWA,Astrakhan Narimanovo Boris M. Kustodiev International Airport,large_airport,Astrakhan,RU,Russia,ASF,URWA,46.282843,48.010511,yes
URWI,Elista Airport,medium_airport,Elista,RU,Russia,ESL,URWI,46.373901,44.330898,yes
URWW,Volgograd International Airport,large_airport,Volgograd,RU,Russia,VOG,URWW,48.78134,44.339194,yes
USCC,Kurchatov Chelyabinsk International Airport,large_airport,Chelyabinsk,RU,Russia,CEK,USCC,55.303141,61.504927,yes
USCM,Magnitogorsk International Airport,large_airport,Magnitogorsk,RU,Russia,MQF,USCM,53.391991,58.755235,yes
USDA,Sabetta International Airport,medium_airport,Sabetta,RU,Russia,SBT,USDA,71.219167,72.052222,yes
USDB,Bovanenkovo Airport,medium_airport,Bovanenkovo,RU,Russia,BVJ,USDB,70.315278,68.333611,yes
USDD,Salekhard Airport,medium_airport,Salekhard,RU,Russia,SLY,USDD,66.5907974243164,66.61100006103516,yes
USHH,Khanty Mansiysk Airport,medium_airport,Khanty-Mansiysk,RU,Russia,HMA,USHH,61.0285,69.086098,yes
USHN,Nyagan Airport,medium_airport,Nyagan,RU,Russia,NYA,USHN,62.110001,65.614998,yes
USHS,Sovetskiy Airport,medium_airport,Sovetskiy,RU,Russia,OVS,USHS,61.326622009277344,63.60191345214844,yes
USHU,Uray Airport,medium_airport,Uray,RU,Russia,URJ,USHU,60.103298,64.826698,yes
USII,Izhevsk Airport,medium_airport,Izhevsk,RU,Russia,IJK,USII,56.834524,53.462172,yes
USKK,Pobedilovo Airport,medium_airport,Kirov,RU,Russia,KVX,USKK,58.503883,49.347831,yes
USMM,Nadym Airport,medium_airport,Nadym,RU,Russia,NYM,USMM,65.48090362548828,72.69889831542969,yes
USMU,Novy Urengoy Airport,medium_airport,Novy Urengoy,RU,Russia,NUX,USMU,66.06939697265625,76.52030181884766,yes
USNN,Nizhnevartovsk Airport,large_airport,Nizhnevartovsk,RU,Russia,NJC,USNN,60.949299,76.483597,yes
USPP,Perm International Airport,large_airport,Perm,RU,Russia,PEE,USPP,57.914501,56.021198,yes
USRK,Kogalym International Airport,medium_airport,Kogalym,RU,Russia,KGP,USRK,62.190399169921875,74.53379821777344,yes
USRO,Noyabrsk Airport,medium_airport,Noyabrsk,RU,Russia,NOJ,USRO,63.18330001831055,75.2699966430664,yes
USRR,Surgut International Airport,large_airport,Surgut,RU,Russia,SGC,USRR,61.340501,73.405782,yes
USSS,Koltsovo Airport,large_airport,Yekaterinburg,RU,Russia,SVX,USSS,56.743099212646,60.802700042725,yes
USTJ,Tobolsk Remezov Airport,medium_airport,Tobolsk,RU,Russia,RMZ,USTJ,58.059712,68.347997,yes
USTR,Roshchino International Airport,large_airport,Tyumen,RU,Russia,TJM,USTR,57.178984,65.327696,yes
USUU,Kurgan Airport,medium_airport,Kurgan,RU,Russia,KRO,USUU,55.4753,65.415604,yes
UTAA,Ashgabat International Airport,large_airport,Ashgabat,TM,Turkmenistan,ASB,UTAA,37.986801,58.361,yes
UTAK,Turkmenbaşy International Airport,medium_airport,Turkmenbaşy,TM,Turkmenistan,KRW,UTAK,40.062833,53.005085,yes
UTAM,Mary International Airport,medium_airport,Mary,TM,Turkmenistan,MYP,UTAM,37.62353,61.895668,yes
UTAT,Dashoguz International Airport,large_airport,Daşoguz,TM,Turkmenistan,TAZ,UTAT,41.759853,59.836149,yes
UTAV,Türkmenabat International Airport,large_airport,Türkmenabat,TM,Turkmenistan,CRZ,UTAV,38.930662,63.563982,yes
UTDD,Dushanbe International Airport,large_airport,Dushanbe,TJ,Tajikistan,DYU,UTDD,38.543746,68.822977,yes
UTDK,Kulob International Airport,large_airport,Kulob,TJ,Tajikistan,TJU,UTDK,37.988098,69.805,yes
UTDL,Khujand International Airport,large_airport,Khujand,TJ,Tajikistan,LBD,UTDL,40.215401,69.694702,yes
UTDT,Bokhtar International Airport,large_airport,Bokhtar,TJ,Tajikistan,KQT,UTDT,37.866315,68.864475,yes
UTFN,Namangan International Airport,large_airport,Namangan,UZ,Uzbekistan,NMA,UZFN,40.984622,71.5578,yes
UTKA,Andijan International Airport,medium_airport,Andijan,UZ,Uzbekistan,AZN,UZFA,40.727699,72.293999,yes
UTKF,Fergana International Airport,medium_airport,Fergana,UZ,Uzbekistan,FEG,UZFF,40.358799,71.745003,yes
UTNN,Nukus International Airport,large_airport,Nukus,UZ,Uzbekistan,NCU,UZNN,42.4884,59.623299,yes
UTNU,Urgench International Airport,large_airport,Urgench,UZ,Uzbekistan,UGC,UZNU,41.58274,60.64338,yes
UTSA,Navoi International Airport,medium_airport,Navoi,UZ,Uzbekistan,NVI,UZSA,40.117599,65.172658,yes
UTSB,Bukhara International Airport,large_airport,Bukhara,UZ,Uzbekistan,BHK,UZSB,39.775319,64.482279,yes
UTSS,Samarkand International Airport,large_airport,Samarkand,UZ,Uzbekistan,SKD,UZSS,39.701842,66.981467,yes
UTST,Termez Airport,medium_airport,Termez,UZ,Uzbekistan,TMJ,UZST,37.287261,67.311869,yes
UTTP,Tashkent-Khumo International Airport,medium_airport,Tashkent,UZ,Uzbekistan,TVT,UZTP,41.312889,69.395535,yes
UTTT,Tashkent International Airport,large_airport,Tashkent,UZ,Uzbekistan,TAS,UZTT,41.2579,69.281197,yes
UTTZ,Zomin Airport,medium_airport,Zomin,UZ,Uzbekistan,OMN,UZTZ,40.01402,68.41103,yes
UUBA,Kostroma Sokerkino Airport,medium_airport,Kostroma,RU,Russia,KMW,UUBA,57.796902,41.019402,yes
UUBI,Ivanovo South Airport,medium_airport,Ivanovo,RU,Russia,IWA,UUBI,56.93939971923828,40.940799713134766,yes
UUBP,Bryansk International Airport,medium_airport,Bryansk,RU,Russia,BZK,UUBP,53.214403,34.175965,yes
UUBW,Zhukovsky International Airport,large_airport,Moscow,RU,Russia,ZIA,UUBW,55.553299,38.150002,yes
UUDD,Domodedovo International Airport,large_airport,Moscow,RU,Russia,DME,UUDD,55.408798,37.9063,yes
UUDL,Golden Ring Yaroslavl International Airport,large_airport,Tunoshna,RU,Russia,IAR,UUDL,57.560699,40.157398,yes
UUEE,Sheremetyevo International Airport,large_airport,Moscow,RU,Russia,SVO,UUEE,55.976858,37.41121,yes
UUOB,Belgorod International Airport,medium_airport,Belgorod,RU,Russia,EGO,UUOB,50.643798828125,36.5900993347168,yes
UUOK,Kursk East Airport,medium_airport,Kursk,RU,Russia,URS,UUOK,51.7505989074707,36.29560089111328,yes
UUOL,Lipetsk Airport,medium_airport,Lipetsk,RU,Russia,LPK,UUOL,52.70280075073242,39.53779983520508,yes
UUOO,Voronezh International Airport,medium_airport,Voronezh,RU,Russia,VOZ,UUOO,51.814324,39.230948,yes
UUWW,Vnukovo International Airport,large_airport,Moscow,RU,Russia,VKO,UUWW,55.591499,37.261501,yes
UUYH,Ukhta Airport,medium_airport,Ukhta,RU,Russia,UCT,UUYH,63.566898,53.804699,yes
UUYP,Pechora Airport,medium_airport,Pechora,RU,Russia,PEX,UUYP,65.121101,57.130798,yes
UUYS,Usinsk Airport,medium_airport,Usinsk,RU,Russia,USK,UUYS,66.0047,57.367199,yes
UUYW,Vorkuta Airport,medium_airport,Vorkuta,RU,Russia,VKT,UUYW,67.488602,63.993099,yes
UUYY,Syktyvkar Airport,medium_airport,Syktyvkar,RU,Russia,SCW,UUYY,61.64699935913086,50.84510040283203,yes
UWGG,Nizhny Novgorod / Strigino International Airport,large_airport,Nizhny Novgorod,RU,Russia,GOJ,UWGG,56.227351,43.785152,yes
UWKB,Bugulma Airport,medium_airport,Bugulma,RU,Russia,UUA,UWKB,54.641184,52.800229,yes
UWKD,Kazan International Airport,large_airport,Kazan,RU,Russia,KZN,UWKD,55.606201,49.278702,yes
UWKE,Begishevo Airport,medium_airport,Nizhnekamsk,RU,Russia,NBC,UWKE,55.564701,52.092499,yes
UWKS,Cheboksary Airport,medium_airport,Cheboksary,RU,Russia,CSY,UWKS,56.090302,47.347301,yes
UWLL,Ulyanovsk Baratayevka Airport,medium_airport,Ulyanovsk,RU,Russia,ULV,UWLL,54.27016,48.225569,yes
UWLW,Ulyanovsk Vostochny Airport,medium_airport,Cherdakly,RU,Russia,ULY,UWLW,54.401001,48.8027,yes
UWOO,Orenburg Central Airport,medium_airport,Orenburg,RU,Russia,REN,UWOO,51.792668,55.457229,yes
UWOR,Orsk Airport,medium_airport,Orsk,RU,Russia,OSW,UWOR,51.072498,58.5956,yes
UWPP,Penza Airport,medium_airport,Penza,RU,Russia,PEZ,UWPP,53.1106,45.021099,yes
UWPS,Saransk International Airport,large_airport,Saransk,RU,Russia,SKX,UWPS,54.12513,45.212257,yes
UWSB,Balakovo Airport,medium_airport,Balakovo,RU,Russia,BWO,UWSB,51.858299,47.745602,yes
UWSG,Gagarin International Airport,large_airport,Saratov,RU,Russia,GSV,UWSG,51.712778,46.171111,yes
UWUU,Ufa International Airport,large_airport,Ufa,RU,Russia,UFA,UWUU,54.557499,55.874401,yes
UWWW,Kurumoch International Airport,large_airport,Samara,RU,Russia,KUF,UWWW,53.504902,50.164299,yes
VA1G,"Rewa Airport, Chorhata, REWA",medium_airport,Rewa,IN,India,REW,VA1G,24.503401,81.220299,yes
VA2C,Gondia Airport,medium_airport,Gondia,IN,India,GDB,VAGD,21.526817,80.290347,yes
VAAH,Sardar Vallabh Patel International Airport,large_airport,Ahmedabad,IN,India,AMD,VAAH,23.0772,72.634697,yes
VAAU,Aurangabad Airport,medium_airport,Aurangabad,IN,India,IXU,VAAU,19.862875,75.396312,yes
VABB,Chhatrapati Shivaji Maharaj International Airport,large_airport,Mumbai,IN,India,BOM,VABB,19.088699,72.867897,yes
VABJ,Bhuj Airport,medium_airport,Bhuj,IN,India,BHJ,VABJ,23.2877998352,69.6701965332,yes
VABM,Belagavi Airport,medium_airport,Belgaum,IN,India,IXG,VOBM,15.8593,74.618301,yes
VABO,Vadodara International Airport,large_airport,Vadodara,IN,India,BDQ,VABO,22.336201,73.226303,yes
VABP,Raja Bhoj International Airport,large_airport,Bhopal,IN,India,BHO,VABP,23.2875,77.337402,yes
VABV,Bhavnagar Airport,medium_airport,Bhavnagar,IN,India,BHU,VABV,21.752199173,72.1852035522,yes
VAHB,Hubballi Airport,medium_airport,Hubballi,IN,India,HBX,VOHB,15.361084,75.082096,yes
VAHS,Rajkot International Airport,large_airport,Rajkot,IN,India,HSR,VAHS,22.378824,71.039391,yes
VAID,Devi Ahilya Bai Holkar International Airport,large_airport,Indore,IN,India,IDR,VAID,22.721404,75.80051,yes
VAJB,Jabalpur Airport,medium_airport,Jabalpur,IN,India,JLR,VAJB,23.177799,80.052002,yes
VAJM,Jamnagar Airport,medium_airport,Jamnagar,IN,India,JGA,VAJM,22.465499877929688,70.01260375976562,yes
VAKE,Kandla Airport,medium_airport,Kandla,IN,India,IXY,VAKE,23.1127,70.100304,yes
VAKJ,Khajuraho Airport,medium_airport,Khajuraho,IN,India,HJR,VEKO,24.8172,79.918602,yes
VAKP,Kolhapur Airport,medium_airport,Kolhapur,IN,India,KLH,VAKP,16.6647,74.289398,yes
VAKS,Keshod Airport,medium_airport,Keshod,IN,India,IXK,VAKS,21.317101,70.270401,yes
VALT,Murod Kond Airport,medium_airport,Latur,IN,India,LTU,VALT,18.411501,76.464699,yes
VAND,Nanded Airport,medium_airport,Nanded,IN,India,NDC,VOND,19.1833,77.316704,yes
VANP,Dr. Babasaheb Ambedkar International Airport,large_airport,Nagpur,IN,India,NAG,VANP,21.092199,79.047203,yes
VAOZ,Nashik International Airport,large_airport,Nashik,IN,India,ISK,VAOZ,20.119101,73.912903,yes
VAPO,Pune International Airport,large_airport,Pune,IN,India,PNQ,VAPO,18.5821,73.919701,yes
VAPR,Porbandar Airport,medium_airport,Porbandar,IN,India,PBD,VAPR,21.649524,69.656405,yes
VARP,Swami Vivekananda Airport,medium_airport,Raipur,IN,India,RPR,VERP,21.180401,81.7388,yes
VASD,Shirdi International Airport,large_airport,Kakadi,IN,India,SAG,VASD,19.689211,74.373655,yes
VASU,Surat International Airport,large_airport,Surat,IN,India,STV,VASU,21.115531,72.743251,yes
VAUD,Maharana Pratap Airport,medium_airport,Udaipur,IN,India,UDR,VAUD,24.617700576799997,73.89610290530001,yes
VCBI,Bandaranaike International Colombo Airport,large_airport,Colombo,LK,Sri Lanka,CMB,VCBI,7.180759906768799,79.88410186767578,yes
VCCB,Batticaloa International Airport,medium_airport,Batticaloa,LK,Sri Lanka,BTC,VCCB,7.705073,81.677163,yes
VCCC,Colombo Ratmalana International Airport,large_airport,Colombo,LK,Sri Lanka,RML,VCCC,6.821638,79.885859,yes
VCCJ,Jaffna International Airport,large_airport,Jaffna,LK,Sri Lanka,JAF,VCCJ,9.79233,80.070099,yes
VCCK,Koggala Airport,medium_airport,Galle,LK,Sri Lanka,KCT,VCCK,5.993680000305176,80.32029724121094,yes
VCCT,China Bay Airport,medium_airport,Trincomalee,LK,Sri Lanka,TRR,VCCT,8.539159,81.18128,yes
VCRI,Mattala Rajapaksa International Airport,medium_airport,Mattala,LK,Sri Lanka,HRI,VCRI,6.283878,81.124163,yes
VDBG,Battambang Airport,medium_airport,Battambang,KH,Cambodia,BBM,VDBG,13.0956,103.223999,yes
VDPP,Phnom Penh International Airport,large_airport,Phnom Penh (Pou Senchey),KH,Cambodia,PNH,VDPP,11.547155,104.844699,no
VDSA,Siem Reap-Angkor International Airport,large_airport,Siem Reap,KH,Cambodia,SAI,VDSA,13.36974,104.223831,yes
VDSV,Sihanouk International Airport,large_airport,Preah Sihanouk,KH,Cambodia,KOS,VDSV,10.570557,103.632067,yes
VEAT,Agartala - Maharaja Bir Bikram Airport,medium_airport,Agartala,IN,India,IXA,VEAT,23.886999,91.240402,yes
VEBD,Bagdogra Airport,large_airport,Siliguri,IN,India,IXB,VEBD,26.6812,88.328598,yes
VEBI,Shillong Airport,medium_airport,Shillong,IN,India,SHL,VEBI,25.70359992980957,91.97869873046875,yes
VEBN,Lal Bahadur Shastri International Airport,large_airport,Varanasi,IN,India,VNS,VEBN,25.452171,82.862549,yes
VEBS,Biju Patnaik International Airport,large_airport,Bhubaneswar,IN,India,BBI,VEBS,20.251021,85.814747,yes
VEBU,Bilaspur Airport,medium_airport,Bilaspur,IN,India,PAB,VEBU,21.9884,82.111,yes
VECC,Netaji Subhash Chandra Bose International Airport,large_airport,Kolkata,IN,India,CCU,VECC,22.654012,88.44765,yes
VEDG,Kazi Nazrul Islam Airport,medium_airport,Durgapur,IN,India,RDP,VEDG,23.6225,87.243,yes
VEDH,Darbhanga Airport,medium_airport,Darbhanga,IN,India,DBR,VEDH,26.192801,85.916901,yes
VEGK,Gorakhpur Airport,medium_airport,Gorakhpur,IN,India,GOP,VEGK,26.739700317399997,83.4496994019,yes
VEGT,Lokpriya Gopinath Bordoloi International Airport,large_airport,Guwahati,IN,India,GAU,VEGT,26.106654,91.585226,yes
VEGY,Gaya Airport,medium_airport,Gaya,IN,India,GAY,VEGY,24.744301,84.951202,yes
VEIM,Bir Tikendrajit International Airport,large_airport,Imphal,IN,India,IMF,VEIM,24.76,93.896698,yes
VEJT,Jorhat Airport,medium_airport,Jorhat,IN,India,JRH,VEJT,26.730456,94.175416,yes
VEKU,Silchar Airport,medium_airport,Silchar,IN,India,IXS,VEKU,24.9129009247,92.97869873050001,yes
VELP,Lengpui Airport,medium_airport,Aizawl (Lengpui),IN,India,AJL,VELP,23.840599,92.619698,yes
VELR,Lilabari North Lakhimpur Airport,medium_airport,Lilabari,IN,India,IXI,VELR,27.295682,94.097266,yes
VEMN,Dibrugarh Airport,medium_airport,Dibrugarh,IN,India,DIB,VEMN,27.4839000702,95.0168991089,yes
VEMR,Dimapur Airport,medium_airport,Dimapur,IN,India,DMU,VEMR,25.883899688699998,93.77110290530001,yes
VEPT,Jay Prakash Narayan Airport,medium_airport,Patna,IN,India,PAT,VEPT,25.591299,85.087997,yes
VERC,Birsa Munda Airport,medium_airport,Ranchi,IN,India,IXR,VERC,23.314300537100003,85.3217010498,yes
VEUK,Utkela Airport,medium_airport,Bhawanipatna,IN,India,UKE,VEUK,20.097778,83.183333,yes
VEVZ,Visakhapatnam International Airport,large_airport,Visakhapatnam,IN,India,VTZ,VOVZ,17.723506,83.227729,yes
VGBR,Barisal Airport,medium_airport,Barisal,BD,Bangladesh,BZL,VGBR,22.801001,90.301201,yes
VGCB,Cox's Bazar Airport,medium_airport,Cox's Bazar,BD,Bangladesh,CXB,VGCB,21.457517,91.963263,yes
VGEG,Shah Amanat International Airport,large_airport,Chattogram (Chittagong),BD,Bangladesh,CGP,VGEG,22.249599,91.813301,yes
VGHS,Hazrat Shahjalal International Airport,large_airport,Dhaka,BD,Bangladesh,DAC,VGHS,23.843347,90.397783,yes
VGJR,Jessore Airport,medium_airport,Jashore (Jessore),BD,Bangladesh,JSR,VGJR,23.1838,89.160797,yes
VGRJ,Shah Makhdum Airport,medium_airport,Rajshahi,BD,Bangladesh,RJH,VGRJ,24.437201,88.616501,yes
VGSD,Saidpur Airport,medium_airport,Saidpur,BD,Bangladesh,SPD,VGSD,25.759199,88.908897,yes
VGSY,Osmany International Airport,large_airport,Sylhet,BD,Bangladesh,ZYL,VGSY,24.963993,91.864749,yes
VHHH,Hong Kong International Airport,large_airport,Hong Kong,HK,Hong Kong,HKG,VHHH,22.31184,113.914862,yes
VIAG,Agra Airport / Agra Air Force Station,medium_airport,Agra,IN,India,AGR,VIAG,27.157975,77.961025,yes
VIAL,Prayagraj Airport,medium_airport,Allahabad,IN,India,IXD,VEAB,25.4401,81.733902,yes
VIAR,Sri Guru Ram Das Ji International Airport,large_airport,Amritsar,IN,India,ATQ,VIAR,31.7096,74.797302,yes
VIBR,Kullu Manali Airport,medium_airport,Bhuntar,IN,India,KUU,VIBR,31.876699,77.154404,yes
VIBY,Bareilly Air Force Station,medium_airport,Bareilly,IN,India,BEK,VIBY,28.4221,79.450798,yes
VICG,Shaheed Bhagat Singh International Airport,large_airport,Chandigarh,IN,India,IXC,VICG,30.6735,76.788498,yes
VICX,Kanpur Airport,medium_airport,Kanpur,IN,India,KNU,VEKA,26.404301,80.410103,yes
VIDN,Dehradun Jolly Grant Airport,medium_airport,Dehradun (Jauligrant),IN,India,DED,VIDN,30.189243,78.176651,yes
VIDP,Indira Gandhi International Airport,large_airport,New Delhi,IN,India,DEL,VIDP,28.55563,77.09519,yes
VIGG,Kangra Airport,medium_airport,Kangra,IN,India,DHM,VIGG,32.164902,76.263018,yes
VIGR,Gwalior Airport,medium_airport,Gwalior,IN,India,GWL,VIGR,26.29330062866211,78.22779846191406,yes
VIHR,Maharaja Agrasen International Airport,large_airport,Hisar,IN,India,HSS,VIHR,29.186065,75.74142,yes
VIHX,Halwara International Airport,large_airport,Halwara,IN,India,HWR,VIHX,30.748501,75.629799,yes
VIJO,Jodhpur Airport,medium_airport,Jodhpur,IN,India,JDH,VIJO,26.251100540161133,73.04889678955078,yes
VIJP,Jaipur International Airport,large_airport,Jaipur,IN,India,JAI,VIJP,26.8242,75.812202,yes
VIJU,Jammu Airport,medium_airport,Jammu,IN,India,IXJ,VIJU,32.688849,74.838152,yes
VIKG,Kishangarh Airport Ajmer,medium_airport,Ajmer (Kishangarh),IN,India,KQH,VIKG,26.591007,74.812956,yes
VILH,Leh Kushok Bakula Rimpochee Airport,medium_airport,Leh,IN,India,IXL,VILH,34.135899,77.546501,yes
VILK,Chaudhary Charan Singh International Airport,large_airport,Lucknow,IN,India,LKO,VILK,26.760599,80.889297,yes
VIMB,Moradabad Airport,medium_airport,Moradabad,IN,India,MZS,VIMB,28.81746,78.92187,yes
VIPK,Pathankot Airport,medium_airport,Pathankot,IN,India,IXP,VIPK,32.233611,75.634444,yes
VIPT,Pantnagar Airport,medium_airport,Pantnagar,IN,India,PGH,VIPT,29.0334,79.473701,yes
VISR,Sheikh ul Alam International Airport,large_airport,Srinagar,IN,India,SXR,VISR,33.987099,74.7742,yes
VLLB,Luang Phabang International Airport,large_airport,Luang Phabang,LA,Laos,LPQ,VLLB,19.904273,102.167191,yes
VLPS,Pakse International Airport,large_airport,Pakse,LA,Laos,PKZ,VLPS,15.133973,105.779871,yes
VLVT,Wattay International Airport,large_airport,Vientiane,LA,Laos,VTE,VLVT,17.985052,102.566692,yes
VMMC,Macau International Airport,large_airport,Nossa Senhora do Carmo,MO,Macau,MFM,VMMC,22.149599,113.592003,yes
VN-0018,Long Thanh International Airport (Under Construction),large_airport,Ho Chi Minh City (Long Thanh),VN,Vietnam,LTH,VVLT,10.772842,107.040596,no
VNBW,Gautam Buddha International Airport,large_airport,Siddharthanagar (Bhairahawa),NP,Nepal,BWA,VNBW,27.504636,83.410381,yes
VNJP,Janakpur Airport,medium_airport,Janakpur,NP,Nepal,JKR,VNJP,26.708799,85.922401,yes
VNKT,Tribhuvan International Airport,large_airport,Kathmandu,NP,Nepal,KTM,VNKT,27.6966,85.3591,yes
VNLK,Tenzing-Hillary Airport,medium_airport,Lukla,NP,Nepal,LUA,VNLK,27.686768,86.729479,yes
VNNG,Nepalgunj Airport,medium_airport,Nepalgunj,NP,Nepal,KEP,VNNG,28.1036,81.667,yes
VNPK,Pokhara Domestic Airport,medium_airport,Pokhara,NP,Nepal,PKR,VNPK,28.200621,83.981203,yes
VNTJ,Taplejung Airport,medium_airport,Taplejung,NP,Nepal,TPJ,VNTJ,27.3509,87.69525,yes
VNVT,Biratnagar Airport,medium_airport,Biratnagar,NP,Nepal,BIR,VNVT,26.48150062561035,87.26399993896484,yes
VOAT,Agatti Airport,medium_airport,Agatti,IN,India,AGX,VOAT,10.8237,72.176003,yes
VOBL,Kempegowda International Airport Bengaluru,large_airport,Bengaluru,IN,India,BLR,VOBL,13.1979,77.706299,yes
VOBZ,Vijayawada International Airport,large_airport,Vijayawada,IN,India,VGA,VOBZ,16.530011,80.804888,yes
VOCB,Coimbatore International Airport,large_airport,Coimbatore,IN,India,CJB,VOCB,11.03,77.043404,yes
VOCI,Cochin International Airport,large_airport,Kochi,IN,India,COK,VOCI,10.151047,76.400838,yes
VOCL,Calicut International Airport,large_airport,Calicut,IN,India,CCJ,VOCL,11.135996,75.955152,yes
VOCP,Kadapa Airport,medium_airport,Kadapa,IN,India,CDP,VOCP,14.513154,78.769183,yes
VOGA,Manohar International Airport,large_airport,Mopa,IN,India,GOX,VOGA,15.744257,73.860625,yes
VOGO,Goa Dabolim International Airport,large_airport,Vasco da Gama,IN,India,GOI,VOGO,15.380062,73.833328,yes
VOHS,Rajiv Gandhi International Airport,large_airport,Hyderabad,IN,India,HYD,VOHS,17.231318,78.429855,yes
VOKN,Kannur International Airport,large_airport,Kannur,IN,India,CNN,VOKN,11.916343,75.544979,yes
VOKU,Kurnool Airport,medium_airport,Orvakal,IN,India,KJB,VOKU,15.716288,78.16923,yes
VOMD,Madurai Airport,medium_airport,Madurai,IN,India,IXM,VOMD,9.83450984955,78.09339904790001,yes
VOML,Mangaluru International Airport,large_airport,Mangaluru,IN,India,IXE,VOML,12.95471,74.886812,yes
VOMM,Chennai International Airport,large_airport,Chennai,IN,India,MAA,VOMM,12.990005,80.169296,yes
VOMY,Mysore Airport,medium_airport,Mysore,IN,India,MYQ,VOMY,12.229751,76.653683,yes
VOPB,Veer Savarkar International Airport / INS Utkrosh,large_airport,Port Blair,IN,India,IXZ,VOPB,11.640194,92.72902,yes
VOPC,Pondicherry Airport,medium_airport,Puducherry (Pondicherry),IN,India,PNY,VOPC,11.968,79.812,yes
VORY,Rajahmundry Airport,medium_airport,Madhurapudi,IN,India,RJA,VORY,17.105799,81.813204,yes
VOTP,Tirupati International Airport,large_airport,Tirupati,IN,India,TIR,VOTP,13.631988,79.539869,yes
VOTR,Tiruchirappalli International Airport,large_airport,Tiruchirappalli,IN,India,TRZ,VOTR,10.762915,78.717741,yes
VOTV,Thiruvananthapuram International Airport,large_airport,Thiruvananthapuram,IN,India,TRV,VOTV,8.481889,76.920029,yes
VQPR,Paro International Airport,large_airport,Paro,BT,Bhutan,PBH,VQPR,27.4032,89.424599,yes
VRDA,Maafaru International Airport,medium_airport,Noonu Atoll,MV,Maldives,NMF,VRDA,5.817407,73.468404,yes
VRMG,Gan International Airport,large_airport,Gan,MV,Maldives,GAN,VRMG,-0.692975,73.152627,yes
VRMH,Hanimaadhoo International Airport,large_airport,Haa Dhaalu Atoll,MV,Maldives,HAQ,VRMH,6.743235,73.167072,yes
VRMK,Kadhdhoo Airport,medium_airport,Kadhdhoo,MV,Maldives,KDO,VRMK,1.8591699600219727,73.52189636230469,yes
VRMM,Velana International Airport,large_airport,Malé,MV,Maldives,MLE,VRMM,4.19183,73.529099,yes
VRMT,Kaadedhdhoo Airport,medium_airport,Huvadhu Atoll,MV,Maldives,KDM,VRMT,0.488131,72.996902,yes
VRMV,Villa International Airport Maamigili,medium_airport,Maamigili,MV,Maldives,VAM,VRMV,3.471751,72.832633,yes
VTBD,Don Mueang International Airport,large_airport,Bangkok,TH,Thailand,DMK,VTBD,13.9126,100.607002,yes
VTBO,Trat Airport,medium_airport,Laem Ngop,TH,Thailand,TDX,VTBO,12.2746,102.319,yes
VTBS,Suvarnabhumi Airport,large_airport,Bangkok,TH,Thailand,BKK,VTBS,13.6811,100.747002,yes
VTBU,U-Tapao–Rayong–Pattaya International Airport,large_airport,Rayong,TH,Thailand,UTP,VTBU,12.6799,101.004997,yes
VTCC,Chiang Mai International Airport,large_airport,Chiang Mai,TH,Thailand,CNX,VTCC,18.766799926799997,98.962600708,yes
VTCH,Mae Hong Son Airport,medium_airport,Mae Hong Son,TH,Thailand,HGN,VTCH,19.3013,97.9758,yes
VTCT,Mae Fah Luang - Chiang Rai International Airport,large_airport,Chiang Rai,TH,Thailand,CEI,VTCT,19.952299,99.882896,yes
VTPH,Hua Hin Airport,medium_airport,Hua Hin,TH,Thailand,HHQ,VTPH,12.6361999512,99.951499939,yes
VTPP,Phitsanulok Airport,medium_airport,Phitsanulok,TH,Thailand,PHS,VTPP,16.7829,100.278999,yes
VTSB,Surat Thani Airport,medium_airport,Surat Thani,TH,Thailand,URT,VTSB,9.13259983063,99.135597229,yes
VTSE,Chumphon Airport,medium_airport,Chumphon,TH,Thailand,CJM,VTSE,10.7112,99.361702,yes
VTSF,Nakhon Si Thammarat Airport,medium_airport,Nakhon Si Thammarat,TH,Thailand,NST,VTSF,8.539620399475098,99.9447021484375,yes
VTSG,Krabi International Airport,large_airport,Krabi,TH,Thailand,KBV,VTSG,8.095591,98.988955,yes
VTSM,Samui International Airport,large_airport,Na Thon (Ko Samui Island),TH,Thailand,USM,VTSM,9.54779,100.061996,yes
VTSP,Phuket International Airport,large_airport,Phuket,TH,Thailand,HKT,VTSP,8.113257,98.3174,yes
VTSR,Ranong Airport,medium_airport,Ranong,TH,Thailand,UNN,VTSR,9.77762,98.585503,yes
VTSS,Hat Yai International Airport,large_airport,Hat Yai,TH,Thailand,HDY,VTSS,6.93321,100.392998,yes
VTST,Trang Airport,medium_airport,Trang,TH,Thailand,TST,VTST,7.50874,99.6166,yes
VTUD,Udon Thani International Airport,large_airport,Udon Thani,TH,Thailand,UTH,VTUD,17.386186,102.788577,yes
VTUJ,Surin Airport,medium_airport,Surin,TH,Thailand,PXR,VTUJ,14.868300437927,103.49800109863,yes
VTUK,Khon Kaen Airport,medium_airport,Khon Kaen,TH,Thailand,KKC,VTUK,16.466600418099997,102.783996582,yes
VTUO,Buri Ram Airport,medium_airport,Buriram,TH,Thailand,BFV,VTUO,15.2295,103.252998,yes
VTUU,Ubon Ratchathani Airport,medium_airport,Ubon Ratchathani,TH,Thailand,UBP,VTUU,15.2512998581,104.870002747,yes
VTUV,Roi Et Airport,medium_airport,Roi Et,TH,Thailand,ROI,VTUV,16.1168,103.774002,yes
VTUW,Nakhon Phanom Airport,medium_airport,Nakhon Phanom,TH,Thailand,KOP,VTUW,17.383801,104.642998,yes
VVBM,Buon Ma Thuot Airport,medium_airport,Buon Ma Thuot,VN,Vietnam,BMV,VVBM,12.668299675,108.120002747,yes
VVCI,Cat Bi International Airport,large_airport,Haiphong (Hai An),VN,Vietnam,HPH,VVCI,20.817428,106.724315,yes
VVCM,Cà Mau Airport,medium_airport,Ca Mau City,VN,Vietnam,CAH,VVCM,9.177667,105.177778,yes
VVCR,Cam Ranh International Airport / Cam Ranh Air Base,large_airport,Nha Trang/nha Trang aiurportCam Ranh,VN,Vietnam,CXR,VVCR,11.9982,109.219002,yes
VVCS,Con Dao Airport,medium_airport,Con Dao,VN,Vietnam,VCS,VVCS,8.73183,106.633003,yes
VVCT,Can Tho International Airport,large_airport,Can Tho,VN,Vietnam,VCA,VVCT,10.083397,105.709371,yes
VVDB,Dien Bien Phu Airport,medium_airport,Dien Bien Phu,VN,Vietnam,DIN,VVDB,21.3974990845,103.008003235,yes
VVDH,Dong Hoi Airport,medium_airport,Dong Hoi,VN,Vietnam,VDH,VVDH,17.515,106.590556,yes
VVDL,Lien Khuong Airport,medium_airport,Da Lat,VN,Vietnam,DLI,VVDL,11.750556,108.366997,yes
VVDN,Da Nang International Airport,large_airport,Da Nang,VN,Vietnam,DAD,VVDN,16.0439,108.198997,yes
VVNB,Noi Bai International Airport,large_airport,Hanoi (Soc Son),VN,Vietnam,HAN,VVNB,21.221201,105.806999,yes
VVPB,Phu Bai International Airport,medium_airport,Huế,VN,Vietnam,HUI,VVPB,16.400628,107.703094,yes
VVPC,Phu Cat Airport,medium_airport,Quy Nohn,VN,Vietnam,UIH,VVPC,13.955,109.042,yes
VVPK,Pleiku Airport,medium_airport,Pleiku,VN,Vietnam,PXU,VVPK,14.004500389099121,108.01699829101562,yes
VVPQ,Phú Quốc International Airport,large_airport,Phu Quoc Island,VN,Vietnam,PQC,VVPQ,10.169783,103.99353,yes
VVRG,Rach Gia Airport,medium_airport,Rach Gia,VN,Vietnam,VKG,VVRG,9.95802997234,105.132379532,yes
VVTH,Dong Tac Airport,medium_airport,Tuy Hoa,VN,Vietnam,TBB,VVTH,13.0496,109.334,yes
VVTS,Tan Son Nhat International Airport,large_airport,Ho Chi Minh City,VN,Vietnam,SGN,VVTS,10.8188,106.652,yes
VVVD,Van Don International Airport,medium_airport,Van Don,VN,Vietnam,VDO,VVVD,21.120693,107.41539,yes
VVVH,Vinh Airport,medium_airport,Vinh,VN,Vietnam,VII,VVVH,18.7376003265,105.67099762,yes
VYDW,Dawei Airport,medium_airport,Dawei,MM,Myanmar,TVY,VYDW,14.1039,98.203598,yes
VYHH,Heho Airport,medium_airport,Heho,MM,Myanmar,HEH,VYHH,20.74714,96.792029,yes
VYKG,Kengtung Airport,medium_airport,Kengtung,MM,Myanmar,KET,VYKG,21.301599502563477,99.63600158691406,yes
VYKP,Kyaukpyu Airport,medium_airport,Kyaukpyu,MM,Myanmar,KYP,VYKP,19.42639923095703,93.53479766845703,yes
VYKT,Kawthoung Airport,medium_airport,Kawthoung,MM,Myanmar,KAW,VYKT,10.049300193786621,98.53800201416016,yes
VYLK,Loikaw Airport,medium_airport,Loikaw,MM,Myanmar,LIW,VYLK,19.691499710083008,97.21479797363281,yes
VYLS,Lashio Airport,medium_airport,Lashio,MM,Myanmar,LSH,VYLS,22.9778995513916,97.752197265625,yes
VYMD,Mandalay International Airport,large_airport,Mandalay,MM,Myanmar,MDL,VYMD,21.702199935913086,95.97789764404297,yes
VYME,Myeik Airport,medium_airport,Mkeik,MM,Myanmar,MGZ,VYME,12.439800262451172,98.62149810791016,yes
VYMK,Myitkyina Airport,medium_airport,Myitkyina,MM,Myanmar,MYT,VYMK,25.3836,97.351898,yes
VYMS,Mong Hsat Airport,medium_airport,Mong Hsat,MM,Myanmar,MOG,VYMS,20.516799926757812,99.25679779052734,yes
VYNT,Nay Pyi Taw International Airport,large_airport,Naypyitaw,MM,Myanmar,NYT,VYNT,19.623501,96.200996,yes
VYPT,Putao Airport,medium_airport,Putao,MM,Myanmar,PBU,VYPT,27.32990074157715,97.42630004882812,yes
VYSW,Sittwe Airport,medium_airport,Sittwe,MM,Myanmar,AKY,VYSW,20.133165,92.870693,yes
VYTD,Thandwe Airport,medium_airport,Thandwe,MM,Myanmar,SNW,VYTD,18.4606990814209,94.30010223388672,yes
VYTL,Tachileik Airport,medium_airport,Tachileik,MM,Myanmar,THL,VYTL,20.483800888061523,99.9354019165039,yes
VYYY,Yangon International Airport,large_airport,Yangon,MM,Myanmar,RGN,VYYY,16.907300949099998,96.1332015991,yes
WAAA,Sultan Hasanuddin International Airport,large_airport,Makassar,ID,Indonesia,UPG,WAAA,-5.075539,119.553702,yes
WABB,Frans Kaisiepo Airport,medium_airport,Biak,ID,Indonesia,BIK,WABB,-1.19002,136.108002,yes
WABP,Mozes Kilangin Airport,medium_airport,Timika,ID,Indonesia,TIM,WAYY,-4.52978,136.887388,yes
WADB,Sultan Muhammad Salahuddin Airport,medium_airport,Bima,ID,Indonesia,BMU,WADB,-8.537184,118.685002,yes
WADD,Denpasar I Gusti Ngurah Rai International Airport,large_airport,"Kuta, Badung",ID,Indonesia,DPS,WADD,-8.748409,115.167123,yes
WADL,Lombok International Airport,large_airport,"Mataram (Pujut, Lombok Tengah)",ID,Indonesia,LOP,WADL,-8.759962,116.278169,yes
WAEE,Sultan Babullah Airport,medium_airport,Ternate,ID,Indonesia,TTE,WAEE,0.831012,127.381611,yes
WAFB,Toraja Airport,medium_airport,Toraja,ID,Indonesia,TRT,WAFB,-3.184359,119.919104,yes
WAFF,Mutiara - SIS Al-Jufrie Airport,medium_airport,Palu,ID,Indonesia,PLW,WAFF,-0.916462,119.908647,yes
WAGG,Tjilik Riwut Airport,medium_airport,Palangkaraya,ID,Indonesia,PKY,WAGG,-2.227146,113.943388,yes
WAHI,Yogyakarta International Airport,large_airport,Yogyakarta,ID,Indonesia,YIA,WAHI,-7.905338,110.057264,yes
WAHL,Tunggul Wulung Airport,medium_airport,Cilacap,ID,Indonesia,CXP,WAHL,-7.64506,109.033997,yes
WAJJ,Dortheys Hiyo Eluay International Airport,large_airport,Sentani,ID,Indonesia,DJJ,WAJJ,-2.579627,140.519857,yes
WAJO,Oksibil Airport,medium_airport,Oksibil,ID,Indonesia,OKL,WAJO,-4.9071,140.6277,yes
WAKK,Mopah International Airport,medium_airport,Merauke,ID,Indonesia,MKQ,WAKK,-8.523898,140.419693,yes
WAKT,Tanah Merah Airport,medium_airport,Tanah Merah,ID,Indonesia,TMH,WAKT,-6.09669,140.303521,yes
WALL,Sultan Aji Muhammad Sulaiman Sepinggan International Airport,large_airport,Balikpapan,ID,Indonesia,BPN,WALL,-1.268342,116.89452,yes
WALR,Juwata International Airport / Suharnoko Harbani AFB,medium_airport,Tarakan,ID,Indonesia,TRK,WAQQ,3.325145,117.564169,yes
WALS,Aji Pangeran Tumenggung Pranoto International Airport,medium_airport,Samarinda,ID,Indonesia,AAP,WALS,-0.374478,117.250128,yes
WAMH,Naha Airport,medium_airport,"Tabukan Utara, Sangihe Islands",ID,Indonesia,NAH,WAMH,3.68478,125.527162,yes
WAMM,Sam Ratulangi International Airport,large_airport,Manado,ID,Indonesia,MDC,WAMM,1.548591,124.92625,yes
WAON,Warukin Airport,medium_airport,Tanta-Tabalong,ID,Indonesia,TJG,WAON,-2.21656,115.435997,yes
WAOO,Syamsudin Noor International Airport,large_airport,Banjarbaru,ID,Indonesia,BDJ,WAOO,-3.440112,114.761209,yes
WAPF,Karel Sadsuitubun Airport,medium_airport,Langgur,ID,Indonesia,LUV,WAPF,-5.760278,132.759444,yes
WAPN,Namniwel Airport,medium_airport,Namniwel,ID,Indonesia,NAM,WAPN,-3.143159,126.976469,yes
WAPP,Pattimura International Airport,large_airport,Ambon,ID,Indonesia,AMQ,WAPP,-3.71026,128.089005,yes
WAQT,Kalimarau Airport,medium_airport,Tanjung Redeb - Borneo Island,ID,Indonesia,BEJ,WAQT,2.14776,117.430705,yes
WARA,Abdul Rachman Saleh Airport,medium_airport,Malang,ID,Indonesia,MLG,WARA,-7.929099,112.714233,yes
WARJ,Adisutjipto International Airport,medium_airport,Yogyakarta,ID,Indonesia,JOG,WAHH,-7.78818,110.431999,yes
WARQ,Adisoemarmo International Airport,large_airport,Surakarta,ID,Indonesia,SOC,WAHQ,-7.516044,110.757492,yes
WARR,Juanda International Airport,large_airport,Surabaya,ID,Indonesia,SUB,WARR,-7.37983,112.787003,yes
WARS,Jenderal Ahmad Yani Airport,large_airport,Semarang,ID,Indonesia,SRG,WAHS,-6.970732,110.373244,yes
WASF,Fakfak Airport,medium_airport,Fakfak,ID,Indonesia,FKQ,WASF,-2.920508,132.267011,yes
WASK,Utarom Airport,medium_airport,Kaimana,ID,Indonesia,KNG,WASK,-3.6446,133.695116,yes
WASR,Rendani Airport,medium_airport,Manokwari,ID,Indonesia,MKW,WAUU,-0.891833,134.048996,yes
WASS,Domine Eduard Osok Airport,medium_airport,Sorong,ID,Indonesia,SOQ,WASS,-0.894,131.287,yes
WATT,El Tari Airport,medium_airport,Kupang,ID,Indonesia,KOE,WATT,-10.1716,123.670998,yes
WAVV,Wamena Airport,medium_airport,Wamena,ID,Indonesia,WMX,WAVV,-4.097324,138.952417,yes
WAWD,Matahora Airport,medium_airport,Wangi-wangi Island,ID,Indonesia,WNI,WAWD,-5.292123,123.636233,yes
WAWP,Sangia Nibandera Airport,medium_airport,Kolaka,ID,Indonesia,KXB,WAWP,-4.338158,121.524047,yes
WBGB,Bintulu Airport,medium_airport,Bintulu,MY,Malaysia,BTU,WBGB,3.12385010719,113.019996643,yes
WBGG,Kuching International Airport,large_airport,Kuching,MY,Malaysia,KCH,WBGG,1.487364,110.352859,yes
WBGJ,Limbang Airport,medium_airport,Limbang,MY,Malaysia,LMN,WBGJ,4.808300018310547,115.01000213623047,yes
WBGK,Mukah Airport,medium_airport,Mukah,MY,Malaysia,MKM,WBGK,2.881944,112.043333,yes
WBGM,Marudi Airport,medium_airport,Marudi,MY,Malaysia,MUR,WBGM,4.178734,114.330318,yes
WBGR,Miri Airport,medium_airport,Miri,MY,Malaysia,MYY,WBGR,4.32201,113.987,yes
WBGS,Sibu Airport,medium_airport,Sibu,MY,Malaysia,SBW,WBGS,2.2616,111.985001,yes
WBGZ,Bario Airport,medium_airport,Bario,MY,Malaysia,BBN,WBGZ,3.734648,115.478548,yes
WBKD,Lahad Datu Airport,medium_airport,Lahad Datu,MY,Malaysia,LDU,WBKD,5.03241,118.32376,yes
WBKK,Kota Kinabalu International Airport,large_airport,Kota Kinabalu,MY,Malaysia,BKI,WBKK,5.932743,116.049324,yes
WBKL,Labuan Airport,medium_airport,Labuan,MY,Malaysia,LBU,WBKL,5.301667,115.248333,yes
WBKS,Sandakan Airport,medium_airport,Sandakan,MY,Malaysia,SDK,WBKS,5.900899887084961,118.05899810791016,yes
WBKW,Tawau Airport,medium_airport,Tawau,MY,Malaysia,TWU,WBKW,4.31338,118.12152,yes
WBMU,Mulu Airport,medium_airport,Mulu,MY,Malaysia,MZV,WBMU,4.048329830169678,114.80500030517578,yes
WBSB,Brunei International Airport,large_airport,Bandar Seri Begawan,BN,Brunei,BWN,WBSB,4.9442,114.928001,yes
WIBB,Sultan Syarif Kasim II International Airport / Roesmin Nurjadin AFB,medium_airport,Pekanbaru,ID,Indonesia,PKU,WIBB,0.458647,101.444321,yes
WIBD,Pinang Kampai Airport,medium_airport,Dumai,ID,Indonesia,DUM,WIBD,1.609026,101.433493,yes
WICA,Kertajati International Airport,medium_airport,Kertajati,ID,Indonesia,KJT,WICA,-6.647384,108.165561,yes
WICC,Husein Sastranegara International Airport,medium_airport,Bandung,ID,Indonesia,BDO,WICC,-6.90063,107.575996,yes
WIDD,Hang Nadim International Airport,large_airport,Batam,ID,Indonesia,BTH,WIDD,1.12103,104.119003,yes
WIDN,Raja Haji Fisabilillah International Airport,medium_airport,Tanjung Pinang-Bintan Island,ID,Indonesia,TNJ,WIDN,0.92397,104.53341,yes
WIHH,Halim Perdanakusuma International Airport,large_airport,Jakarta,ID,Indonesia,HLP,WIHH,-6.266989,106.890318,yes
WIII,Soekarno-Hatta International Airport,large_airport,Jakarta,ID,Indonesia,CGK,WIII,-6.12557,106.655998,yes
WILL,Radin Inten II International Airport,medium_airport,Bandar Lampung,ID,Indonesia,TKG,WILL,-5.246803,105.182531,yes
WIMB,Binaka Airport,medium_airport,Gunungsitoli,ID,Indonesia,GNS,WIMB,1.166275,97.705196,yes
WIMM,Kualanamu International Airport,large_airport,Beringin,ID,Indonesia,KNO,WIMM,3.637847,98.870566,yes
WIMS,Dr. Ferdinand Lumban Tobing Airport,medium_airport,Sibolga (Pinangsori),ID,Indonesia,FLZ,WIMS,1.557127,98.887145,yes
WIMU,Alas Leuser Airport,medium_airport,Kutacane,ID,Indonesia,LSR,WIMU,3.391456,97.863726,yes
WIOG,Nanga Pinoh Airport,medium_airport,Nanga Pinoh-Borneo Island,ID,Indonesia,NPO,WIOG,-0.34864,111.746155,yes
WIOK,Rahadi Osman Airport,medium_airport,Ketapang,ID,Indonesia,KTG,WIOK,-1.817165,109.963469,yes
WION,Ranai Airport,medium_airport,Ranai-Natuna Besar Island,ID,Indonesia,NTX,WIDO,3.90871,108.388,yes
WIOO,Supadio International Airport,large_airport,Pontianak,ID,Indonesia,PNK,WIOO,-0.152258,109.404493,yes
WIOP,Pangsuma Airport,medium_airport,Putussibau-Borneo Island,ID,Indonesia,PSU,WIOP,0.834579,112.940217,yes
WIOS,Tebelian Airport,medium_airport,Sintang,ID,Indonesia,SQG,WIOS,-0.045214,111.458049,yes
WIPK,Depati Amir Airport,medium_airport,Pangkal Pinang,ID,Indonesia,PGK,WIKK,-2.1622,106.139,yes
WIPL,Fatmawati Soekarno Airport,medium_airport,Bengkulu,ID,Indonesia,BKS,WIGG,-3.8637,102.338997,yes
WIPP,Sultan Mahmud Badaruddin II Airport,medium_airport,Palembang,ID,Indonesia,PLM,WIPP,-2.897653,104.698147,yes
WIPQ,Pendopo Airport,medium_airport,Talang Gudang-Sumatra Island,ID,Indonesia,PDO,WIPQ,-3.2860701084136963,103.87999725341797,yes
WIPT,Minangkabau International Airport,large_airport,Padang (Katapiang),ID,Indonesia,PDG,WIEE,-0.785964,100.280384,yes
WITC,Cut Nyak Dhien Airport,medium_airport,Kuala Pesisir,ID,Indonesia,MEQ,WITC,4.040998,96.253312,yes
WITK,Rembele Airport,medium_airport,Takengon,ID,Indonesia,TXE,WITK,4.72113,96.851943,yes
WITT,Sultan Iskandar Muda International Airport,large_airport,Banda Aceh,ID,Indonesia,BTJ,WITT,5.525087,95.41997,yes
WMBT,Tioman Airport,medium_airport,Tioman Island,MY,Malaysia,TOD,WMBT,2.81818,104.160004,yes
WMKA,Sultan Abdul Halim Airport,medium_airport,Alor Satar,MY,Malaysia,AOR,WMKA,6.189670085906982,100.39800262451172,yes
WMKC,Sultan Ismail Petra Airport,medium_airport,Kota Baharu,MY,Malaysia,KBR,WMKC,6.1668500900268555,102.29299926757812,yes
WMKD,Kuantan Airport,medium_airport,Kuantan,MY,Malaysia,KUA,WMKD,3.7753899097442627,103.20899963378906,yes
WMKI,Sultan Azlan Shah Airport,large_airport,Ipoh,MY,Malaysia,IPH,WMKI,4.56733,101.091643,yes
WMKJ,Senai International Airport,large_airport,Johor Bahru,MY,Malaysia,JHB,WMKJ,1.64131,103.669998,yes
WMKK,Kuala Lumpur International Airport,large_airport,Sepang,MY,Malaysia,KUL,WMKK,2.74558,101.709999,yes
WMKL,Langkawi International Airport,large_airport,Langkawi,MY,Malaysia,LGK,WMKL,6.32973,99.728699,yes
WMKM,Malacca International Airport,medium_airport,Malacca,MY,Malaysia,MKZ,WMKM,2.265613,102.252778,yes
WMKN,Sultan Mahmud Airport,medium_airport,Kuala Terengganu,MY,Malaysia,TGG,WMKN,5.3826398849487305,103.10299682617188,yes
WMKP,Penang International Airport,large_airport,Penang,MY,Malaysia,PEN,WMKP,5.296303,100.276185,yes
WMSA,Sultan Abdul Aziz Shah International Airport,large_airport,Subang,MY,Malaysia,SZB,WMSA,3.13058,101.549004,yes
WPDB,"Commander in Chief of FALINTIL, Kay Rala Xanana Gusmão, International Airport",medium_airport,Suai,TL,Timor-Leste,UAI,WPDB,-9.301856,125.286302,yes
WPDL,Presidente Nicolau Lobato International Airport,large_airport,Dili,TL,Timor-Leste,DIL,WPDL,-8.546562,125.524507,yes
WPEC,Baucau Airport,medium_airport,Baucau,TL,Timor-Leste,BCH,WPEC,-8.486479,126.399981,yes
WPOC,Oecusse Route of the Sandalwood International Airport,large_airport,Oecussi-Ambeno,TL,Timor-Leste,OEC,WPOC,-9.198419,124.337873,yes
WSSL,Seletar Airport,medium_airport,Seletar,SG,Singapore,XSP,WSSL,1.41555,103.86673,yes
WSSS,Singapore Changi Airport,large_airport,Singapore,SG,Singapore,SIN,WSSS,1.35019,103.994003,yes
YABA,Albany Airport,medium_airport,Albany,AU,Australia,ALH,YABA,-34.943333,117.808889,yes
YARM,Armidale Airport,medium_airport,Armidale,AU,Australia,ARM,YARM,-30.528099060099997,151.617004395,yes
YAYE,Ayers Rock Connellan Airport,medium_airport,Yulara,AU,Australia,AYQ,YAYE,-25.185913,130.97703,yes
YBAR,Barcaldine Airport,medium_airport,Barcaldine,AU,Australia,BCI,YBAR,-23.566268,145.302086,yes
YBAS,Alice Springs Airport,medium_airport,Alice Springs,AU,Australia,ASP,YBAS,-23.806588,133.903427,yes
YBBN,Brisbane International Airport,large_airport,Brisbane,AU,Australia,BNE,YBBN,-27.384199142456055,153.11700439453125,yes
YBCG,Gold Coast Airport,large_airport,Gold Coast,AU,Australia,OOL,YBCG,-28.165962,153.506641,yes
YBCK,Blackall Airport,medium_airport,Blackall,AU,Australia,BKQ,YBCK,-24.431678,145.429716,yes
YBCS,Cairns International Airport,large_airport,Cairns,AU,Australia,CNS,YBCS,-16.878921,145.74948,yes
YBCV,Charleville Airport,medium_airport,Charleville,AU,Australia,CTL,YBCV,-26.4132995605,146.261993408,yes
YBHI,Broken Hill Airport,medium_airport,Broken Hill,AU,Australia,BHQ,YBHI,-32.0013999939,141.472000122,yes
YBHM,Hamilton Island Airport,medium_airport,Hamilton Island,AU,Australia,HTI,YBHM,-20.3581008911,148.95199585,yes
YBIE,Bedourie Airport,medium_airport,Bedourie,AU,Australia,BEU,YBIE,-24.3461,139.460007,yes
YBMA,Mount Isa Airport,medium_airport,Mount Isa,AU,Australia,ISA,YBMA,-20.66638,139.488468,yes
YBMK,Mackay Airport,medium_airport,Mackay,AU,Australia,MKY,YBMK,-21.170816,149.182588,yes
YBNA,Ballina Byron Gateway Airport,medium_airport,Ballina,AU,Australia,BNK,YBNA,-28.833236,153.561471,yes
YBPN,Proserpine Whitsunday Coast Airport,medium_airport,Proserpine,AU,Australia,PPP,YBPN,-20.494416,148.553583,yes
YBRK,Rockhampton Airport,medium_airport,Rockhampton,AU,Australia,ROK,YBRK,-23.380019,150.475359,yes
YBRM,Broome International Airport,large_airport,Broome,AU,Australia,BME,YBRM,-17.949194,122.2283,yes
YBSU,Sunshine Coast Airport,large_airport,Maroochydore,AU,Australia,MCY,YBSU,-26.593324,153.08319,yes
YBTH,Bathurst Airport,medium_airport,Bathurst,AU,Australia,BHS,YBTH,-33.406817,149.651161,yes
YBTL,Townsville Airport / RAAF Base Townsville,medium_airport,Townsville,AU,Australia,TSV,YBTL,-19.252904,146.766512,yes
YBUD,Bundaberg Airport,medium_airport,Bundaberg,AU,Australia,BDB,YBUD,-24.905039,152.322612,yes
YBWP,Weipa Airport,medium_airport,Weipa,AU,Australia,WEI,YBWP,-12.677493,141.922618,yes
YBWW,Toowoomba Wellcamp Airport,large_airport,Toowoomba,AU,Australia,WTB,YBWW,-27.558332,151.793335,yes
YCAR,Carnarvon Airport,medium_airport,Carnarvon,AU,Australia,CVQ,YCAR,-24.884337,113.666393,yes
YCBP,Coober Pedy Airport,medium_airport,Coober Pedy,AU,Australia,CPD,YCBP,-29.038312,134.722166,yes
YCCY,Cloncurry Airport,medium_airport,Cloncurry,AU,Australia,CNJ,YCCY,-20.668600082399998,140.503997803,yes
YCFS,Coffs Harbour Airport,medium_airport,Coffs Harbour,AU,Australia,CFS,YCFS,-30.320601,153.115997,yes
YCOE,Coen Airport,medium_airport,Coen,AU,Australia,CUQ,YCOE,-13.761133,143.113311,yes
YCOM,Cooma Snowy Mountains Airport,medium_airport,Cooma,AU,Australia,OOM,YCOM,-36.300445,148.972408,yes
YDPO,Devonport Airport,medium_airport,Devonport,AU,Australia,DPO,YDPO,-41.1697006226,146.429992676,yes
YE-0012,Mokha International Airport,large_airport,Mokha,YE,Yemen,,,13.296941,43.231858,yes
YELD,Elcho Island Airport,medium_airport,Elcho Island,AU,Australia,ELC,YELD,-12.019399642899998,135.570999146,yes
YEML,Emerald Airport,medium_airport,Emerald,AU,Australia,EMD,YEML,-23.5674991608,148.179000854,yes
YESP,Esperance Airport,medium_airport,Esperance,AU,Australia,EPR,YESP,-33.684399,121.822998,yes
YGEL,Geraldton Airport,medium_airport,Moonyoonooka,AU,Australia,GET,YGEL,-28.796101,114.707001,yes
YGLA,Gladstone Airport,medium_airport,Gladstone,AU,Australia,GLT,YGLA,-23.869763,151.225439,yes
YGTE,Groote Eylandt Airport,medium_airport,Groote Eylandt,AU,Australia,GTE,YGTE,-13.972405,136.458553,yes
YGTH,Griffith Airport,medium_airport,Griffith,AU,Australia,GFF,YGTH,-34.2508010864,146.067001343,yes
YHBA,Hervey Bay Airport,medium_airport,Hervey Bay,AU,Australia,HVB,YHBA,-25.320127,152.880662,yes
YHID,Horn Island Airport,medium_airport,Horn,AU,Australia,HID,YHID,-10.585636,142.29277,yes
YHOT,Mount Hotham Airport,medium_airport,Mount Hotham,AU,Australia,MHU,YHOT,-37.0475006104,147.333999634,yes
YKOW,Kowanyama Airport,medium_airport,Kowanyama,AU,Australia,KWM,YKOW,-15.485369,141.752572,yes
YLEO,Leonora Airport,medium_airport,Leonora,AU,Australia,LNO,YLEO,-28.87809944152832,121.31500244140625,yes
YLHR,Lockhart River Airport,medium_airport,Lockhart River,AU,Australia,IRG,YLHR,-12.7869,143.304993,yes
YLIS,Lismore Airport,medium_airport,Lismore,AU,Australia,LSY,YLIS,-28.830689,153.258419,yes
YLRE,Longreach Airport,medium_airport,Longreach,AU,Australia,LRE,YLRE,-23.43202,144.277492,yes
YMAV,Melbourne Avalon International Airport,large_airport,Geelong/Melbourne,AU,Australia,AVV,YMAV,-38.040269,144.467196,yes
YMAY,Albury Airport,medium_airport,East Albury,AU,Australia,ABX,YMAY,-36.066758,146.959148,yes
YMEN,Melbourne Essendon Airport,medium_airport,Essendon Fields,AU,Australia,MEB,YMEN,-37.7281,144.901993,yes
YMER,Merimbula Airport,medium_airport,Merimbula,AU,Australia,MIM,YMER,-36.9085998535,149.901000977,yes
YMGD,Maningrida Airport,medium_airport,Maningrida,AU,Australia,MNG,YMGD,-12.0560998917,134.23399353,yes
YMHB,Hobart International Airport,large_airport,Hobart (Cambridge),AU,Australia,HBA,YMHB,-42.837032,147.513022,yes
YMIA,Mildura Airport,medium_airport,Mildura,AU,Australia,MQL,YMIA,-34.229198455799995,142.085998535,yes
YMLT,Launceston Airport,medium_airport,Launceston (Western Junction),AU,Australia,LST,YMLT,-41.544935,147.210785,yes
YMMB,Melbourne Moorabbin Airport,medium_airport,Melbourne,AU,Australia,MBW,YMMB,-37.977765,145.099799,yes
YMML,Melbourne Airport,large_airport,Melbourne,AU,Australia,MEL,YMML,-37.670732,144.837898,yes
YMOR,Moree Airport,medium_airport,Moree,AU,Australia,MRZ,YMOR,-29.498899459799997,149.845001221,yes
YMRB,Moranbah Airport,medium_airport,Moranbah,AU,Australia,MOV,YMRB,-22.057800293,148.07699585,yes
YMRY,Moruya Airport,medium_airport,Moruya,AU,Australia,MYA,YMRY,-35.8978004456,150.143997192,yes
YMTG,Mount Gambier Airport,medium_airport,Mount Gambier,AU,Australia,MGB,YMTG,-37.744382,140.780561,yes
YNAR,Narrandera Airport,medium_airport,Narrandera,AU,Australia,NRA,YNAR,-34.7022018433,146.511993408,yes
YNBR,Narrabri Airport,medium_airport,Narrabri,AU,Australia,NAA,YNBR,-30.3192005157,149.82699585,yes
YNTN,Normanton Airport,medium_airport,Normanton,AU,Australia,NTN,YNTN,-17.68409,141.069664,yes
YNWN,Newman Airport,medium_airport,Newman,AU,Australia,ZNE,YNWN,-23.417800903299998,119.803001404,yes
YPAD,Adelaide International Airport,large_airport,Adelaide,AU,Australia,ADL,YPAD,-34.947512,138.533393,yes
YPBO,Paraburdoo Airport,medium_airport,Paraburdoo,AU,Australia,PBO,YPBO,-23.1711006165,117.745002747,yes
YPCC,Cocos (Keeling) Islands Airport,large_airport,West Island,CC,Cocos (Keeling) Islands,CCK,YPCC,-12.192218,96.834103,yes
YPDN,Darwin International Airport / RAAF Darwin,large_airport,Darwin,AU,Australia,DRW,YPDN,-12.41497,130.88185,yes
YPGV,Gove Airport,medium_airport,Nhulunbuy,AU,Australia,GOV,YPGV,-12.269399642899998,136.817993164,yes
YPKA,Karratha Airport,medium_airport,Karratha,AU,Australia,KTA,YPKA,-20.712200164799995,116.773002625,yes
YPKG,Kalgoorlie Boulder Airport,medium_airport,Broadwood,AU,Australia,KGI,YPKG,-30.791543,121.464586,yes
YPKS,Parkes Airport,medium_airport,Parkes,AU,Australia,PKE,YPKS,-33.131401062,148.238998413,yes
YPKU,East Kimberley Regional (Kununurra) Airport,medium_airport,Kununurra,AU,Australia,KNX,YPKU,-15.7781,128.707993,yes
YPLC,Port Lincoln Airport,medium_airport,Port Lincoln,AU,Australia,PLO,YPLC,-34.6053009033,135.880004883,yes
YPLM,Learmonth Airport,medium_airport,Exmouth,AU,Australia,LEA,YPLM,-22.235201,114.090024,yes
YPMQ,Port Macquarie Airport,medium_airport,Port Macquarie,AU,Australia,PQQ,YPMQ,-31.4358005524,152.863006592,yes
YPPD,Port Hedland International Airport,large_airport,Port Hedland,AU,Australia,PHE,YPPD,-20.382787,118.629789,yes
YPPH,Perth International Airport,large_airport,Perth,AU,Australia,PER,YPPH,-31.94029998779297,115.96700286865234,yes
YPXM,Christmas Island International Airport,medium_airport,Flying Fish Cove,CX,Christmas Island,XCH,YPXM,-10.450387,105.6911,yes
YROM,Roma Airport,medium_airport,Roma,AU,Australia,RMA,YROM,-26.545000076300003,148.774993896,yes
YSCB,Canberra Airport,medium_airport,Canberra,AU,Australia,CBR,YSCB,-35.3069,149.195007,yes
YSDU,Dubbo City Regional Airport,medium_airport,Dubbo,AU,Australia,DBO,YSDU,-32.2167015076,148.574996948,yes
YSHK,Shark Bay Airport,medium_airport,Denham,AU,Australia,MJK,YSHK,-25.897294,113.575802,yes
YSNB,Snake Bay Airport,medium_airport,Milikapiti,AU,Australia,SNB,YSNK,-11.417674,130.648481,yes
YSNF,Norfolk Island International Airport,medium_airport,Burnt Pine,NF,Norfolk Island,NLK,YSNF,-29.041759,167.939474,yes
YSSY,Sydney Kingsford Smith International Airport,large_airport,Sydney (Mascot),AU,Australia,SYD,YSSY,-33.946098,151.177002,yes
YSTW,Tamworth Airport,medium_airport,Tamworth,AU,Australia,TMW,YSTW,-31.077898,150.845484,yes
YSWG,Wagga Wagga Airport,medium_airport,Forest Hill,AU,Australia,WGA,YSWG,-35.163484,147.46832,yes
YTGM,Thargomindah Airport,medium_airport,Thargomindah,AU,Australia,XTG,YTGM,-27.986368,143.812065,yes
YTNG,Thangool Airport,medium_airport,Biloela,AU,Australia,THG,YTNG,-24.494863,150.577967,yes
YTNK,Tennant Creek Airport,medium_airport,Tennant Creek,AU,Australia,TCA,YTNK,-19.6343994140625,134.18299865722656,yes
YWDH,Windorah Airport,medium_airport,Windorah,AU,Australia,WNR,YWDH,-25.410641,142.668428,yes
YWHA,Whyalla Airport,medium_airport,Whyalla,AU,Australia,WYA,YWHA,-33.05889892578125,137.51400756835938,yes
YWLM,Newcastle Airport,large_airport,Williamtown,AU,Australia,NTL,YWLM,-32.796114,151.835025,yes
YWYY,Wynyard Airport,medium_airport,Burnie,AU,Australia,BWT,YWYY,-40.997039,145.726,yes
ZBAA,Beijing Capital International Airport,large_airport,Beijing,CN,China,PEK,ZBAA,40.077349,116.596702,yes
ZBAD,Beijing Daxing International Airport,large_airport,Beijing,CN,China,PKX,ZBAD,39.501289,116.413967,yes
ZBCD,Chengde Puning Airport,medium_airport,Chengde,CN,China,CDE,ZBCD,41.1225,118.073889,yes
ZBCF,Chifeng Yulong Airport,medium_airport,Chifeng,CN,China,CIF,ZBCF,42.159723,118.840971,yes
ZBDH,Qinhuangdao Beidaihe Airport,medium_airport,Qinhuangdao (Changli),CN,China,BPE,ZBDH,39.666384,119.061384,yes
ZBDS,Ordos Ejin Horo International Airport,large_airport,Ordos,CN,China,DSN,ZBDS,39.493514,109.8599,yes
ZBDT,Datong Yungang International Airport,large_airport,Datong,CN,China,DAT,ZBDT,40.06139,113.480509,yes
ZBER,Erenhot Saiwusu International Airport,medium_airport,Erenhot,CN,China,ERL,ZBER,43.424079,112.091081,yes
ZBES,Arxan Yi'ershi Airport,medium_airport,Arxan,CN,China,YIE,ZBES,47.3106,119.9117,yes
ZBHD,Handan Airport,medium_airport,Handan,CN,China,HDG,ZBHD,36.524824,114.424126,yes
ZBHH,Hohhot Baita International Airport,large_airport,Hohhot,CN,China,HET,ZBHH,40.849658,111.824598,yes
ZBHZ,Holingol Huolinhe Airport,medium_airport,Holingol,CN,China,HUO,ZBHZ,45.487222,119.407222,yes
ZBLA,Hulunbuir Hailar Airport,large_airport,Hailar,CN,China,HLD,ZBLA,49.208616,119.822301,yes
ZBLF,Linfen Yaodu Airport,medium_airport,Linfen (Yaodu),CN,China,LFQ,ZBLF,36.132629,111.641236,yes
ZBLL,Lüliang Dawu Airport,medium_airport,Lüliang,CN,China,LLV,ZBLL,37.683333,111.142778,yes
ZBMZ,Manzhouli Xijiao Airport,medium_airport,Manzhouli,CN,China,NZH,ZBMZ,49.566667,117.33,yes
ZBOW,Baotou Donghe International Airport,large_airport,Baotou,CN,China,BAV,ZBOW,40.560001,109.997002,yes
ZBSG,Shuozhou Zirun Airport,medium_airport,Shuozhou,CN,China,SZH,ZBSG,39.273241,112.691552,yes
ZBSJ,Shijiazhuang Zhengding International Airport,large_airport,Shijiazhuang,CN,China,SJW,ZBSJ,38.280701,114.696999,yes
ZBTJ,Tianjin Binhai International Airport,large_airport,Tianjin,CN,China,TSN,ZBTJ,39.124401092499994,117.346000671,yes
ZBTL,Tongliao Airport,medium_airport,Tongliao,CN,China,TGO,ZBTL,43.556702,122.199997,yes
ZBUC,Ulanqab Jining Airport,medium_airport,Ulanqab,CN,China,UCB,ZBUC,41.130266,113.107274,yes
ZBUH,Wuhai Airport,medium_airport,Wuhai,CN,China,WUA,ZBUH,39.7934,106.7993,yes
ZBXH,Xilinhot Airport,medium_airport,Xilinhot,CN,China,XIL,ZBXH,43.91559982299805,115.96399688720703,yes
ZBYC,Yuncheng Yanhu International Airport,large_airport,Yuncheng (Yanhu),CN,China,YCU,ZBYC,35.117823,111.034023,yes
ZBYN,Taiyuan Wusu International Airport,large_airport,Taiyuan,CN,China,TYN,ZBYN,37.746899,112.627998,yes
ZBYZ,Bayannur Tianjitai Airport,medium_airport,Bayannur,CN,China,RLK,ZBYZ,40.926358,107.74093,yes
ZBZJ,Zhangjiakou Ningyuan Airport,medium_airport,Zhangjiakou,CN,China,ZQZ,ZBZJ,40.738664,114.933395,yes
ZBZL,Zhalantun Genghis Khan Airport,medium_airport,Zhalantun,CN,China,NZL,ZBZL,47.865942,122.768662,yes
ZGBH,Beihai Fucheng Airport,medium_airport,Beihai,CN,China,BHY,ZGBH,21.538659,109.293683,yes
ZGBS,Baise (Bose) Bama Airport,medium_airport,Baise (Tianyang),CN,China,AEB,ZGBS,23.7206,106.959999,yes
ZGCD,Changde Taohuayuan Airport,medium_airport,Changde (Dingcheng),CN,China,CGD,ZGCD,28.9189,111.639999,yes
ZGCJ,Huaihua Zhijiang Airport,medium_airport,Huaihua,CN,China,HJJ,ZGCJ,27.443087,109.704666,yes
ZGCZ,Chenzhou Beihu Airport,medium_airport,Chenzhou,CN,China,HCZ,ZGCZ,25.753419,112.845404,yes
ZGDY,Zhangjiajie Hehua International Airport,large_airport,Zhangjiajie (Yongding),CN,China,DYG,ZGDY,29.104749,110.442786,yes
ZGFS,Foshan Shadi Airport,medium_airport,Foshan (Nanhai),CN,China,FUO,ZGFS,23.0825,113.070833,yes
ZGGG,Guangzhou Baiyun International Airport,large_airport,Guangzhou (Huadu),CN,China,CAN,ZGGG,23.392401,113.299004,yes
ZGHA,Changsha Huanghua International Airport,large_airport,Changsha (Changsha),CN,China,CSX,ZGHA,28.189199,113.220001,yes
ZGHC,Hechi Jinchengjiang Airport,medium_airport,Hechi (Jinchengjiang),CN,China,HCJ,ZGHC,24.804344,107.710819,yes
ZGHZ,Huizhou Pingtan Airport,medium_airport,Huizhou (Pingtan),CN,China,HUZ,ZGHZ,23.049999,114.599998,yes
ZGKL,Guilin Liangjiang International Airport,large_airport,Guilin (Lingui),CN,China,KWL,ZGKL,25.219828,110.039553,yes
ZGLG,Yongzhou Lingling Airport,medium_airport,Yongzhou,CN,China,LLF,ZGLG,26.338661,111.610043,yes
ZGNN,Nanning Wuxu International Airport,large_airport,Nanning (Jiangnan),CN,China,NNG,ZGNN,22.598071,108.181922,yes
ZGOW,Jieyang Chaoshan International Airport,large_airport,Jieyang (Rongcheng),CN,China,SWA,ZGOW,23.552,116.5033,yes
ZGSD,Zhuhai Jinwan Airport,large_airport,Zhuhai (Jinwan),CN,China,ZUH,ZGSD,22.006399,113.375999,yes
ZGSY,Shaoyang Wugang Airport,medium_airport,Shaoyang (Wugang),CN,China,WGN,ZGSY,26.806123,110.641042,yes
ZGSZ,Shenzhen Bao'an International Airport,large_airport,Shenzhen,CN,China,SZX,ZGSZ,22.639474,113.803262,yes
ZGWZ,Wuzhou Xijiang Airport,medium_airport,Tangbu,CN,China,WUZ,ZGWZ,23.40316,111.09331,yes
ZGYL,Yulin Fumian Airport,medium_airport,Yulin,CN,China,YLX,ZGYL,22.433042,110.119996,yes
ZGYY,Yueyang Sanhe Airport,medium_airport,Yueyang (Yueyanglou),CN,China,YYA,ZGYY,29.311699,113.281574,yes
ZGZH,Liuzhou Bailian Airport / Bailian Air Base,medium_airport,Liuzhou (Liujiang),CN,China,LZH,ZGZH,24.2075,109.390999,yes
ZGZJ,Zhanjiang Wuchuan International Airport,large_airport,Zhanjiang,CN,China,ZHA,ZGZJ,21.481667,110.590278,yes
ZHCC,Zhengzhou Xinzheng International Airport,large_airport,Zhengzhou,CN,China,CGO,ZHCC,34.526497,113.849165,yes
ZHEC,Ezhou Huahu International Airport,large_airport,Ezhou,CN,China,EHU,ZHEC,30.341178,115.03926,yes
ZHES,Enshi Xujiaping Airport,medium_airport,Enshi (Enshi),CN,China,ENH,ZHES,30.320299,109.485001,yes
ZHHH,Wuhan Tianhe International Airport,large_airport,Wuhan (Huangpi),CN,China,WUH,ZHHH,30.774798,114.213723,yes
ZHJZ,Jingzhou Shashi Airport,medium_airport,Jingzhou (Shashi),CN,China,SHS,ZHJZ,30.29281,112.44854,yes
ZHLY,Luoyang Beijiao Airport,large_airport,Luoyang (Laocheng),CN,China,LYA,ZHLY,34.7411,112.388,yes
ZHSN,Shennongjia Hongping Airport,medium_airport,Shennongjia (Hongping),CN,China,HPG,ZHSN,31.626,110.34,yes
ZHSY,Shiyan Wudangshan Airport,medium_airport,Shiyan (Maojian),CN,China,WDS,ZHSY,32.592889,110.906296,yes
ZHXF,Xiangyang Liuji Airport,medium_airport,Xiangyang (Xiangzhou),CN,China,XFN,ZHXF,32.152222,112.291666,yes
ZHXY,Xinyang Minggang Airport,medium_airport,Xinyang,CN,China,XAI,ZHXY,32.540819,114.079141,yes
ZHYC,Yichang Sanxia Airport,medium_airport,Yichang (Xiaoting),CN,China,YIH,ZHYC,30.554132,111.482563,yes
ZJHK,Haikou Meilan International Airport,large_airport,Haikou (Meilan),CN,China,HAK,ZJHK,19.9349,110.459,yes
ZJQH,Qionghai Bo'ao Airport,medium_airport,Qionghai (Basuo),CN,China,BAR,ZJQH,19.140951,110.452766,yes
ZJSY,Sanya Phoenix International Airport,large_airport,Sanya (Tianya),CN,China,SYX,ZJSY,18.3029,109.412003,yes
ZKHM,Orang (Chongjin) Airport,medium_airport,Hoemun-ri,KP,North Korea,RGO,ZKHM,41.428538,129.647555,yes
ZKPY,Pyongyang Sunan International Airport,large_airport,Pyongyang,KP,North Korea,FNJ,ZKPY,39.224098,125.669998,yes
ZKSD,Sondok Airport,medium_airport,Sŏndŏng-ni,KP,North Korea,DSO,ZKSD,39.745201,127.473999,yes
ZKWS,Wonsan Kalma Airport,medium_airport,Wonsan,KP,North Korea,WOS,ZKWS,39.165219,127.487931,yes
ZLDH,Dunhuang Mogao International Airport,large_airport,Dunhuang,CN,China,DNH,ZLDH,40.161953,94.812827,yes
ZLDL,Haixi Delingha Airport,medium_airport,Delingha,CN,China,HXD,ZLDL,37.125286,97.268658,yes
ZLGL,Golog Maqên Airport,medium_airport,Golog (Maqên),CN,China,GMQ,ZLGL,34.418066,100.301144,yes
ZLGM,Golmud Airport,medium_airport,Golmud,CN,China,GOQ,ZLGM,36.4006,94.786102,yes
ZLGY,Guyuan Liupanshan Airport,medium_airport,Guyuan (Yuanzhou),CN,China,GYU,ZLGY,36.078889,106.216944,yes
ZLHX,Huatugou Airport,medium_airport,Mengnai,CN,China,HTT,ZLHX,38.201645,90.837843,yes
ZLHZ,Hanzhong Chenggu Airport,medium_airport,Hanzhong (Chenggu),CN,China,HZG,ZLHZ,33.133527,107.203817,yes
ZLIC,Yinchuan Hedong International Airport,large_airport,Yinchuan,CN,China,INC,ZLIC,38.322758,106.393214,yes
ZLJC,Jinchang Jinchuan Airport,medium_airport,Jinchang,CN,China,JIC,ZLJC,38.542222,102.348333,yes
ZLJQ,Jiayuguan International Airport,large_airport,Jiayuguan,CN,China,JGN,ZLJQ,39.859052,98.339344,yes
ZLLL,Lanzhou Zhongchuan International Airport,large_airport,Lanzhou (Yongdeng),CN,China,LHW,ZLLL,36.515202,103.620003,yes
ZLLN,Longnan Chengzhou Airport,medium_airport,Longnan (Cheng),CN,China,LNL,ZLLN,33.789918,105.790014,yes
ZLQY,Qingyang Xifeng Airport,medium_airport,Qingyang (Xifeng),CN,China,IQN,ZLQY,35.802638,107.598896,yes
ZLTS,Tianshui Maijishan Airport,medium_airport,Tianshui (Maiji),CN,China,THQ,ZLTS,34.5601,105.860343,yes
ZLXH,Gannan Xiahe Airport,medium_airport,Gannan (Xiahe),CN,China,GXH,ZLXH,34.819014,102.622261,yes
ZLXN,Xining Caojiabao International Airport,large_airport,Haidong (Huzhu Tu Autonomous County),CN,China,XNN,ZLXN,36.52775,102.040215,yes
ZLXY,Xi'an Xianyang International Airport,large_airport,Xi'an,CN,China,XIY,ZLXY,34.442207,108.762385,yes
ZLYA,Yan'an Nanniwan Airport,medium_airport,Yan'an (Baota),CN,China,ENY,ZLYA,36.479413,109.464083,yes
ZLYL,Yulin Yuyang Airport,medium_airport,Yulin,CN,China,UYN,ZLYL,38.35971,109.590927,yes
ZLYS,Yushu Batang Airport,medium_airport,Yushu (Batang),CN,China,YUS,ZLYS,32.836389,97.036389,yes
ZLZW,Zhongwei Shapotou Airport,medium_airport,Zhongwei (Shapotou),CN,China,ZHY,ZLZW,37.573125,105.154454,yes
ZLZY,Zhangye Ganzhou Airport,medium_airport,Zhangye (Ganzhou),CN,China,YZY,ZLZY,38.801899,100.675003,yes
ZMAH,Arvaikheer Airport,medium_airport,Arvaikheer,MN,Mongolia,AVK,ZMAH,46.250301361083984,102.802001953125,yes
ZMAT,Altai Airport,medium_airport,Altai,MN,Mongolia,LTI,ZMAT,46.376399993896484,96.22109985351562,yes
ZMBH,Bayankhongor Airport,medium_airport,Bayankhongor,MN,Mongolia,BYN,ZMBH,46.1633,100.704002,yes
ZMBN,Bulgan Airport,medium_airport,Bulgan,MN,Mongolia,UGA,ZMBN,48.85499954223633,103.47599792480469,yes
ZMCK,Ulaanbaatar Chinggis Khaan International Airport,large_airport,Ulaanbaatar (Sergelen),MN,Mongolia,UBN,ZMCK,47.646916,106.819833,yes
ZMDZ,Dalanzadgad Airport,medium_airport,Dalanzadgad,MN,Mongolia,DLZ,ZMDZ,43.608628,104.367734,yes
ZMKD,Khovd Airport,medium_airport,Khovd,MN,Mongolia,HVD,ZMKD,47.954102,91.628197,yes
ZMMN,Mörön Airport,medium_airport,Mörön,MN,Mongolia,MXV,ZMMN,49.663677,100.100028,yes
ZMUB,Buyant-Ukhaa International Airport,large_airport,Ulaanbaatar,MN,Mongolia,ULN,ZMUB,47.843102,106.766998,no
ZMUG,Ulaangom Airport,medium_airport,Ulaangom,MN,Mongolia,ULO,ZMUG,50.066588,91.938273,yes
ZMUL,Ölgii Mongolei International Airport,medium_airport,Ölgii,MN,Mongolia,ULG,ZMUL,48.993301,89.922501,yes
ZPBS,Baoshan Yunrui Airport,medium_airport,Baoshan (Longyang),CN,China,BSD,ZPBS,25.053301,99.168297,yes
ZPCW,Cangyuan Washan Airport,medium_airport,Lincang (Cangyuan),CN,China,CWJ,ZPCW,23.276331,99.373169,yes
ZPDL,Dali Fengyi Airport,medium_airport,Dali (Xiaguan),CN,China,DLU,ZPDL,25.649401,100.319,yes
ZPDQ,Diqing Shangri-La Airport,medium_airport,Diqing (Shangri-La),CN,China,DIG,ZPDQ,27.7936,99.6772,yes
ZPJH,Xishuangbanna Gasa International Airport,large_airport,Jinghong (Gasa),CN,China,JHG,ZPJH,21.974648,100.762224,yes
ZPJM,Lancang Jingmai Airport,medium_airport,Pu'er (Lancang),CN,China,JMJ,ZPJM,22.417733,99.784012,yes
ZPLC,Lincang Boshang Airport,medium_airport,Lincang,CN,China,LNJ,ZPLC,23.7381,100.025002,yes
ZPLJ,Lijiang Sanyi International Airport,large_airport,Lijiang,CN,China,LJG,ZPLJ,26.677483,100.244944,yes
ZPMS,Dehong Mangshi International Airport,medium_airport,Dehong (Mangshi),CN,China,LUM,ZPMS,24.4011,98.5317,yes
ZPPP,Kunming Changshui International Airport,large_airport,Kunming,CN,China,KMG,ZPPP,25.110313,102.936743,yes
ZSAM,Xiamen Gaoqi International Airport,large_airport,Xiamen,CN,China,XMN,ZSAM,24.543889,118.127454,yes
ZSAQ,Anqing Tianzhushan Airport / Anqing North Air Base,medium_airport,Anqing,CN,China,AQG,ZSAQ,30.582199,117.050003,yes
ZSCG,Changzhou Benniu International Airport,medium_airport,Changzhou,CN,China,CZX,ZSCG,31.920485,119.77546,yes
ZSCN,Nanchang Changbei International Airport,large_airport,Nanchang,CN,China,KHN,ZSCN,28.864815,115.90271,yes
ZSDY,Dongying Shengli Airport,medium_airport,Dongying (Kenli),CN,China,DOY,ZSDY,37.50137,118.789863,yes
ZSFY,Fuyang Xiguan Airport,medium_airport,"Yingzhou, Fuyang",CN,China,FUG,ZSFY,32.882157,115.734364,yes
ZSFZ,Fuzhou Changle International Airport,large_airport,Fuzhou (Changle),CN,China,FOC,ZSFZ,25.929254,119.672524,yes
ZSHC,Hangzhou Xiaoshan International Airport,large_airport,Hangzhou,CN,China,HGH,ZSHC,30.23609,120.428865,yes
ZSHZ,Heze Mudan Airport,medium_airport,Heze (Dingtao),CN,China,HZA,ZSHZ,35.212972,115.736748,yes
ZSJD,Jingdezhen Luojia Airport,medium_airport,Jingdezhen,CN,China,JDZ,ZSJD,29.3386,117.176003,yes
ZSJG,Jining Da'an Airport,medium_airport,Jining,CN,China,JNG,ZSJG,35.647358,116.743269,yes
ZSJN,Jinan Yaoqiang International Airport,large_airport,Jinan (Licheng),CN,China,TNA,ZSJN,36.857201,117.216003,yes
ZSJU,Quzhou Airport,medium_airport,Quzhou (Kezheng),CN,China,JUZ,ZSJU,28.96613,118.898793,yes
ZSLG,Lianyungang Huaguoshan International Airport,large_airport,Lianyungang,CN,China,LYG,ZSLG,34.41406,119.17899,yes
ZSLO,Liancheng Guanzhishan Airport,medium_airport,Longyan (Liancheng),CN,China,LCX,ZSLO,25.67592,116.745907,yes
ZSLQ,Taizhou Luqiao Airport,medium_airport,Taizhou (Luqiao),CN,China,HYN,ZSLQ,28.562201,121.429001,yes
ZSLY,Linyi Qiyang Airport,medium_airport,Linyi (Hedong),CN,China,LYI,ZSLY,35.052918,118.411828,yes
ZSNB,Ningbo Lishe International Airport,large_airport,Ningbo,CN,China,NGB,ZSNB,29.82670021057129,121.46199798583984,yes
ZSNJ,Nanjing Lukou International Airport,large_airport,Nanjing,CN,China,NKG,ZSNJ,31.735032,118.865949,yes
ZSNT,Nantong Xingdong International Airport,medium_airport,Nantong (Tongzhou),CN,China,NTG,ZSNT,32.073566,120.980076,yes
ZSOF,Hefei Xinqiao International Airport,large_airport,Hefei,CN,China,HFE,ZSOF,31.98779,116.9769,yes
ZSPD,Shanghai Pudong International Airport,large_airport,Shanghai (Pudong),CN,China,PVG,ZSPD,31.1434,121.805,yes
ZSQD,Qingdao Jiaodong International Airport,large_airport,Qingdao (Jiaozhou),CN,China,TAO,ZSQD,36.361953,120.088171,yes
ZSQZ,Quanzhou Jinjiang International Airport,large_airport,Quanzhou,CN,China,JJN,ZSQZ,24.795855,118.588599,yes
ZSRZ,Rizhao Shanzihe Airport,medium_airport,Rizhao (Donggang),CN,China,RIZ,ZSRZ,35.405033,119.324403,yes
ZSSH,Huai'an Lianshui Airport,large_airport,Huai'an,CN,China,HIA,ZSSH,33.792712,119.126657,yes
ZSSM,Sanming Shaxian Airport,medium_airport,Sanming (Sha),CN,China,SQJ,ZSSM,26.4263,117.8336,yes
ZSSR,Shangrao Sanqingshan Airport,medium_airport,Shangrao (Hengfeng),CN,China,SQD,ZSSR,28.3797,117.9643,yes
ZSSS,Shanghai Hongqiao International Airport,large_airport,Shanghai (Minhang),CN,China,SHA,ZSSS,31.198104,121.33426,yes
ZSTX,Huangshan Tunxi International Airport,large_airport,Huangshan,CN,China,TXN,ZSTX,29.733299,118.255997,yes
ZSWA,Wuhu Xuanzhou Airport,medium_airport,Wuhu,CN,China,WHA,ZSWA,31.1045,118.66687,yes
ZSWF,Weifang Nanyuan Airport,medium_airport,Weifang (Kuiwen),CN,China,WEF,ZSWF,36.646702,119.119003,yes
ZSWH,Weihai Dashuibo Airport,medium_airport,Weihai,CN,China,WEH,ZSWH,37.187099,122.228996,yes
ZSWX,Sunan Shuofang International Airport,large_airport,Wuxi,CN,China,WUX,ZSWX,31.496952,120.43038,yes
ZSWY,Nanping Wuyishan Airport,medium_airport,Wuyishan,CN,China,WUS,ZSWY,27.7019,118.000999,yes
ZSWZ,Wenzhou Longwan International Airport,large_airport,Wenzhou (Longwan),CN,China,WNZ,ZSWZ,27.910572,120.853465,yes
ZSXZ,Xuzhou Guanyin International Airport,medium_airport,Xuzhou,CN,China,XUZ,ZSXZ,34.059056,117.555278,yes
ZSYA,Yangzhou Taizhou Airport,medium_airport,Yangzhou,CN,China,YTY,ZSYA,32.5634,119.7198,yes
ZSYC,Yichun Mingyueshan Airport,medium_airport,Yichun,CN,China,YIC,ZSYC,27.8025,114.3062,yes
ZSYN,Yancheng Nanyang International Airport,large_airport,Yancheng (Tinghu),CN,China,YNZ,ZSYN,33.428317,120.20545,yes
ZSYT,Yantai Penglai International Airport,large_airport,Yantai,CN,China,YNT,ZSYT,37.659724,120.978124,yes
ZSYW,Yiwu Airport,large_airport,Yiwu/Jinhua,CN,China,YIW,ZSYW,29.342095,120.03116,yes
ZSZS,Zhoushan Putuoshan International Airport,large_airport,Zhoushan,CN,China,HSN,ZSZS,29.933874,122.362307,yes
ZUAL,Ngari Gunsa Airport,medium_airport,Shiquanhe,CN,China,NGQ,ZUAL,32.09794,80.053971,yes
ZUAS,Anshun Huangguoshu Airport,medium_airport,Anshun (Xixiu),CN,China,AVA,ZUAS,26.260556,105.873333,yes
ZUBD,Qamdo Bangda Airport,medium_airport,Bangda,CN,China,BPX,ZUBD,30.553600311279297,97.1082992553711,yes
ZUBJ,Bijie Feixiong Airport,medium_airport,Bijie,CN,China,BFJ,ZUBJ,27.267066,105.472097,yes
ZUCK,Chongqing Jiangbei International Airport,large_airport,Chongqing,CN,China,CKG,ZUCK,29.712254,106.651895,yes
ZUDA,Dazhou Jinya Airport,medium_airport,Dazhou (Dachuan),CN,China,DZH,ZUDA,31.048815,107.435646,yes
ZUDC,Daocheng Yading Airport,medium_airport,Garzê (Daocheng),CN,China,DCY,ZUDC,29.31632,100.060317,yes
ZUGU,Guangyuan Panlong Airport,medium_airport,Guangyuan (Lizhou),CN,China,GYS,ZUGU,32.390254,105.694571,yes
ZUGY,Guiyang Longdongbao International Airport,large_airport,Guiyang (Nanming),CN,China,KWE,ZUGY,26.541805,106.80402,yes
ZUJZ,Jiuzhai Huanglong Airport,medium_airport,Ngawa (Songpan),CN,China,JZH,ZUJZ,32.853333,103.682222,yes
ZUKD,Kangding Airport,medium_airport,Garzê (Kangding),CN,China,KGT,ZUKD,30.142464,101.73872,yes
ZUKJ,Kaili Huangping Airport,medium_airport,Kaili  (Huangping),CN,China,KJH,ZUKJ,26.972,107.988,yes
ZULS,Lhasa Gonggar International Airport,large_airport,Shannan (Gonggar),CN,China,LXA,ZULS,29.298001,90.911951,yes
ZULZ,Luzhou Yunlong Airport,medium_airport,Luzhou (Yunlong),CN,China,LZO,ZULZ,29.030357,105.468407,yes
ZUMT,Zunyi Maotai Airport,medium_airport,Zunyi,CN,China,WMT,ZUMT,27.961837,106.435416,yes
ZUMY,Mianyang Nanjiao Airport,medium_airport,Mianyang (Fucheng),CN,China,MIG,ZUMY,31.428101,104.740997,yes
ZUNP,Liping Airport,medium_airport,Liping,CN,China,HZH,ZUNP,26.32217,109.1499,yes
ZUNZ,Nyingchi Mainling Airport,medium_airport,Nyingchi (Mainling),CN,China,LZY,ZUNZ,29.303301,94.335297,yes
ZUPS,Liupanshui Yuezhao Airport,medium_airport,Liupanshui (Zhongshan),CN,China,LPF,ZUPS,26.609417,104.979,yes
ZUQJ,Qianjiang Wulingshan Airport,medium_airport,Qianjiang,CN,China,JIQ,ZUQJ,29.5133333333,108.831111111,yes
ZURK,Xigaze Peace Airport / Shigatse Air Base,large_airport,Xigazê (Samzhubzê),CN,China,RKZ,ZURK,29.350876,89.299157,yes
ZUTC,Tengchong Tuofeng Airport,medium_airport,Baoshan (Tengchong),CN,China,TCZ,ZPTC,24.938056,98.485833,yes
ZUTF,Chengdu Tianfu International Airport,large_airport,Chengdu (Jianyang),CN,China,TFU,ZUTF,30.31252,104.441284,yes
ZUTR,Tongren Fenghuang Airport,medium_airport,Tongren (Daxing),CN,China,TEN,ZUTR,27.883333,109.308889,yes
ZUUU,Chengdu Shuangliu International Airport,large_airport,Chengdu (Shuangliu),CN,China,CTU,ZUUU,30.558257,103.945966,yes
ZUWL,Chongqing Xiannüshan Airport,medium_airport,Wulong,CN,China,CQW,ZUWL,29.465658,107.693664,yes
ZUXC,Xichang Qingshan Airport,medium_airport,Liangshan (Xichang),CN,China,XIC,ZUXC,27.9891,102.183998,yes
ZUYB,Yibin Wuliangye Airport,medium_airport,Yibin (Cuiping),CN,China,YBP,ZUYB,28.858431,104.526157,yes
ZUYI,Xingyi Wanfenglin Airport,medium_airport,Xingyi,CN,China,ACX,ZUYI,25.083423,104.960804,yes
ZUZH,Panzhihua Bao'anying Airport,medium_airport,Panzhihua (Renhe),CN,China,PZI,ZUZH,26.54,101.79852,yes
ZUZY,Zunyi Xinzhou Airport,medium_airport,Zunyi,CN,China,ZYI,ZUZY,27.810723,107.247189,yes
ZWAK,Aksu Hongqipo Airport,medium_airport,Aksu (Onsu),CN,China,AKU,ZWAK,41.262501,80.291702,yes
ZWAT,Altay Xuedu Airport,medium_airport,Altay,CN,China,AAT,ZWAT,47.749886,88.085808,yes
ZWBL,Bole Alashankou Airport,medium_airport,Bole,CN,China,BPL,ZWBL,44.895461,82.30007,yes
ZWCM,Qiemo Yudu Airport,medium_airport,Qiemo,CN,China,IQM,ZWCM,38.234516,85.465462,yes
ZWFY,Fuyun Koktokay Airport,medium_airport,Fuyun,CN,China,FYN,ZWFY,46.804169,89.512006,yes
ZWHM,Hami Airport,medium_airport,Hami,CN,China,HMI,ZWHM,42.8414,93.669197,yes
ZWKL,Korla Licheng Airport,medium_airport,Korla,CN,China,KRL,ZWKL,41.614979,86.140817,yes
ZWKN,Burqin Kanas Airport,medium_airport,Burqin,CN,China,KJI,ZWKN,48.2223,86.9959,yes
ZWNL,Xinyuan Nalati Airport,medium_airport,Xinyuan,CN,China,NLT,ZWNL,43.4318,83.3786,yes
ZWRQ,Ruoqiang Loulan Airport,medium_airport,Ruoqiang Town,CN,China,RQA,ZWRQ,38.974722,88.008333,yes
ZWSC,Shache Airport,medium_airport,Shache,CN,China,QSZ,ZWSC,38.24542,77.056149,yes
ZWSH,Kashgar Laining International Airport,large_airport,Kashgar,CN,China,KHG,ZWSH,39.542273,76.02023,yes
ZWTL,Turpan Jiaohe Airport,medium_airport,Turpan,CN,China,TLQ,ZWTL,43.0308,89.0987,yes
ZWTN,Hotan Airport,medium_airport,Hotan,CN,China,HTN,ZWTN,37.03850173950195,79.86489868164062,yes
ZWWW,Ürümqi Tianshan International Airport,large_airport,Ürümqi,CN,China,URC,ZWWW,43.913584,87.479372,yes
ZWYN,Ili Yining International Airport,medium_airport,Ili (Yining / Ghulja),CN,China,YIN,ZWYN,43.955799,81.330299,yes
ZYAS,Anshan Teng'ao Airport / Anshan Air Base,medium_airport,Anshan,CN,China,AOG,ZYAS,41.105301,122.853996,yes
ZYBA,Baicheng Chang'an Airport,medium_airport,Baicheng,CN,China,DBC,ZYBA,45.505278,123.019722,yes
ZYBS,Changbaishan Airport,medium_airport,Baishan,CN,China,NBS,ZYBS,42.066944,127.602222,yes
ZYCC,Changchun Longjia International Airport,large_airport,Changchun,CN,China,CGQ,ZYCC,43.996201,125.684998,yes
ZYCY,Chaoyang Airport,medium_airport,"Shuangta, Chaoyang",CN,China,CHG,ZYCY,41.538101,120.434998,yes
ZYDD,Dandong Langtou International Airport,medium_airport,Dandong (Zhenxing),CN,China,DDG,ZYDD,40.025453,124.28669,yes
ZYDU,Wudalianchi Dedu Airport,medium_airport,Heihe,CN,China,DTU,ZYDU,48.441037,126.128374,yes
ZYFY,Fuyuan Dongji Airport,medium_airport,Fuyuan,CN,China,FYJ,ZYFY,48.197219,134.36298,yes
ZYHB,Harbin Taiping International Airport,large_airport,Harbin,CN,China,HRB,ZYHB,45.623402,126.25,yes
ZYHE,Heihe Aihui Airport,medium_airport,Heihe,CN,China,HEK,ZYHE,50.171621,127.308884,yes
ZYJD,Daxing'anling Elunchun Airport,medium_airport,Jiagedaqi,CN,China,JGD,ZYJD,50.371389,124.1175,yes
ZYJM,Jiamusi Songjiang International Airport,medium_airport,Jiamusi,CN,China,JMU,ZYJM,46.842793,130.46426,yes
ZYJS,Jiansanjiang Shidi Airport,medium_airport,Jiansanjiang,CN,China,JSJ,ZYJS,47.108248,132.65792,yes
ZYJX,Jixi Xingkaihu Airport,medium_airport,Jixi,CN,China,JXA,ZYJX,45.293,131.193,yes
ZYJZ,Jinzhou Bay Airport,medium_airport,Jinzhou (Linghai),CN,China,JNZ,ZYJZ,40.936032,121.277114,yes
ZYLD,Yichun Lindu Airport,medium_airport,Yichun,CN,China,LDS,ZYLD,47.752056,129.019125,yes
ZYMD,Mudanjiang Hailang International Airport,medium_airport,Mudanjiang,CN,China,MDG,ZYMD,44.525172,129.568634,yes
ZYMH,Mohe Gulian Airport,medium_airport,Mohe,CN,China,OHE,ZYMH,52.916871,122.422759,yes
ZYQQ,Qiqihar Sanjiazi Airport,large_airport,Qiqihar,CN,China,NDG,ZYQQ,47.229969,123.914179,yes
ZYSQ,Songyuan Chaganhu Airport,medium_airport,Qian Gorlos Mongol Autonomous County,CN,China,YSQ,ZYSQ,44.931143,124.552121,yes
ZYTL,Dalian Zhoushuizi International Airport,large_airport,Dalian (Ganjingzi),CN,China,DLC,ZYTL,38.965719,121.538477,yes
ZYTN,Tonghua Sanyuanpu Airport,medium_airport,Tonghua,CN,China,TNH,ZYTN,42.048435,125.733963,yes
ZYTX,Shenyang Taoxian International Airport,large_airport,Shenyang,CN,China,SHE,ZYTX,41.6398,123.483668,yes
ZYYJ,Yanji Chaoyangchuan Airport,medium_airport,Yanji,CN,China,YNJ,ZYYJ,42.8828010559,129.451004028,yes
ZYYK,Yingkou Lanqi Airport,medium_airport,Yingkou (Laobian),CN,China,YKH,ZYYK,40.542524,122.3586,yes
